time,latitude,longitude,depth,mag,magType,nst,gap,dmin,rms,net,id,updated,place,type,horizontalError,depthError,magError,magNst,status,locationSource,magSource
2025-11-07T12:59:21.389Z,27.9291,-111.9045,10,4.6,mb,12,118,0.676,0.69,us,us6000rm33,2025-11-07T14:33:57.040Z,"74 km NNE of Santa Rosalía, Mexico",earthquake,6.65,2.016,0.045,144,reviewed,us,us
2025-11-07T12:16:06.897Z,27.9037,-111.9829,10,4.9,mb,55,118,0.625,0.97,us,us7000rdyu,2025-11-30T13:49:32.045Z,"68 km NNE of Santa Rosalía, Mexico",earthquake,7.09,1.926,0.074,57,reviewed,us,us
2025-11-07T12:04:30.567Z,27.9761,-111.9866,10,5.6,mww,140,62,0.692,0.64,us,us6000rm2p,2025-11-08T13:59:22.455Z,"75 km NNE of Santa Rosalía, Mexico",earthquake,6.68,1.798,0.032,91,reviewed,us,us
2025-11-06T16:36:10.062Z,27.9191,-111.9047,10,4.8,mww,129,61,0.667,0.83,us,us6000rlvz,2025-11-30T13:49:16.404Z,"73 km NNE of Santa Rosalía, Mexico",earthquake,6.61,1.905,0.05,39,reviewed,us,us
2025-11-06T13:25:58.668Z,28.107,-111.8724,30.798,4.7,mb,48,175,3.921,0.6,us,us6000rlvh,2025-11-28T20:42:21.810Z,"73 km SSW of La Providencia, Mexico",earthquake,10.09,6.461,0.044,159,reviewed,us,us
2025-08-30T18:59:53.401Z,41.1396,-116.7192,8.1,4.8,mw,9,138.72999999999996,1.186,0.4162,nn,nn00903470,2025-11-29T19:10:06.689Z,"51 km NE of Valmy, Nevada",earthquake,,15.8,,,reviewed,nn,nn
2025-08-17T07:55:58.716Z,25.842,-110.2577,10,4.9,mww,53,139,2.306,0.84,us,us6000r1pq,2025-11-04T16:43:50.040Z,"92 km W of Las Grullas Margen Derecha, Mexico",earthquake,6.59,1.844,0.043,52,reviewed,us,us
2025-06-29T02:37:58.310Z,37.316,-117.920666666667,11.6,4.54,mw,65,69,0.3013,0.1,nc,nc75202001,2025-11-30T02:48:09.665Z,"8 km SSE of Deep Springs, CA",earthquake,0.23,0.57,,12,reviewed,nc,nc
2025-06-05T03:26:21.403Z,27.6867,-102.7938,4,4.9,mww,115,44,1.176,0.69,us,us6000qi1q,2025-08-20T16:08:55.040Z,"56 km NW of Ocampo, Mexico",earthquake,4.13,1.846,0.063,24,reviewed,us,us
2025-05-26T08:17:57.630Z,40.2655,-124.637,2.92,4.63,mw,78,230,0.2596,0.26,nc,nc75186621,2025-08-13T15:14:32.040Z,"31 km W of Petrolia, CA",earthquake,0.53,0.9,,12,reviewed,nc,nc
2025-05-04T01:47:05.553Z,31.647,-104.458,7.5354,5.4,ml,12,69,0,0.1,tx,tx2025iqwk,2025-11-30T01:57:08.508Z,"59 km S of Whites City, New Mexico",earthquake,2.0135156122329034,0.6332068214402948,0.1,35,reviewed,tx,tx
2025-04-14T17:08:28.110Z,33.0358333,-116.5948333,14.29,5.21,mw,119,20,0.04508,0.21,ci,ci40925991,2025-12-01T17:18:42.619Z,"5 km S of Julian, CA",earthquake,0.12,0.3,,6,reviewed,ci,ci
2025-03-03T13:02:37.850Z,48.61116666666667,-122.80516666666666,15.81,4.5,ml,82,31,0.00635,0.18,uw,uw62078906,2025-12-01T13:12:51.131Z,"2025 Orcas Island, Washington",earthquake,0.14,0.22,0.2011245048672965,204,reviewed,uw,uw
2025-02-28T19:33:24.297Z,32.37,-101.926,6.8115,4.8,ml,43,41,0,0,tx,tx2025edml,2025-11-28T19:43:39.082Z,"26 km SW of Ackerly, Texas",earthquake,0.4890083280411055,1.4946286777463191,0.2,45,reviewed,tx,tx
2025-02-21T21:26:32.781Z,49.6928,-123.5454,10,4.8,mww,37,45,0.954,1.07,us,us7000pfbs,2025-08-25T23:28:48.302Z,"28 km W of Squamish, Canada",earthquake,3.69,1.9,0.052,35,reviewed,us,us
2025-02-18T12:16:28.873Z,31.711,-104.502,3.8953,4.7,ml,6,110,0,0.1,tx,tx2025dkql,2025-05-06T12:26:43.036Z,"52 km SSW of Whites City, New Mexico",earthquake,0.5980317782578974,1.1220820869052264,0.1,18,reviewed,tx,tx
2025-02-15T05:23:21.429Z,31.661,-104.18,6.0999,5,ml,18,61,0.1,0.1,tx,tx2025deqh,2025-11-29T05:33:23.685Z,"53 km NW of Toyah, Texas",earthquake,0.634105331574521,1.0110250127169083,0.1,10,reviewed,tx,tx
2025-01-30T03:26:36.879Z,29.058,-97.846,6.8365,4.6,ml,21,79,0.1,0.1,tx,tx2025cbgl,2025-11-27T03:36:39.696Z,"18 km ENE of Falls City, Texas",earthquake,0.5844318612232878,0.7409669558703997,0.1,26,reviewed,tx,tx
2025-01-02T02:34:04.660Z,38.8455,-122.756333333333,1.42,4.65,mw,115,44,0.009316,0.08,nc,nc75111126,2025-11-27T02:44:20.163Z,"4 km NW of Cobb, CA",earthquake,0.09,0.15,,21,reviewed,nc,nc
2024-12-09T23:08:31.577Z,39.1675,-119.0238,9.3,5.7,mw,32,41.37,0.248,0.1163,nn,nn00888580,2025-11-24T23:18:43.135Z,"2024 Parker Butte, Nevada Earthquake",earthquake,,2.4,,,reviewed,nn,nn
2024-12-05T18:46:29.660Z,40.349,-124.915,12.51,4.67,ml,54,241,0.4418,0.2,nc,nc75001903,2025-02-15T18:30:02.040Z,"53 km WNW of Petrolia, CA",earthquake,0.83,1.04,0.102,9,reviewed,nc,nc
2024-10-25T15:04:23.620Z,36.5508333,-117.056,4.58,4.54,ml,34,147,0.5094,0.16,ci,ci40964384,2025-01-04T23:08:10.040Z,"10 km SE of Stovepipe Wells, CA",earthquake,0.26,31.61,0.109,15,reviewed,ci,ci
2024-10-25T08:05:08.290Z,36.6016667,-117.0911667,3.98,4.72,mw,35,146,0.3829,0.17,ci,ci40964128,2025-10-25T08:15:16.080Z,"5 km E of Stovepipe Wells, CA",earthquake,0.31,31.61,,6,reviewed,ci,ci
2024-10-14T09:18:51.176Z,28.7509,-112.8022,10,5,mww,31,157,1.51,0.85,us,us6000nyjn,2024-12-26T23:03:56.040Z,"84 km W of Bahía de Kino, Mexico",earthquake,6.47,1.908,0.037,71,reviewed,us,us
2024-09-17T00:49:42.183Z,32.411,-102.057,6.1279,5.1,ml,24,38,0,0.1,tx,tx2024shcj,2025-10-17T17:02:13.680Z,"2024 North of Tarzan, Texas Earthquake",earthquake,0.3981616478802514,1.1197002263204534,0.2,36,reviewed,tx,tx
2024-09-12T14:28:21.610Z,34.0565,-118.8126667,11.35,4.69,mw,145,101,0.03238,0.29,ci,ci40731623,2025-10-25T00:14:50.859Z,"6 km N of Malibu, CA",earthquake,0.23,0.34,,6,reviewed,ci,ci
2024-08-07T04:10:44.540Z,35.1088333,-119.115,11.98,4.6,ml,49,50,0.05627,0.24,ci,ci40865192,2025-03-09T20:53:50.153Z,"25 km SW of Lamont, CA",earthquake,0.22,0.79,0.118,30,reviewed,ci,ci
2024-08-07T04:09:56.760Z,35.109,-119.097,11.6,5.22,mw,101,21,0.05144,0.26,ci,ci40865184,2025-08-07T04:20:12.594Z,"24 km SW of Lamont, CA",earthquake,0.19,0.78,,6,reviewed,ci,ci
2024-07-29T20:00:52.590Z,34.9503333,-116.7866667,7.26,4.87,mw,53,57,0.1883,0.16,ci,ci40675215,2025-11-21T23:10:24.050Z,"22 km ENE of Barstow, CA",earthquake,0.14,0.72,,6,reviewed,ci,ci
2024-07-27T21:08:31.409Z,32.744,-100.696,3.4424,4.5,ml,44,38,0.1,0.3,tx,tx2024orqm,2024-10-09T00:18:00.572Z,"13 km NNE of Hermleigh, Texas",earthquake,1.6034596516963777,1.6350194811015057,0.1,33,reviewed,tx,tx
2024-07-26T14:28:29.143Z,32.766,-100.659,3.2959,5.1,ml,38,30,0.1,0.3,tx,tx2024ophu,2025-07-26T14:38:42.328Z,"17 km NNE of Hermleigh, Texas",earthquake,1.7481024574264894,1.5279342440950845,0.1,43,reviewed,tx,tx
2024-07-23T03:38:42.943Z,32.766,-100.659,3.1982,4.9,ml,37,48,0.1,0.4,tx,tx2024oizv,2025-02-28T19:40:13.669Z,"17 km NNE of Hermleigh, Texas",earthquake,1.2552708581430112,1.4674164174732955,0.1,53,reviewed,tx,tx
2024-07-03T11:44:27.126Z,26.6717,-111.0789,10,5.3,mww,30,183,1.221,0.71,us,us6000na0d,2024-09-12T21:52:26.040Z,"77 km NNE of Loreto, Mexico",earthquake,6.52,1.919,0.037,69,reviewed,us,us
2024-06-05T11:58:40.930Z,32.4225,-115.1796667,15.58,4.57,mw,37,55,0.06498,0.38,ci,ci40614823,2024-10-09T06:19:30.798Z,"8 km N of Delta, B.C., MX",earthquake,0.49,0.82,,6,reviewed,ci,ci
2024-06-05T07:55:01.321Z,27.6916,-111.6015,10,4.5,mwr,73,75,0.678,1.03,us,us7000mqfg,2024-08-16T21:59:19.040Z,"62 km WSW of San Carlos, Mexico",earthquake,3.19,1.917,0.041,56,reviewed,us,us
2024-05-12T19:04:00.050Z,32.4115,-115.247,11.21,4.58,mw,38,44,0.0497,0.39,ci,ci40747088,2025-03-24T22:19:33.856Z,"8 km NW of Delta, B.C., MX",earthquake,0.43,1.02,,6,reviewed,ci,ci
2024-05-12T18:22:42.200Z,32.4246667,-115.2405,8.49,4.86,mw,39,44,0.05479,0.38,ci,ci40746912,2025-05-12T18:32:50.917Z,"9 km NNW of Delta, B.C., MX",earthquake,0.4,1.1,,6,reviewed,ci,ci
2024-04-18T16:13:43.088Z,26.1164,-110.6834,10,4.5,mb,40,145,2.034,0.92,us,us7000mcz1,2024-06-25T21:03:02.040Z,"67 km E of Loreto, Mexico",earthquake,5.73,1.766,0.069,62,reviewed,us,us
2024-04-18T15:12:30.391Z,25.7087,-110.7948,10,5.6,mww,26,197,2.062,0.63,us,us7000mcxe,2024-06-25T21:03:01.040Z,"64 km ESE of Loreto, Mexico",earthquake,8.15,1.965,0.035,78,reviewed,us,us
2024-04-18T07:39:39.658Z,26.2783,-110.56,10,5.2,mww,217,120,1.826,0.78,us,us7000mcu3,2024-06-25T21:02:59.040Z,"84 km ENE of Loreto, Mexico",earthquake,8.54,1.883,0.042,55,reviewed,us,us
2024-04-17T13:52:46.098Z,26.271,-110.6183,10,4.7,mww,150,156,1.787,0.6,us,us7000mcpe,2024-06-25T21:02:54.040Z,"78 km ENE of Loreto, Mexico",earthquake,8.55,1.904,0.071,19,reviewed,us,us
2024-04-17T11:58:07.963Z,26.2305,-110.6018,10,4.9,mww,87,175,1.823,0.46,us,us7000mcmt,2024-06-25T21:02:54.040Z,"78 km ENE of Loreto, Mexico",earthquake,9.67,1.926,0.05,38,reviewed,us,us
2024-04-17T01:45:14.861Z,26.1567,-110.4997,10,5,mww,73,67,1.427,0.76,us,us7000mckg,2024-06-25T21:02:52.040Z,"86 km E of Loreto, Mexico",earthquake,5.12,1.852,0.049,40,reviewed,us,us
2024-04-05T14:23:20.045Z,40.6963,-74.7596,2.624,4.8,mwr,245,54,0.684,0.63,us,us7000ma74,2025-08-08T01:35:03.692Z,"2024 Tewksbury, New Jersey Earthquake",earthquake,0.9,3.316,0.027,130,reviewed,us,us
2024-02-29T13:47:08.263Z,26.0693,-110.5557,10,4.7,mb,31,136,1.444,0.94,us,us6000mgxb,2024-05-10T21:25:59.040Z,"79 km E of Loreto, Mexico",earthquake,5.86,1.945,0.224,6,reviewed,us,us
2024-02-26T17:25:43.465Z,44.3907,-116.1108,12.164,4.9,mww,113,41,0.375,0.65,us,us7000m1pd,2025-02-25T17:35:48.294Z,"10 km N of Smiths Ferry, Idaho",earthquake,5.01,4.653,0.037,69,reviewed,us,us
2024-02-21T13:05:35.944Z,26.0831,-110.7502,10,4.6,mb,58,169,1.815,0.53,us,us7000m0jh,2024-05-02T15:50:12.040Z,"60 km E of Loreto, Mexico",earthquake,9.64,1.938,0.077,50,reviewed,us,us
2024-02-18T04:41:13.072Z,26.2637,-110.731,10,4.5,mb,47,167,1.711,1.11,us,us7000lzyk,2024-04-24T14:42:05.040Z,"67 km ENE of Loreto, Mexico",earthquake,9.59,1.919,0.065,71,reviewed,us,us
2024-02-17T06:32:52.188Z,28.948,-98.027,7.2497,4.5,ml,17,72,0,0.1,tx,tx2024dijp,2025-07-02T20:14:47.313Z,"3 km SSW of Falls City, Texas",earthquake,0.7102543318740584,0.6319529821736043,0.2,7,reviewed,tx,tx
2024-02-15T06:38:55.302Z,26.1836,-110.6858,10,5.1,mww,95,138,1.793,0.87,us,us7000lzcc,2024-04-24T14:42:03.040Z,"68 km ENE of Loreto, Mexico",earthquake,7.29,1.929,0.043,51,reviewed,us,us
2024-02-12T08:42:48.620Z,32.7998333,-115.5655,15.76,4.56,mw,69,39,0.0541,0.3,ci,ci40666368,2025-08-13T14:26:46.530Z,"2 km NNW of El Centro, CA",earthquake,0.25,0.39,,6,reviewed,ci,ci
2024-02-12T08:36:25.460Z,32.8135,-115.5735,17.93,4.81,mw,71,39,0.05943,0.34,ci,ci40666288,2025-02-11T08:46:41.778Z,"3 km NNW of El Centro, CA",earthquake,0.3,0.56,,6,reviewed,ci,ci
2024-02-10T05:18:49.765Z,26.2077,-110.7458,10,4.5,mb,32,90,1.736,1.03,us,us7000ly7p,2024-04-20T19:35:00.040Z,"64 km ENE of Loreto, Mexico",earthquake,4.93,1.924,0.11,24,reviewed,us,us
2024-02-09T21:47:27.320Z,34.0575,-118.9076667,15.28,4.61,mw,139,120,0.0536,0.28,ci,ci40664632,2024-10-21T23:37:02.078Z,"11 km WNW of Malibu, CA",earthquake,0.23,0.28,,6,reviewed,ci,ci
2024-02-09T20:05:29.564Z,25.856,-110.7076,10,4.6,mww,77,167,1.526,0.75,us,us7000ly2s,2024-04-20T19:34:45.040Z,"66 km ESE of Loreto, Mexico",earthquake,9.23,1.953,0.078,16,reviewed,us,us
2024-02-09T13:22:53.198Z,26.182,-110.5001,8.368,4.9,mww,104,131,1.437,0.55,us,us7000lxzi,2024-04-20T19:34:39.040Z,"86 km ENE of Loreto, Mexico",earthquake,7.19,3.683,0.083,14,reviewed,us,us
2024-02-08T22:35:59.158Z,26.0178,-110.773,5.867,5,mww,74,147,1.846,0.98,us,us7000lxvl,2024-04-20T19:34:22.040Z,"57 km E of Loreto, Mexico",earthquake,6.51,4.043,0.061,26,reviewed,us,us
2024-02-08T20:01:44.491Z,26.1803,-110.7543,10,5.1,mww,97,141,1.748,0.72,us,us7000lxuk,2024-04-20T19:34:18.040Z,"62 km ENE of Loreto, Mexico",earthquake,5.95,1.854,0.042,55,reviewed,us,us
2024-02-08T09:22:05.345Z,26.1265,-110.587,10,4.8,mww,82,147,1.489,1.11,us,us7000lxq4,2024-04-20T19:34:08.040Z,"77 km E of Loreto, Mexico",earthquake,2.87,1.876,0.051,37,reviewed,us,us
2024-02-04T23:22:42.705Z,26.2253,-110.6466,10,4.7,mww,28,136,1.575,0.85,us,us7000lwzq,2024-04-13T19:38:03.040Z,"74 km ENE of Loreto, Mexico",earthquake,3.26,1.885,0.078,16,reviewed,us,us
2024-02-03T05:24:28.269Z,35.53433333,-96.76383333,3,5.06,mww,64,98,0,0.25,ok,ok2024cish,2025-09-10T21:17:23.896Z,"8 km NW of Prague, Oklahoma",earthquake,,0.7,,30,reviewed,ok,us
2024-01-24T08:06:40.032Z,26.2192,-110.7465,10,4.7,mb,67,145,1.728,0.87,us,us7000ltf5,2024-03-30T22:33:07.040Z,"64 km ENE of Loreto, Mexico",earthquake,7.61,1.895,0.052,114,reviewed,us,us
2024-01-24T06:51:50.268Z,26.1557,-110.7347,10,4.5,mb,56,141,1.777,0.96,us,us7000ltei,2024-03-30T22:33:05.040Z,"63 km ENE of Loreto, Mexico",earthquake,5.32,1.896,0.077,50,reviewed,us,us
2024-01-24T01:48:31.029Z,26.1,-111.0477,10,5,mww,60,161,1.617,0.82,us,us7000ltcx,2024-04-09T19:18:53.040Z,"31 km ENE of Loreto, Mexico",earthquake,8.14,1.863,0.052,36,reviewed,us,us
2024-01-03T14:23:34.118Z,27.4879,-111.3862,10,4.5,mb,77,97,0.778,0.71,us,us6000m1f8,2024-03-09T21:39:02.040Z,"62 km SSW of San Carlos, Mexico",earthquake,4.12,1.826,0.071,59,reviewed,us,us
2023-12-01T07:43:27.480Z,32.7518333,-115.8728333,8.69,4.8,mw,95,29,0.1121,0.26,ci,ci39720706,2024-10-21T23:22:41.422Z,"11 km E of Ocotillo, CA",earthquake,0.17,0.56,,6,reviewed,ci,ci
2023-11-13T07:07:48.263Z,25.7449,-110.139,10,4.5,mb,145,131,1.002,0.59,us,us7000lale,2024-01-26T16:37:37.040Z,"81 km W of Las Grullas Margen Derecha, Mexico",earthquake,4.39,1.899,0.05,119,reviewed,us,us
2023-11-08T10:27:49.034Z,31.622,-103.982,7.417,5.2,ml(texnet),31,52,0,0.2,tx,tx2023vxae,2025-10-23T20:54:46.130Z,"Coalson Draw, Texas",earthquake,0.6306655439,0.8419580201,0.2,41,reviewed,tx,tx
2023-10-16T10:20:49.740Z,40.3156667,-124.0548333,31.06,4.83,mw,45,52,0.0472,0.12,nc,nc73947830,2024-06-15T17:14:55.040Z,"20 km E of Petrolia, CA",earthquake,0.27,0.59,,4,reviewed,nc,nc
2023-09-30T15:26:26.760Z,40.5588333,-124.2886667,17.88,4.65,mw,45,166,0.02573,0.2,nc,nc73943821,2023-12-09T22:00:42.040Z,"3 km SW of Ferndale, CA",earthquake,0.44,0.29,,5,reviewed,nc,nc
2023-09-19T04:13:10.380Z,37.4381667,-121.2958333,3.51,4.53,mw,174,91,0.05369,0.18,nc,nc73938736,2024-09-29T14:32:09.477Z,"15 km SW of Westley, CA",earthquake,0.17,0.5,,5,reviewed,nc,nc
2023-09-08T17:24:38.390Z,40.953,-121.56,15.63,4.99,mw,41,33,0.08699,0.12,nc,nc73934641,2025-08-24T17:45:13.794Z,"12 km NE of Burney, CA",earthquake,0.2,0.56,,4,reviewed,nc,nc
2023-08-20T21:41:00.970Z,34.4085,-119.1883333,4.84,5.08,mw,115,27,0.05069,0.35,ci,ci39645386,2025-10-20T14:38:11.113Z,"7 km SE of Ojai, CA",earthquake,0.25,0.69,,6,reviewed,ci,ci
2023-08-09T20:03:08.589Z,25.7684,-110.0928,10,4.5,mb,75,172,2.468,0.67,us,us6000kyxh,2023-10-17T22:01:29.040Z,"76 km W of Las Grullas Margen Derecha, Mexico",earthquake,6.18,1.659,0.046,143,reviewed,us,us
2023-07-19T07:34:23.821Z,39.5107,-116.5364,3.7,4.5,mw,8,46.24,0.842,0.4058,nn,nn00862970,2023-09-28T21:33:47.040Z,"45 km E of Austin, Nevada",earthquake,,9.7,,,reviewed,nn,nn
2023-07-16T19:16:05.100Z,31.5663333,-114.4146667,5.97,4.57,mw,14,127,0.4826,0.33,ci,ci39614322,2023-09-28T21:33:31.040Z,"89km SE of Estacion Coahuila, B.C., MX",earthquake,0.53,31.61,,6,reviewed,ci,ci
2023-05-14T15:18:15.416Z,30.9225,-116.4154,10,4.5,mwr,109,180,0.443,0.75,us,us6000kbvb,2023-07-24T01:16:58.040Z,"24 km W of Las Brisas, Mexico",earthquake,5.25,1.855,0.031,102,reviewed,us,us
2023-05-12T10:18:41.310Z,40.196,-121.0998333,6.06,5.16,mw,49,37,0.06232,0.19,nc,nc73887046,2023-07-22T19:17:00.040Z,"4km NW of Canyondam, CA",earthquake,0.29,0.66,,4,reviewed,nc,nc
2023-05-11T23:19:41.990Z,40.2041667,-121.1095,5.85,5.48,mw,54,46,0.05144,0.16,nc,nc73886731,2025-04-26T15:42:17.941Z,"Lake Almanor Earthquake",earthquake,0.26,0.56,,4,reviewed,nc,nc
2023-05-10T09:28:39.770Z,25.4361,-109.7955,10,4.7,mb,79,111,0.702,0.79,us,us6000katj,2023-07-22T19:16:36.040Z,"60 km SW of Campo Pesquero el Colorado, Mexico",earthquake,5.82,1.883,0.074,56,reviewed,us,us
2023-05-10T08:55:32.823Z,25.2588,-109.5992,10,4.6,mb,70,102,0.609,1.25,us,us6000kate,2023-07-22T19:16:36.040Z,"Gulf of California",earthquake,3.66,1.697,0.066,71,reviewed,us,us
2023-05-10T08:45:50.874Z,25.4406,-109.6761,10,4.9,mb,172,106,0.596,0.68,us,us6000kata,2023-07-22T19:16:35.040Z,"50 km SW of Campo Pesquero el Colorado, Mexico",earthquake,5.57,1.076,0.038,222,reviewed,us,us
2023-05-10T07:05:23.641Z,25.4966,-109.8101,10,4.9,mb,156,55,0.703,0.95,us,us6000kasv,2023-07-22T19:16:35.040Z,"57 km WSW of Campo Pesquero el Colorado, Mexico",earthquake,4.82,1.813,0.033,295,reviewed,us,us
2023-04-19T16:07:01.146Z,32.6203,-70.8364,10,4.5,mb,120,71,5.194,1,us,us6000k5k8,2023-07-03T02:47:08.040Z,"off the east coast of the United States",earthquake,8.55,1.802,0.054,100,reviewed,us,us
2023-03-21T23:18:19.630Z,40.5415,-124.3725,18.1,4.54,mw,34,204,0.07107,0.18,nc,nc73860415,2023-05-26T21:54:11.040Z,"10km WSW of Ferndale, CA",earthquake,0.57,0.35,,5,reviewed,nc,nc
2023-02-16T10:29:04.966Z,32.7456665,-100.6594179,7.849975586,4.7,ml,33,48,0.08525345248,0.3,tx,tx2023dgvx,2023-09-22T20:29:18.612Z,"15 km NE of Hermleigh, Texas",earthquake,1.270893694,2.612447472,0.1,16,reviewed,tx,tx
2023-01-01T18:35:04.510Z,40.409,-123.971,30.63,5.35,mw,37,44,0.1146,0.13,nc,nc73827571,2025-01-01T17:41:04.420Z,"15km SE of Rio Dell, CA",earthquake,0.25,0.62,,5,reviewed,nc,nc
2022-12-20T10:39:02.360Z,40.5228333,-124.1881667,26.55,4.92,mw,35,60,0.06918,0.12,nc,nc73821046,2023-02-28T23:06:32.040Z,"7km WNW of Rio Dell, CA",earthquake,0.3,0.47,,3,reviewed,nc,nc
2022-12-20T10:34:24.770Z,40.525,-124.423,17.91,6.4,mw,38,214,0.0818,0.18,nc,nc73821036,2025-09-05T22:38:02.674Z,"15km WSW of Ferndale, CA",earthquake,0.67,0.4,,0,reviewed,nc,nc
2022-12-16T23:35:27.984Z,32.191,-102.141,8.1923,5.2,ml,39,40,0.1,0.2,tx,tx2022yplg,2024-12-02T00:31:36.722Z,"Range Hill, Texas",earthquake,0.7343709297,0.6529054056,0.2,18,reviewed,tx,tx
2022-11-24T19:19:28.583Z,31.62673498,-104.0029099,8.483850098,4.7,ml,52,31,0.01444631952,0.1,tx,tx2022xaxs,2023-01-30T06:01:35.040Z,"34 km WSW of Mentone, Texas",earthquake,0.4634159272,0.5129711472,0.2,69,reviewed,tx,tx
2022-11-24T19:14:19.519Z,31.63414005,-103.9876096,7.429821777,4.5,ml,42,47,0.0284181076,0.1,tx,tx2022xaxp,2023-01-30T06:01:35.040Z,"western Texas",earthquake,0.4271537021,0.5628307978,0.2,42,reviewed,tx,tx
2022-11-22T21:00:56.508Z,30.9783,-116.4784,10,4.5,mb,35,128,0.724,0.74,us,us7000irm7,2023-01-30T06:01:01.040Z,"30 km W of Las Brisas, Mexico",earthquake,2.44,1.804,0.115,22,reviewed,us,us
2022-11-22T16:39:05.789Z,30.7936,-116.3907,10,6.2,mww,164,61,0.494,0.75,us,us7000irjd,2023-03-30T07:15:48.466Z,"28 km SW of Las Brisas, Mexico",earthquake,4.14,1.745,0.029,118,reviewed,us,us
2022-11-16T21:32:44.481Z,31.6367452,-103.9987871,6.902807617,5.4,ml,42,46,0.02345152448,0.1,tx,tx2022wmmd,2025-08-01T16:37:37.595Z,"Coalson Draw, Texas",earthquake,0.4628109061,0.629622792,0.2,21,reviewed,tx,tx
2022-11-04T10:02:46.346Z,28.1573,-112.3106,10,6.1,mww,150,91,0.837,0.38,us,us7000imgl,2023-03-08T18:20:14.734Z,"82 km SSW of Bahía de Kino, Mexico",earthquake,5.62,1.847,0.039,63,reviewed,us,us
2022-10-25T18:42:02.710Z,37.3115,-121.672,8.38,5.06,mw,199,28,0.03815,0.1,nc,nc73799091,2025-03-29T18:11:24.757Z,"15km ESE of Alum Rock, CA",earthquake,0.08,0.18,,3,reviewed,nc,nc
2022-09-28T01:18:24.523Z,26.9509,-111.4476,10,5.4,mww,162,80,0.797,0.9,us,us6000inv3,2022-12-03T22:02:32.040Z,"53 km E of Mulegé, Mexico",earthquake,4.65,1.484,0.038,67,reviewed,us,us
2022-09-24T19:27:39.450Z,40.3136667,-124.7245,13.08,4.84,mw,109,228,0.2932,0.24,nc,nc73785481,2022-12-03T22:03:20.040Z,"37km W of Petrolia, CA",earthquake,0.47,0.5,,4,reviewed,nc,nc
2022-08-11T07:17:16.599Z,31.68330721,-104.4253993,6.645727539,4.5,ml,53,49,0.06591872267,0.2,tx,tx2022pqec,2022-10-21T23:20:28.040Z,"54 km S of Whites City, New Mexico",earthquake,0.8593897712,0.9692510966,0.1,28,reviewed,tx,tx
2022-08-06T16:08:22.126Z,27.6656,-111.6466,10,5.2,mww,63,78,0.631,0.93,us,us6000i8nr,2022-10-21T23:18:31.040Z,"67 km WSW of San Carlos, Mexico",earthquake,1.54,1.882,0.043,51,reviewed,us,us
2022-07-21T13:35:58.088Z,31.68011905,-104.4210628,5.925903319999999,4.9,ml,24,69,0.06892191598,0.2,tx,tx2022oeha,2022-09-27T16:57:12.040Z,"55 km S of Whites City, New Mexico",earthquake,1.081627489,1.3067814529999997,0.2,15,reviewed,tx,tx
2022-07-15T01:19:07.000Z,35.7091667,-117.5843333,6.3,4.58,mw,60,43,0.08708,0.19,ci,ci40063391,2022-12-06T04:12:22.000Z,"13km NE of Ridgecrest, CA",earthquake,0.13,0.47,,6,reviewed,ci,ci
2022-07-12T13:43:00.282Z,28.0381,-107.4775,15.13,4.6,mwr,81,57,1.949,0.72,us,us6000i1t1,2022-09-24T21:25:51.040Z,"14 km ENE of San Juanito, Mexico",earthquake,5.33,3.916,0.06,27,reviewed,us,us
2022-06-18T05:03:14.121Z,30.0788,-113.8135,10,5.1,mww,48,155,1.309,0.49,us,us7000hiar,2022-08-28T03:18:18.040Z,"109 km W of La Libertad, Mexico",earthquake,2.63,1.89,0.056,31,reviewed,us,us
2022-06-18T05:00:44.328Z,30.1501,-113.7326,10,5.1,mww,89,109,1.309,0.84,us,us7000hial,2022-08-28T03:18:18.040Z,"103 km WNW of La Libertad, Mexico",earthquake,4.28,1.87,0.041,58,reviewed,us,us
2022-06-18T04:51:29.788Z,30.0817,-113.7212,10,5.2,mww,60,153,2.024,0.78,us,us7000hiaj,2022-08-28T03:18:17.040Z,"101 km W of La Libertad, Mexico",earthquake,6.8,1.9,0.035,80,reviewed,us,us
2022-06-04T01:38:59.925Z,25.196,-109.7535,10,4.7,mb,30,127,0.76,0.47,us,us7000hetv,2022-08-13T21:52:09.040Z,"76 km SW of Campo Pesquero el Colorado, Mexico",earthquake,3.71,1.898,0.047,137,reviewed,us,us
2022-06-01T15:46:10.839Z,31.71526584,-104.5509138,6.157275391,4.6,ml,45,90,0.0489270088,0.3,tx,tx2022krce,2022-08-06T22:13:13.040Z,"53 km SSW of Whites City, New Mexico",earthquake,1.554475743,0.9872530857,0.1,25,reviewed,tx,tx
2022-04-15T04:30:55.980Z,31.9305,-116.8925,14.51,4.53,mw,27,234,0.2038,0.23,ci,ci40236864,2025-05-25T01:07:05.479Z,"20km W of El Sauzal, B.C., MX",earthquake,0.8,1.06,,6,reviewed,ci,ci
2022-03-25T03:01:58.874Z,31.66909306,-104.4204226,6.799975586,4.6,ml,65,61,0.06850042547,0.2,tx,tx2022fvwu,2022-05-28T18:35:35.040Z,"56 km S of Whites City, New Mexico",earthquake,0.892216658,1.01192887,0.2,38,reviewed,tx,tx
2022-02-15T21:16:24.065Z,38.1814,-117.7833,4.1,4.7,ml,23,33.3,0.12,0.132,nn,nn00833903,2022-04-30T14:18:16.040Z,"36 km SE of Mina, Nevada",earthquake,,3.5,0.14,7,reviewed,nn,nn
2022-01-31T17:10:21.129Z,36.851,-97.7935,7.85,4.5,mww,96,91,0,0.23,ok,ok2022cedc,2024-08-12T12:39:47.503Z,"7 km NW of Medford, Oklahoma",earthquake,,0.5,,35,reviewed,ok,us
2022-01-21T21:26:35.964Z,26.7675,-110.8671,10,5.3,mww,,110,3.773,0.89,us,us7000ge0y,2022-04-01T17:40:27.040Z,"76 km SSW of Bahía de Lobos, Mexico",earthquake,6.9,1.9,0.039,63,reviewed,us,us
2022-01-11T10:47:50.327Z,24.7597,-109.3479,10,4.5,mb,,157,0.882,0.69,us,us7000gave,2022-03-19T22:07:41.040Z,"97 km SSW of Topolobampo, Mexico",earthquake,6.2,1.9,0.048,129,reviewed,us,us
2022-01-09T00:11:22.647Z,24.7518,-109.1019,10,4.7,mb,,106,0.846,0.89,us,us7000ga9j,2022-08-06T14:48:14.312Z,"90 km SSW of El Huitusi, Mexico",earthquake,6.1,1.8,0.055,100,reviewed,us,us
2022-01-06T02:42:10.830Z,40.3846667,-124.8643333,12.57,4.58,mw,145,224,0.4123,0.24,nc,nc73674251,2022-03-12T22:19:11.040Z,"50km W of Petrolia, CA",earthquake,0.87,0.9,,3,reviewed,nc,nc
2022-01-06T00:28:07.010Z,37.3338333,-117.9023333,9.5,4.75,mw,65,70,0.3206,0.1,nc,nc73674211,2022-03-12T22:19:11.040Z,"8km ESE of Deep Springs, CA",earthquake,0.22,0.57,,4,reviewed,nc,nc
2021-12-28T01:55:43.702Z,32.28607178,-101.7741282,8.436889647999998,4.6,ml,25,57,0.02586284717,0.2,tx,tx2021zjsk,2023-11-04T23:53:04.562Z,"17 km N of Stanton, Texas",earthquake,0.9116437066,0.5786922901,0.2,11,reviewed,tx,tx
2021-12-26T18:43:31.297Z,29.9182,-113.8046,10,4.7,mb,,42,1.435,0.94,us,us6000gfhi,2022-03-05T23:10:42.040Z,"Baja California, Mexico",earthquake,4.5,1.9,0.063,75,reviewed,us,us
2021-12-24T05:44:50.249Z,29.9939,-113.7224,10,4.9,mb,,134,1.425,0.84,us,us6000gezr,2022-03-05T23:10:35.040Z,"99 km W of La Libertad, Mexico",earthquake,4.1,1.9,0.091,38,reviewed,us,us
2021-12-23T14:13:23.994Z,27.5939,-111.5824,10,4.5,mb,,72,0.645,0.93,us,us6000gett,2022-03-01T16:39:53.040Z,"66 km SW of San Carlos, Mexico",earthquake,6,1.9,0.097,31,reviewed,us,us
2021-12-20T20:13:40.750Z,40.3498333,-124.8993333,19.88,4.84,ml,90,241,0.4301,0.19,nc,nc71126864,2022-06-21T06:11:25.572Z,"52km W of Petrolia, CA",earthquake,0.69,1.6,0.146,10,reviewed,nc,nc
2021-12-20T20:10:31.310Z,40.3901667,-124.298,27.04,6.2,mw,33,170,0.06557,0.13,nc,nc73666231,2025-02-12T04:48:45.277Z,"7km N of Petrolia, CA",earthquake,0.46,0.34,,0,reviewed,nc,nc
2021-12-20T20:10:20.310Z,40.2978333,-124.626,16.51,5.65,ml,63,234,0.217,0.18,nc,nc71127029,2022-03-01T16:38:21.040Z,"29km W of Petrolia, CA",earthquake,0.9,0.42,0.146,3,reviewed,nc,nc
2021-12-19T10:27:35.704Z,30.0098,-113.7587,10,4.6,mwr,,111,1.392,0.71,us,us6000gdks,2022-03-01T16:37:54.040Z,"103 km W of La Libertad, Mexico",earthquake,6.1,1.8,0.046,45,reviewed,us,us
2021-12-18T08:32:39.499Z,29.83,-113.7866,10,4.7,mb,,125,0.904,0.54,us,us6000gddc,2022-03-01T16:37:26.040Z,"106 km W of La Libertad, Mexico",earthquake,4.2,1.9,0.123,20,reviewed,us,us
2021-12-18T02:41:23.209Z,29.8652,-113.8879,10,4.5,mb,,218,1.434,1.31,us,us6000gdb9,2022-03-01T16:37:21.040Z,"115 km W of La Libertad, Mexico",earthquake,5.8,2,0.088,38,reviewed,us,us
2021-12-15T10:38:40.030Z,29.9111,-113.8006,10,4.8,mb,,139,1.443,0.87,us,us6000gcdj,2022-08-06T17:24:14.425Z,"107 km W of La Libertad, Mexico",earthquake,3.4,1.8,0.097,33,reviewed,us,us
2021-12-14T02:31:32.038Z,24.807,-109.2209,10,5.1,mww,,155,3.693,0.8,us,us6000gc27,2022-02-24T21:00:39.040Z,"89 km S of Topolobampo, Mexico",earthquake,8.5,1.9,0.046,46,reviewed,us,us
2021-12-11T22:00:02.403Z,29.7774,-114.0326,10,4.5,mb,,143,0.926,1.28,us,us6000gbi1,2022-02-24T21:00:02.040Z,"130 km W of La Libertad, Mexico",earthquake,5.1,2,0.113,23,reviewed,us,us
2021-12-09T15:31:05.156Z,30.0752,-113.6182,10,4.6,mb,,149,1.432,0.9,us,us6000gav6,2022-02-12T23:07:15.040Z,"91 km W of La Libertad, Mexico",earthquake,6,1.6,0.069,68,reviewed,us,us
2021-12-06T17:30:46.951Z,29.8139,-113.9108,10,4.7,mb,,134,0.919,1.13,us,us6000g9hs,2022-02-12T23:06:15.040Z,"118 km W of La Libertad, Mexico",earthquake,5.2,1.9,0.085,42,reviewed,us,us
2021-12-05T17:37:22.043Z,30.0634,-113.7657,10,4.8,mb,,91,1.348,1.15,us,us6000g9b3,2022-02-12T23:06:05.040Z,"104 km W of La Libertad, Mexico",earthquake,5.5,1.6,0.053,111,reviewed,us,us
2021-12-05T01:26:56.982Z,29.8083,-113.9073,10,4.7,mb,,193,1.471,0.94,us,us6000g967,2022-02-12T23:05:57.040Z,"118 km W of La Libertad, Mexico",earthquake,8.1,2,0.059,90,reviewed,us,us
2021-12-04T08:11:27.426Z,24.9689,-109.2818,10,5.1,mww,,158,3.543,0.57,us,us6000g8z7,2022-02-12T23:05:49.040Z,"73 km SSW of Topolobampo, Mexico",earthquake,6.7,1.9,0.045,47,reviewed,us,us
2021-12-04T07:58:32.808Z,29.8718,-113.8314,10,4.6,mb,,126,0.954,0.8,us,us6000g8yu,2022-02-12T23:05:48.040Z,"110 km W of La Libertad, Mexico",earthquake,4,2,0.136,16,reviewed,us,us
2021-11-29T20:00:12.019Z,29.8352,-113.8222,10,4.6,mb,,127,0.916,0.99,us,us6000g7q0,2022-02-05T23:03:26.040Z,"109 km W of La Libertad, Mexico",earthquake,4.4,1.9,0.101,29,reviewed,us,us
2021-11-29T19:23:53.086Z,29.7902,-113.864,10,4.6,mb,,132,0.883,1.27,us,us6000g7pp,2022-02-05T23:03:26.040Z,"114 km W of La Libertad, Mexico",earthquake,4.5,1.9,0.075,53,reviewed,us,us
2021-11-25T22:50:05.487Z,29.8928,-113.8858,10,4.6,mb,,129,0.987,0.85,us,us7000fx3w,2022-01-29T22:56:01.040Z,"115 km W of La Libertad, Mexico",earthquake,2.6,2,0.048,129,reviewed,us,us
2021-11-24T09:47:58.042Z,29.7906,-113.8533,10,4.6,mwr,,175,1.512,0.79,us,us7000fwny,2022-01-29T22:55:40.040Z,"113 km W of La Libertad, Mexico",earthquake,6.1,2,0.042,55,reviewed,us,us
2021-11-24T04:37:20.911Z,29.8294,-113.8625,10,4.7,mwr,,130,0.92,0.75,us,us7000fwmd,2022-01-29T22:55:37.040Z,"113 km W of La Libertad, Mexico",earthquake,4.1,1.9,0.04,60,reviewed,us,us
2021-11-19T04:26:28.440Z,30.0063,-113.8168,10,4.5,mb,,196,1.361,1.08,us,us7000fvcw,2022-01-29T22:54:57.040Z,"109 km W of La Libertad, Mexico",earthquake,5.2,2,0.097,34,reviewed,us,us
2021-11-05T20:18:11.908Z,29.7569,-113.6786,10,4.5,mb,,121,0.816,1.25,us,us7000fru2,2022-01-15T20:51:35.040Z,"96 km W of La Libertad, Mexico",earthquake,3.7,1.8,0.128,22,reviewed,us,us
2021-11-03T16:10:38.019Z,29.9133,-113.6708,10,4.5,mb,,110,1.514,1.13,us,us7000fr5l,2022-01-14T17:58:57.040Z,"94 km W of La Libertad, Mexico",earthquake,7.1,1.4,0.113,23,reviewed,us,us
2021-10-25T23:42:35.860Z,35.7758333,-121.3043333,7.79,4.65,mw,67,172,0.2092,0.07,nc,nc73644630,2022-01-08T17:42:33.040Z,"18km NW of San Simeon, CA",earthquake,0.28,1.25,,4,reviewed,nc,nc
2021-08-31T17:21:09.030Z,40.8826,-114.974,7.48,4.7,mww,,13,0.243,0.97,us,us7000f6a0,2021-11-06T20:28:37.040Z,"25 km S of Wells, Nevada",earthquake,2.4,3.4,0.048,41,reviewed,us,us
2021-07-31T21:19:12.817Z,30.4525,-109.12,10,5.2,mww,,39,0.93,0.66,us,us6000f128,2021-10-14T01:04:31.040Z,"17 km W of Bavispe, Mexico",earthquake,4.1,1.7,0.037,70,reviewed,us,us
2021-07-31T15:39:20.854Z,27.5909,-111.497,10,5.5,mww,,113,0.714,1.26,us,us6000f109,2022-08-06T18:14:05.256Z,"60 km SW of San Carlos, Mexico",earthquake,5.1,1.1,0.03,106,reviewed,us,us
2021-07-18T06:46:12.650Z,40.3235,-124.4255,30.91,5.12,mw,35,234,0.07243,0.17,nc,nc73594531,2023-07-03T19:10:55.098Z,"12km W of Petrolia, CA",earthquake,0.86,0.49,,6,reviewed,nc,nc
2021-07-09T01:46:00.400Z,38.5086667,-119.5343333,3.71,4.55,mw,48,88,0.07555,0.1,nc,nc73585291,2021-09-17T22:48:30.040Z,"30km SE of Markleeville, CA",earthquake,0.17,0.38,,5,reviewed,nc,nc
2021-07-08T23:33:40.900Z,38.4796667,-119.5448333,1.58,4.63,mw,38,77,0.08722,0.08,nc,nc73585021,2021-09-10T20:06:58.040Z,"29km ENE of Dardanelle, CA",earthquake,0.12,0.53,,6,reviewed,nc,nc
2021-07-08T22:50:14.370Z,38.5126667,-119.5021667,7.4,5.03,ml,6,124,0.05088,0.07,nc,nc71123379,2025-07-12T08:37:58.962Z,"32km SE of Markleeville, CA",earthquake,0.42,0.56,0.086,3,reviewed,nc,nc
2021-07-08T22:49:48.110Z,38.5075,-119.4998333,7.45,6,mw,42,100,0.04846,0.06,nc,nc73584926,2025-11-01T03:45:08.163Z,"Antelope Valley, CA",earthquake,0.14,0.25,,0,reviewed,nc,nc
2021-06-20T10:42:01.885Z,25.7279,-109.9859,10,4.6,mb,,184,2.568,1.03,us,us7000een4,2021-08-27T18:57:47.040Z,"67 km WSW of Las Grullas Margen Derecha, Mexico",earthquake,7.2,1.7,0.141,15,reviewed,us,us
2021-06-05T17:55:58.820Z,33.14,-115.6348333,5.78,5.25,mw,84,33,0.04069,0.23,ci,ci39919392,2023-05-22T00:26:26.240Z,"11km W of Calipatria, CA",earthquake,0.17,0.41,,6,reviewed,ci,ci
2021-05-23T21:11:10.834Z,25.6855,-110.1543,10,4.6,mb,,126,1.009,0.72,us,us7000e5la,2021-07-31T22:09:02.040Z,"84 km W of Campo Pesquero el Colorado, Mexico",earthquake,5.5,1.9,0.039,195,reviewed,us,us
2021-05-07T04:35:14.150Z,39.461,-120.3145,10.12,4.65,mw,19,50,0.03461,0.09,nc,nc73559265,2023-06-18T05:39:57.092Z,"19km NW of Truckee, CA",earthquake,0.24,0.54,,3,reviewed,nc,nc
2021-04-01T00:26:12.268Z,29.7511,-113.9179,11.06,4.8,mwr,,92,1.514,0.61,us,us6000dy35,2021-06-08T17:59:28.040Z,"119 km W of La Libertad, Mexico",earthquake,6.6,4.5,0.038,68,reviewed,us,us
2021-03-31T08:56:25.940Z,32.3903333,-115.2498333,19.22,4.75,mw,54,71,0.05499,0.32,ci,ci39596135,2021-06-08T17:59:22.040Z,"7km NW of Delta, B.C., MX",earthquake,0.46,0.94,,6,reviewed,ci,ci
2021-03-17T04:19:28.359Z,31.65433164,-104.3573154,6.182983398,4.5,ml,53,61,0.1231410445,0.3,tx,tx2021fhjh,2021-05-26T22:08:23.040Z,"57 km S of Whites City, New Mexico",earthquake,0.8266925828,1.088730241,0.2,29,reviewed,tx,tx
2021-01-20T14:59:43.686Z,26.5941,-110.9635,10,4.7,mb,,78,1.35,0.63,us,us7000d1nc,2021-03-27T21:05:43.040Z,"75 km NNE of Loreto, Mexico",earthquake,6.1,1.8,0.048,136,reviewed,us,us
2020-12-14T21:20:10.831Z,38.1554,-118.1231,5.2,4.7,ml,33,42.76,0.056,0.1432,nn,nn00792158,2022-06-16T17:57:12.563Z,"26 km S of Mina, Nevada",earthquake,,1.8,0.51,12,reviewed,nn,nn
2020-12-12T07:50:52.930Z,38.1497,-118.1008,6.4,4.9,ml,30,43.01,0.04,0.1745,nn,nn00791435,2021-02-20T16:11:27.040Z,"26 km S of Mina, Nevada",earthquake,,1.1,0.2,13,reviewed,nn,nn
2020-12-03T05:15:29.993Z,38.175,-118.0654,5,4.9,ml,30,41.69,0.018,0.1367,nn,nn00788443,2021-02-12T22:38:31.040Z,"24 km S of Mina, Nevada",earthquake,,0.8,0.25,13,reviewed,nn,nn
2020-12-01T23:32:56.573Z,38.1637,-118.0837,5,5.1,ml,21,42.28,0.025,0.1986,nn,nn00787105,2021-02-06T18:29:35.040Z,"25 km S of Mina, Nevada",earthquake,,2.5,0.25,11,reviewed,nn,nn
2020-11-13T09:13:51.862Z,38.1693,-117.8533,4.8,5.3,ml,34,38.45,0.016,0.1165,nn,nn00782942,2021-04-27T07:04:53.937Z,"33 km SE of Mina, Nevada",earthquake,,0.6,0.23,13,reviewed,nn,nn
2020-10-24T10:11:07.260Z,25.7224,-110.1051,10,4.6,mb,,130,0.968,0.93,us,us6000ccj8,2021-01-09T20:05:23.040Z,"78 km WSW of Las Grullas Margen Derecha, Mexico",earthquake,3.1,1.9,0.055,99,reviewed,us,us
2020-10-01T00:31:27.280Z,33.0546667,-115.5906667,14.19,4.93,mw,92,46,0.01794,0.28,ci,ci39641528,2022-06-16T17:49:58.341Z,"4km NE of Westmorland, CA",earthquake,0.2,0.44,,7,reviewed,ci,ci
2020-09-24T23:06:42.138Z,27.0779,-111.2685,10,4.6,mb,,112,0.899,0.93,us,us6000c0xh,2020-12-05T21:02:57.040Z,"73 km ENE of Mulegé, Mexico",earthquake,6.9,1.9,0.057,90,reviewed,us,us
2020-09-24T23:01:30.369Z,27.1573,-111.4068,10,5.3,mww,,125,0.76,0.66,us,us6000c0ww,2022-08-09T00:30:55.616Z,"64 km ENE of Mulegé, Mexico",earthquake,7.3,1.9,0.046,45,reviewed,us,us
2020-09-19T06:38:46.930Z,34.038,-118.08,16.87,4.54,mw,236,16,0.01273,0.25,ci,ci38695658,2025-01-27T10:24:44.164Z,"3km WSW of South El Monte, CA",earthquake,0.11,0.22,,6,reviewed,ci,ci
2020-08-19T17:32:11.070Z,36.4786667,-117.5141667,-0.57,4.72,mw,53,48,0.2161,0.17,ci,ci39584648,2020-10-31T19:06:08.040Z,"36km WSW of Stovepipe Wells, CA",earthquake,0.15,0.45,,6,reviewed,ci,ci
2020-08-17T15:31:39.571Z,31.4138,-115.7552,10,4.5,mb,,229,0.611,0.47,us,us6000bg04,2020-10-24T20:08:59.040Z,"47 km ENE of San Vicente, Mexico",earthquake,2.7,1.8,0.27,5,reviewed,us,us
2020-08-17T15:30:33.530Z,31.5366667,-115.6613333,16.22,5.12,mw,42,231,0.5267,0.34,ci,ci39347679,2022-06-16T17:48:57.262Z,"88km ESE of Maneadero, B.C., MX",earthquake,0.72,0.81,,6,reviewed,ci,ci
2020-08-10T15:56:14.330Z,33.2468333,-115.69,2.07,4.59,mw,86,40,0.08504,0.29,ci,ci39338407,2020-10-21T22:04:04.040Z,"12km SSE of Bombay Beach, CA",earthquake,0.21,31.61,,7,reviewed,ci,ci
2020-08-09T12:07:37.650Z,36.4743333,-81.0865,4.14,5.1,mw,34,50,0.4521,0.38,se,se60324281,2025-10-24T15:36:42.305Z,"4 km SE of Sparta, North Carolina",earthquake,0.4,1.81,,0,reviewed,se,se
2020-07-06T06:12:54.847Z,38.1856,-117.8907,5.6,4.5,ml,30,48.55,0.028,0.157,nn,nn00757297,2020-09-11T22:14:19.040Z,"29 km SE of Mina, Nevada",earthquake,,0.7,0.33,10,reviewed,nn,nn
2020-06-30T09:24:23.549Z,38.1539,-117.9583,8.3,5,ml,28,44.32,0.015,0.2511,nn,nn00755218,2020-09-05T17:35:36.040Z,"29 km SSE of Mina, Nevada",earthquake,,0.9,0.28,7,reviewed,nn,nn
2020-06-25T05:20:59.627Z,44.3989,-115.1814,7.54,4.6,mwr,,75,0.34,0.64,us,us7000aanf,2020-10-08T17:26:42.977Z,"27 km NW of Stanley, Idaho",earthquake,2.6,4.7,0.028,119,reviewed,us,us
2020-06-24T17:59:19.960Z,36.456,-117.9311667,9.62,4.59,mw,44,62,0.1212,0.19,ci,ci39494008,2020-09-05T17:35:16.040Z,"19km SE of Lone Pine, CA",earthquake,0.2,0.44,,6,reviewed,ci,ci
2020-06-24T17:40:49.240Z,36.4468333,-117.9751667,4.66,5.8,mw,48,67,0.08494,0.19,ci,ci39493944,2024-04-11T05:23:04.532Z,"18km SSE of Lone Pine, CA",earthquake,0.18,0.66,,6,reviewed,ci,ci
2020-06-23T00:25:46.390Z,36.4466667,-117.984,2.26,4.65,mw,51,74,0.07783,0.22,ci,ci39490952,2021-02-13T00:11:34.391Z,"17km SSE of Lone Pine, CA",earthquake,0.19,0.83,,6,reviewed,ci,ci
2020-06-19T20:42:21.454Z,38.1698,-117.8345,6.5,4.9,ml,21,50.72,0.03,0.1765,nn,nn00750312,2020-08-30T00:00:52.040Z,"34 km SE of Mina, Nevada",earthquake,,0.9,0.22,13,reviewed,nn,nn
2020-06-08T03:24:05.884Z,38.2059,-117.7912,5.2,4.8,ml,32,32.66,0.041,0.174,nn,nn00744961,2020-08-18T17:59:04.040Z,"34 km SE of Mina, Nevada",earthquake,,1.1,0.46,9,reviewed,nn,nn
2020-06-04T01:32:11.140Z,35.6148333,-117.4281667,8.44,5.51,mw,85,45,0.0396,0.21,ci,ci39462536,2025-02-24T20:13:52.105Z,"17km S of Searles Valley, CA",earthquake,0.15,0.45,,6,reviewed,ci,ci
2020-05-22T00:22:00.588Z,38.2309,-117.7939,7.2,5.1,ml,31,47.16,0.092,0.1378,nn,nn00730721,2020-08-08T18:17:48.040Z,"32 km ESE of Mina, Nevada",earthquake,,1.4,0.44,11,reviewed,nn,nn
2020-05-20T12:36:53.447Z,38.2012,-117.7453,11.7,5,ml,20,49.32,0.128,0.1674,nn,nn00729332,2020-08-09T10:22:23.139Z,"38 km ESE of Mina, Nevada",earthquake,,1.3,0.1,4,reviewed,nn,nn
2020-05-19T22:12:45.639Z,38.1755,-117.8535,8.1,4.6,ml,23,47.6,0.091,0.1864,nn,nn00728819,2021-02-10T16:52:07.942Z,"32 km SE of Mina, Nevada",earthquake,,1.7,0.38,10,reviewed,nn,nn
2020-05-17T21:17:02.474Z,38.1749,-117.8028,10.4,4.7,ml,24,46.81,0.056,0.1201,nn,nn00727561,2021-02-10T16:19:28.315Z,"35 km SE of Mina, Nevada",earthquake,,0.8,0.14,7,reviewed,nn,nn
2020-05-17T11:53:53.336Z,38.15,-117.9553,9.6,4.5,ml,26,51.9,0.012,0.2003,nn,nn00727244,2021-02-10T18:37:20.105Z,"29 km SSE of Mina, Nevada",earthquake,,0.8,0.5,9,reviewed,nn,nn
2020-05-16T11:50:54.310Z,38.2118,-117.7347,16.8,4.6,ml,18,49.8,0.397,0.1743,nn,nn00726353,2021-02-10T17:41:27.152Z,"38 km ESE of Mina, Nevada",earthquake,,0.8,0.26,4,reviewed,nn,nn
2020-05-16T04:12:21.434Z,38.1313,-117.9756,5,4.6,ml,28,43.49,0.333,0.263,nn,nn00726009,2020-08-02T00:30:33.040Z,"31 km SSE of Mina, Nevada",earthquake,,1.4,0.46,10,reviewed,nn,nn
2020-05-15T17:50:16.941Z,38.173,-117.8295,5.8,4.7,ml,15,48.44,0.365,0.1766,nn,nn00725546,2021-04-23T20:19:13.254Z,"34 km SE of Mina, Nevada",earthquake,,3.5,0.28,7,reviewed,nn,nn
2020-05-15T15:23:24.676Z,38.1667,-117.8006,7.6,4.8,ml,14,46.65,0.385,0.1628,nn,nn00725454,2020-08-02T00:31:20.040Z,"36 km SE of Mina, Nevada",earthquake,,4.3,0.32,6,reviewed,nn,nn
2020-05-15T12:00:41.572Z,38.1667,-117.8104,6.3,4.5,ml,17,47.15,0.38,0.1735,nn,nn00725312,2020-08-02T00:31:39.040Z,"36 km SE of Mina, Nevada",earthquake,,2.8,0.33,9,reviewed,nn,nn
2020-05-15T11:52:07.184Z,38.1469,-117.9831,5.8,4.8,ml,17,43.51,0.316,0.1775,nn,nn00725306,2020-08-02T00:31:40.040Z,"29 km SSE of Mina, Nevada",earthquake,,2,0.4,8,reviewed,nn,nn
2020-05-15T11:26:01.747Z,38.1811,-117.8711,6.8,5.1,ml,18,49,0.337,0.2335,nn,nn00725291,2020-08-02T00:31:42.040Z,"31 km SE of Mina, Nevada",earthquake,,8.6,0.42,10,reviewed,nn,nn
2020-05-15T11:18:12.392Z,38.1596,-117.9598,3.8,4.9,ml,14,47.97,0.314,0.178,nn,nn00725284,2020-08-02T00:31:44.040Z,"28 km SSE of Mina, Nevada",earthquake,,4.3,0.43,6,reviewed,nn,nn
2020-05-15T11:03:27.176Z,38.1689,-117.8497,2.7,6.5,ml,27,55.79,0.357,0.2669,nn,nn00725272,2024-08-07T10:57:25.013Z,"Monte Cristo Range, NV Earthquake",earthquake,,2.1,,,reviewed,nn,nn
2020-05-10T22:07:40.370Z,33.0183333,-116.0201667,10.16,4.54,mw,141,21,0.138,0.27,ci,ci38488354,2025-04-13T23:07:20.459Z,"17km SE of Ocotillo Wells, CA",earthquake,0.14,0.48,,6,reviewed,ci,ci
2020-04-11T16:22:50.940Z,38.0421667,-118.758,8.94,4.57,mw,62,89,0.2888,0.1,nc,nc73367575,2021-03-05T23:34:53.941Z,"29km SE of Bodie, CA",earthquake,0.19,1.08,,4,reviewed,nc,nc
2020-04-11T14:36:37.040Z,38.0525,-118.7333333,8.45,5.24,mw,46,97,0.268,0.06,nc,nc73367270,2022-03-28T03:36:16.858Z,"30km SE of Bodie, CA",earthquake,0.21,1.15,,4,reviewed,nc,nc
2020-04-04T01:53:18.920Z,33.4895,-116.5063333,10.45,4.87,mw,175,23,0.07088,0.22,ci,ci39126079,2025-04-19T11:50:27.637Z,"17km ESE of Anza, CA",earthquake,0.1,0.27,,6,reviewed,ci,ci
2020-04-01T00:27:41.034Z,44.3232,-115.1673,10,4.8,mww,,39,0.935,0.81,us,us70008js1,2023-10-10T22:15:53.751Z,"21 km WNW of Stanley, Idaho",earthquake,2.9,1.8,0.11,8,reviewed,us,us
2020-03-31T23:52:30.781Z,44.4646,-115.1175,12.06,6.5,mww,,31,0.885,0.66,us,us70008jr5,2025-06-18T05:10:56.268Z,"Stanley, Idaho",earthquake,8.5,3.8,0.021,212,reviewed,us,us
2020-03-26T15:16:27.940Z,31.7168,-104.0419,9.51,5,mww,,25,0.218,0.64,us,us70008ggn,2024-10-29T21:01:10.199Z,"41 km W of Mentone, Texas",earthquake,2.4,3.3,0.034,81,reviewed,us,us
2020-03-22T16:27:38.070Z,40.4251667,-124.827,12.4,4.78,mw,117,227,0.3769,0.16,nc,nc73357410,2020-06-06T20:54:06.040Z,"47km WNW of Petrolia, CA",earthquake,0.36,0.49,,7,reviewed,nc,nc
2020-03-21T01:33:35.369Z,39.1112,-119.7361,8.4,4.5,ml,31,28.07,0.029,0.1334,nn,nn00719663,2024-12-10T02:58:08.834Z,"5 km NE of Indian Hills, Nevada",earthquake,,1.2,0.38,5,reviewed,nn,nn
2020-03-18T22:08:20.920Z,40.3475,-124.4561667,28.61,5.21,mw,34,248,0.105,0.16,nc,nc73355700,2023-01-01T19:02:31.265Z,"15km W of Petrolia, CA",earthquake,0.78,0.55,,5,reviewed,nc,nc
2020-03-18T19:12:23.610Z,40.751,-112.059,10.65,4.57,mw,39,47,0.02976,0.21,uu,uu60364832,2023-04-25T22:31:43.666Z,"5 km NE of Magna, Utah",earthquake,0.32,0.53,,12,reviewed,uu,uu
2020-03-18T14:02:12.830Z,40.7605,-112.0693333,9.07,4.59,mw,21,58,0.03587,0.19,uu,uu60363822,2020-06-06T20:53:47.040Z,"6 km NNE of Magna, Utah",earthquake,0.39,0.8,,17,reviewed,uu,uu
2020-03-18T13:09:31.530Z,40.751,-112.0783333,11.9,5.7,mw,54,50,0.04022,0.2,uu,uu60363602,2025-10-28T17:02:22.954Z,"5 km NNE of Magna, Utah",earthquake,0.3,0.39,,0,reviewed,uu,uu
2020-03-07T03:52:03.180Z,31.6893333,-114.5405,9.98,5.49,mw,13,106,0.3208,0.35,ci,ci38385946,2020-12-29T17:53:39.882Z,"71km SE of Estacion Coahuila, B.C., MX",earthquake,0.78,31.61,,6,reviewed,ci,ci
2020-02-15T21:23:41.230Z,25.0563,-109.6626,10,4.6,mb,,111,1.117,0.82,us,us70007r0d,2020-05-02T22:09:55.040Z,"85 km SSW of Campo Pesquero el Colorado, Mexico",earthquake,6.6,1.9,0.08,46,reviewed,us,us
2020-01-25T03:03:34.920Z,35.0975,-116.9696667,3.07,4.62,mw,46,33,0.2228,0.14,ci,ci39281440,2024-10-14T20:45:23.960Z,"23km NNE of Barstow, CA",earthquake,0.14,0.66,,6,reviewed,ci,ci
2020-01-19T19:08:42.322Z,38.0246,-97.973,5,4.5,mwr,,89,0.026,0.29,us,us60007att,2022-03-10T05:01:16.174Z,"2 km W of South Hutchinson, Kansas",earthquake,1.9,1.6,0.037,71,reviewed,us,us
2019-12-12T12:25:34.101Z,30.7213,-114.3417,10,4.6,mb,,139,1.019,1.22,us,us60006qim,2020-03-04T21:26:56.040Z,"58 km SE of San Felipe, Mexico",earthquake,3.9,1.9,0.111,24,reviewed,us,us
2019-11-30T01:45:12.620Z,42.776,-124.476666666667,16.65,4.53,ml,15,142,,0.25,uw,uw61562126,2020-02-19T18:58:22.040Z,"3 km NNE of Port Orford, Oregon",earthquake,0.4,0.79,0.124880414425303,10,reviewed,uw,uw
2019-10-15T19:42:30.540Z,36.6455,-121.274,10.1,4.71,mw,89,54,0.04759,0.14,nc,nc73292360,2022-03-17T21:17:41.666Z,"17km SSE of Tres Pinos, CA",earthquake,0.15,0.31,,4,reviewed,nc,nc
2019-09-10T04:25:55.631Z,39.5419,-116.5599,9.1,4.6,ml,53,67.17,0.857,0.2275,nn,nn00703188,2019-12-05T18:30:53.040Z,"44 km E of Austin, Nevada",earthquake,,2.2,0.27,23,reviewed,nn,nn
2019-08-22T20:49:50.180Z,35.9076667,-117.709,4.93,4.89,mw,78,20,0.007928,0.2,ci,ci38996632,2021-10-07T19:18:11.160Z,"18km E of Little Lake, CA",earthquake,0.12,0.28,,6,reviewed,ci,ci
2019-07-26T00:42:47.770Z,35.9258333,-117.7066667,3.79,4.74,mw,79,23,0.05071,0.16,ci,ci38644943,2021-10-05T21:47:07.220Z,"18km E of Little Lake, CA",earthquake,0.1,0.28,,6,reviewed,ci,ci
2019-07-18T03:59:14.720Z,36.113,-117.8875,1.56,4.64,mw,78,54,0.02682,0.18,ci,ci38593535,2021-10-06T19:26:39.990Z,"9km NE of Coso Junction, CA",earthquake,0.12,0.26,,6,reviewed,ci,ci
2019-07-12T13:11:37.990Z,35.6368333,-117.5861667,9.48,4.9,mw,103,16,0.02027,0.16,ci,ci38548295,2021-08-16T20:18:35.990Z,"8km ENE of Ridgecrest, CA",earthquake,0.09,0.18,,6,reviewed,ci,ci
2019-07-12T09:51:38.340Z,47.8728333333333,-122.016333333333,28.82,4.58,ml,75,37,,0.44,uw,uw61535372,2025-06-08T22:42:20.137Z,"2 km S of Roosevelt, Washington",earthquake,0.53,0.88,0.175257668551533,49,reviewed,uw,uw
2019-07-11T00:14:37.320Z,36.1766667,-117.884,0.93,4.52,mw,71,51,0.06351,0.17,ci,ci38525207,2021-12-08T21:44:21.960Z,"16km NNE of Coso Junction, CA",earthquake,0.11,0.22,,6,reviewed,ci,ci
2019-07-07T05:38:15.480Z,35.7683333,-117.5781667,10.45,4.53,mw,77,44,0.04985,0.16,ci,ci38472279,2021-11-09T22:57:42.940Z,"16km W of Searles Valley, CA",earthquake,0.12,0.26,,6,reviewed,ci,ci
2019-07-06T23:50:41.990Z,35.8235,-117.663,6.51,4.5,mw,69,28,0.05379,0.14,ci,ci38469375,2019-09-26T14:30:48.040Z,"23km N of Ridgecrest, CA",earthquake,0.11,0.3,,6,reviewed,ci,ci
2019-07-06T13:06:55.260Z,35.9283333,-117.705,2.37,4.5,mw,64,34,0.04844,0.16,ci,ci38463551,2019-09-26T14:30:42.040Z,"18km E of Little Lake, CA",earthquake,0.12,0.21,,6,reviewed,ci,ci
2019-07-06T09:28:28.980Z,35.898,-117.7271667,3.95,4.89,mw,67,37,0.0896,0.16,ci,ci38460967,2019-09-26T14:30:38.040Z,"17km ESE of Little Lake, CA",earthquake,0.13,0.38,,6,reviewed,ci,ci
2019-07-06T08:32:57.550Z,35.639,-117.4913333,3.14,4.56,mw,83,24,0.05751,0.15,ci,ci38460311,2019-09-26T14:30:37.040Z,"16km SSW of Searles Valley, CA",earthquake,0.11,0.27,,6,reviewed,ci,ci
2019-07-06T06:01:51.800Z,35.911,-117.7385,4.99,4.63,mw,67,36,0.07482,0.14,ci,ci38458679,2019-11-15T18:54:44.787Z,"15km E of Little Lake, CA",earthquake,0.09,0.4,,4,reviewed,ci,ci
2019-07-06T04:36:55.310Z,35.9,-117.7376667,1.9,4.85,mw,62,35,0.08153,0.17,ci,ci38457967,2020-03-05T21:00:31.509Z,"16km ESE of Little Lake, CA",earthquake,0.13,0.21,,5,reviewed,ci,ci
2019-07-06T04:18:55.790Z,35.9101667,-117.6848333,7.41,5.44,mw,66,37,0.07213,0.17,ci,ci38457847,2021-12-10T23:08:47.080Z,"20km E of Little Lake, CA",earthquake,0.12,0.36,,6,reviewed,ci,ci
2019-07-06T04:13:07.080Z,35.5846667,-117.6145,9.73,4.8,mlr,62,32,0.1185,0.18,ci,ci38457815,2019-11-15T18:23:14.307Z,"7km SE of Ridgecrest, CA",earthquake,0.13,0.36,0.165,229,reviewed,ci,ci
2019-07-06T04:07:04.570Z,35.5551667,-117.5215,5.5,4.68,mlr,90,24,0.05757,0.23,ci,ci38457775,2020-03-02T22:19:38.728Z,"16km ESE of Ridgecrest, CA",earthquake,0.13,0.51,0.219,249,reviewed,ci,ci
2019-07-06T03:50:59.710Z,35.9035,-117.7001667,8.26,4.97,mlr,43,38,0.05997,0.17,ci,ci38457703,2019-11-15T18:09:02.473Z,"19km E of Little Lake, CA",earthquake,0.16,0.41,0.184,246,reviewed,ci,ci
2019-07-06T03:47:53.420Z,35.9011667,-117.7495,5.04,5.5,mw,49,33,0.07334,0.16,ci,ci38457687,2020-07-09T21:44:24.632Z,"15km ESE of Little Lake, CA",earthquake,0.13,0.5,,4,reviewed,ci,ci
2019-07-06T03:29:32.080Z,35.9028333,-117.7115,3.18,4.51,mlr,27,42,0.06696,0.15,ci,ci38457583,2019-11-15T17:37:47.310Z,"18km ESE of Little Lake, CA",earthquake,0.2,0.6,0.191,15,reviewed,ci,ci
2019-07-06T03:27:11.370Z,35.5303333,-117.4313333,3.83,4.57,mlr,7,119,0.05475,0.1,ci,ci37219564,2019-09-06T17:32:11.137Z,"24km ESE of Ridgecrest, CA",earthquake,0.31,0.41,0.05,2,reviewed,ci,ci
2019-07-06T03:27:07.010Z,35.9138333,-117.7258333,8,4.5,mlr,27,56,0.07004,0.18,ci,ci37219180,2019-09-26T14:30:30.040Z,"16km E of Little Lake, CA",earthquake,0.27,0.56,0.181,20,reviewed,ci,ci
2019-07-06T03:25:27.970Z,35.8606667,-117.6708333,10.32,4.61,mlr,37,43,0.07456,0.2,ci,ci37219172,2019-09-26T14:30:25.040Z,"23km ESE of Little Lake, CA",earthquake,0.22,0.39,0.126,30,reviewed,ci,ci
2019-07-06T03:23:50.720Z,35.8031667,-117.6178333,11.44,4.84,mlr,39,54,0.02074,0.23,ci,ci37219164,2019-11-15T17:26:02.971Z,"20km WNW of Searles Valley, CA",earthquake,0.26,0.53,0.174,52,reviewed,ci,ci
2019-07-06T03:23:19.870Z,35.861,-117.6778333,6.82,4.52,mlr,13,85,0.07937,0.24,ci,ci37219468,2019-08-08T22:10:14.040Z,"22km ESE of Little Lake, CA",earthquake,0.47,1.03,0.143,6,reviewed,ci,ci
2019-07-06T03:22:48.300Z,35.891,-117.7365,9.1,4.64,mlr,29,34,0.08543,0.16,ci,ci37219156,2019-11-15T17:17:41.338Z,"16km ESE of Little Lake, CA",earthquake,0.2,0.43,0.12,21,reviewed,ci,ci
2019-07-06T03:22:35.630Z,35.6166667,-117.4301667,9.35,4.73,mlr,7,180,0.03984,0.14,ci,ci37219500,2021-02-19T19:17:42.104Z,"17km S of Searles Valley, CA",earthquake,0.66,0.69,0.035,3,reviewed,ci,ci
2019-07-06T03:22:17.100Z,35.748,-117.5456667,3.9,4.55,mlr,22,70,0.07966,0.2,ci,ci37219484,2019-08-08T22:07:42.040Z,"13km W of Searles Valley, CA",earthquake,0.28,0.72,0.199,14,reviewed,ci,ci
2019-07-06T03:22:03.570Z,35.9216667,-117.729,8.17,4.64,mlr,21,52,0.06897,0.15,ci,ci38457519,2019-11-15T17:23:05.605Z,"16km E of Little Lake, CA",earthquake,0.25,0.54,0.148,13,reviewed,ci,ci
2019-07-06T03:20:41.140Z,35.9496667,-117.7376667,9.28,4.81,mlr,13,93,0.06493,0.09,ci,ci37222196,2019-08-15T20:09:34.004Z,"15km E of Little Lake, CA",earthquake,0.23,0.45,0.162,11,reviewed,ci,ci
2019-07-06T03:19:53.040Z,35.7695,-117.5993333,8,7.1,mw,77,43,0.04616,0.22,ci,ci38457511,2025-11-03T03:30:18.148Z,"Ridgecrest Earthquake Sequence",earthquake,0.19,31.61,0.028,126,reviewed,ci,ci
2019-07-06T03:16:32.480Z,35.7253333,-117.5535,0.88,4.97,mw,83,35,0.09705,0.19,ci,ci38457487,2020-04-05T23:26:37.030Z,"14km WSW of Searles Valley, CA",earthquake,0.13,0.31,,6,reviewed,ci,ci
2019-07-05T11:07:53.040Z,35.7603333,-117.575,6.95,5.37,mw,79,43,0.05824,0.2,ci,ci38450263,2020-07-14T17:30:09.310Z,"16km W of Searles Valley, CA",earthquake,0.13,0.36,,6,reviewed,ci,ci
2019-07-04T19:21:32.090Z,35.6715,-117.4788333,5.16,4.5,mw,79,24,0.08589,0.16,ci,ci38443871,2019-09-26T14:30:12.040Z,"13km SSW of Searles Valley, CA",earthquake,0.12,0.39,,4,reviewed,ci,ci
2019-07-04T18:56:06.420Z,35.716,-117.56,1.92,4.58,mw,82,36,0.1041,0.17,ci,ci38443719,2020-05-21T01:06:05.310Z,"15km NE of Ridgecrest, CA",earthquake,0.09,0.21,,6,reviewed,ci,ci
2019-07-04T18:39:44.440Z,35.6013333,-117.597,2.81,4.59,mw,48,39,0.1109,0.14,ci,ci38443607,2020-05-21T01:04:23.535Z,"7km ESE of Ridgecrest, CA",earthquake,0.13,0.43,,4,reviewed,ci,ci
2019-07-04T17:33:49.000Z,35.7053333,-117.5038333,10.5,6.4,mw,62,47,0.1233,0.16,ci,ci38443183,2025-05-20T01:31:52.957Z,"Ridgecrest Earthquake Sequence",earthquake,0.15,0.36,,6,reviewed,ci,ci
2019-06-23T03:53:02.890Z,40.2735,-124.3003333,9.44,5.58,mw,34,159,0.03116,0.17,nc,nc73201181,2021-12-20T21:29:47.348Z,"6km SSW of Petrolia, CA",earthquake,0.34,0.21,,6,reviewed,nc,nc
2019-06-22T08:50:24.953Z,39.216,-99.4259,3,4.6,mww,,46,0.469,0.53,us,us600044l0,2020-07-10T17:29:36.529Z,"2 km SSE of Zurich, Kansas",earthquake,3.4,2,0.052,36,reviewed,us,us
2019-04-20T14:41:49.179Z,31.3428,-115.6838,10,4.5,mww,,184,0.697,0.65,us,us700039mz,2019-06-26T20:55:01.040Z,"53 km E of San Vicente, Mexico",earthquake,2.4,2,0.069,20,reviewed,us,us
2019-04-09T18:08:46.055Z,44.6972,-112.5078,14.45,4.6,mww,,41,0.131,0.43,us,us600032fs,2021-02-19T21:14:24.568Z,"9 km NE of Lima, Montana",earthquake,1.2,6.1,0.086,13,reviewed,us,us
2019-04-06T21:01:41.937Z,30.8278,-114.0297,10,5.2,mww,,131,0.736,0.64,us,us2000kbgw,2019-06-18T15:50:37.040Z,"71 km SW of Puerto Peñasco, Mexico",earthquake,2.5,1.8,0.039,62,reviewed,us,us
2019-01-17T12:56:37.110Z,29.6356,-114.1301,10,5.3,mww,,172,1.53,1.18,us,us2000j517,2019-04-05T21:40:59.040Z,"138 km NNW of San Luis, Mexico",earthquake,4.7,1.9,0.035,78,reviewed,us,us
2019-01-15T23:30:48.660Z,37.2318,-73.0097,10,4.6,mww,,74,2.146,1.2,us,us2000j4bf,2024-04-05T19:50:12.763Z,"220 km SE of Ocean City, Maryland",earthquake,6.8,1.9,0.089,12,reviewed,us,us
2019-01-05T09:36:58.640Z,26.1622,-110.6621,10,4.5,mb,,139,1.564,1.35,us,us2000j0h7,2019-03-08T17:50:16.040Z,"70 km ENE of Loreto, Mexico",earthquake,4.7,1.7,0.052,109,reviewed,us,us
2019-01-04T12:33:05.990Z,26.3588,-110.7377,10,4.9,mb,,136,1.649,0.98,us,us2000j09h,2019-03-08T17:50:15.040Z,"72 km ENE of Loreto, Mexico",earthquake,5.5,1.9,0.043,169,reviewed,us,us
2018-11-19T20:18:42.510Z,32.2065,-115.2535,10.95,4.82,mw,29,149,0.2168,0.38,ci,ci38138175,2019-02-02T20:02:26.040Z,"8km WSW of Alberto Oviedo Mota, B.C., MX",earthquake,0.79,31.61,,6,reviewed,ci,ci
2018-11-09T14:33:51.830Z,25.9824,-110.4898,10,4.9,mb,,153,2.339,1.06,us,us1000hpq9,2019-01-21T16:42:57.040Z,"86 km E of Loreto, Mexico",earthquake,8.2,1.9,0.048,136,reviewed,us,us
2018-07-28T02:33:49.530Z,31.3986,-114.3941,10,4.8,mww,,76,0.531,1.1,us,us2000gft1,2022-08-08T06:35:20.440Z,"33 km SSE of Golfo de Santa Clara, Mexico",earthquake,5.4,1.9,0.055,32,reviewed,us,us
2018-07-05T15:17:36.947Z,35.8945,-115.7758,8.6,4.5,ml,59,40.27,0.303,0.2678,nn,nn00642964,2019-07-05T14:26:17.112Z,"15 km WNW of Sandy Valley, Nevada",earthquake,,1.3,0.33,17,reviewed,nn,nn
2018-05-06T16:47:09.220Z,27.871,-88.6778,10,4.6,mb,,71,2.684,0.77,us,us1000dzed,2019-07-18T05:24:54.376Z,"169 km SSE of Venice, Louisiana",earthquake,7.1,1.9,0.042,170,reviewed,us,us
2018-04-09T10:22:20.300Z,36.2185,-97.5735,4.935,4.6,mww,,23,,0.25,us,us2000dwui,2020-03-20T02:12:09.267Z,"8 km NNE of Marshall, Oklahoma",earthquake,0.9,3.2,0.059,28,reviewed,tul,us
2018-04-07T12:16:03.300Z,36.2896,-97.5166,5.791,4.6,mww,,25,,0.16,us,us2000dw0r,2020-03-20T02:10:54.307Z,"5 km WNW of Lucien, Oklahoma",earthquake,0.7,5.2,0.068,21,reviewed,tul,us
2018-04-05T19:29:16.220Z,33.8198333,-119.734,9.82,5.29,mw,88,132,0.1935,0.27,ci,ci37908735,2022-09-08T17:02:07.740Z,"31km SW of Santa Cruz Is. (E end), CA",earthquake,0.32,31.61,,6,reviewed,ci,ci
2018-03-23T03:09:39.100Z,40.4278333,-124.5108333,25.19,4.66,mw,31,247,0.1406,0.15,nc,nc72988926,2018-06-19T01:35:48.040Z,"22km WNW of Petrolia, CA",earthquake,0.49,0.5,,4,reviewed,nc,nc
2018-03-19T23:36:41.520Z,31.0935,-114.275,10,4.8,mwr,,111,0.497,0.84,us,us1000d760,2022-08-08T01:42:39.221Z,"54 km E of San Felipe, Mexico",earthquake,4.6,1.9,0.037,72,reviewed,us,us
2018-01-21T17:04:12.580Z,30.2302,-114.2468,10,4.5,mb,,197,0.958,1.25,us,us2000cm5c,2022-08-07T23:20:36.403Z,"104 km SSE of San Felipe, Mexico",earthquake,7,1.9,0.058,89,reviewed,us,us
2018-01-20T13:48:54.420Z,26.6362,-111.0263,10,4.5,mb,,141,1.28,1.42,us,us2000clsy,2022-08-07T23:16:46.683Z,"76 km NNE of Loreto, Mexico",earthquake,5.2,1.9,0.088,38,reviewed,us,us
2018-01-19T16:48:28.010Z,26.6067,-111.1312,10,4.5,mb,,146,1.218,1.47,us,us2000cl8x,2018-04-10T01:11:47.040Z,"69 km NNE of Loreto, Mexico",earthquake,7.4,1.9,0.058,87,reviewed,us,us
2018-01-19T16:17:44.720Z,26.6862,-111.0785,10,6.3,mww,,109,1.214,1.45,us,us2000cl83,2023-04-01T14:47:14.196Z,"79 km NNE of Loreto, Mexico",earthquake,5.7,1.8,0.035,79,reviewed,us,us
2017-11-13T19:31:29.050Z,36.6305,-121.2443333,6.31,4.58,mw,82,55,0.05988,0.11,nc,nc72923380,2021-07-09T19:36:22.069Z,"18 km SSE of Tres Pinos, California",earthquake,0.12,0.36,,6,reviewed,nc,nc
2017-09-11T13:26:35.640Z,42.547,-111.4397,8.42,4.7,mww,,51,0.039,0.37,us,us2000ak17,2017-12-13T02:29:38.040Z,"9 km NW of Georgetown, Idaho",earthquake,2.1,5.5,0.053,34,reviewed,us,us
2017-09-10T11:12:39.050Z,42.6074,-111.4701,4.56,4.7,mww,,30,0.025,0.47,us,us2000ajbt,2017-12-13T02:29:34.040Z,"12 km ESE of Soda Springs, Idaho",earthquake,1,2.6,0.059,28,reviewed,us,us
2017-09-10T09:47:10.570Z,42.5629,-111.4155,9.83,5,mww,,24,0.034,0.75,us,us2000aj9i,2022-08-07T17:01:21.950Z,"9 km NNW of Georgetown, Idaho",earthquake,1.5,5,0.047,44,reviewed,us,us
2017-09-06T04:37:44.500Z,42.572,-111.4444,10,4.6,mww,,44,0.319,1.01,us,us2000agiz,2017-12-07T20:00:15.040Z,"11 km NNW of Georgetown, Idaho",earthquake,3.2,2,0.068,21,reviewed,us,us
2017-09-04T06:17:09.000Z,42.6213,-111.4516,5.71,4.5,mwr,,125,0.296,0.35,us,us2000afeu,2017-12-07T20:00:09.040Z,"13 km ESE of Soda Springs, Idaho",earthquake,1.7,1,0.037,69,reviewed,us,us
2017-09-03T17:41:39.590Z,42.6381,-111.474,7.69,4.7,mww,,136,0.303,0.56,us,us2000af79,2018-01-26T03:54:27.968Z,"10 km E of Soda Springs, Idaho",earthquake,1.5,4.2,0.06,27,reviewed,us,us
2017-09-03T16:49:17.380Z,42.6137,-111.4287,10,4.7,mww,,54,0.285,0.48,us,us2000af5z,2017-12-07T20:00:08.040Z,"15 km ESE of Soda Springs, Idaho",earthquake,1.8,1.9,0.058,29,reviewed,us,us
2017-09-02T23:56:52.630Z,42.6474,-111.4492,9.52,5.3,mww,,29,0.282,0.6,us,us2000aekg,2022-05-03T19:53:08.038Z,"12 km E of Soda Springs, Idaho",earthquake,2.1,3.1,0.038,68,reviewed,us,us
2017-07-06T06:35:35.960Z,46.8128,-112.665,14.73,5,mww,,107,0.876,0.57,us,us1000975k,2024-05-30T14:15:31.569Z,"15 km S of Lincoln, Montana",earthquake,4.9,5.9,0.046,46,reviewed,us,us
2017-07-06T06:30:17.000Z,46.8811,-112.5753,12.18,5.8,mww,,62,0.214,0.59,us,us10009757,2025-11-03T20:49:29.992Z,"11 km SE of Lincoln, Montana",earthquake,5.5,3.9,0.021,212,reviewed,us,us
2017-03-29T15:15:23.470Z,25.7127,-110.0237,17,5.7,mww,,68,0.894,0.83,us,us20008vll,2022-05-03T18:57:48.388Z,"71 km WSW of Las Grullas Margen Derecha, Mexico",earthquake,2.6,1.8,0.054,33,reviewed,us,us
2016-12-28T09:13:47.243Z,38.3777,-118.8957,8.8,5.5,ml,33,48.58,0.129,0.2187,nn,nn00570744,2023-02-06T19:24:50.549Z,"28 km SW of Hawthorne, Nevada",earthquake,,2,0.26,18,reviewed,nn,nn
2016-12-28T08:22:12.208Z,38.3904,-118.8972,12.2,5.6,ml,43,42.44,0.123,0.1913,nn,nn00570710,2022-05-03T18:07:18.115Z,"28 km WSW of Hawthorne, Nevada",earthquake,,1.2,0.32,18,reviewed,nn,nn
2016-12-28T08:18:00.613Z,38.3755,-118.8989,11.3,5.6,ml,37,35.89,0.133,0.1599,nn,nn00570709,2022-05-03T18:07:32.651Z,"29 km SW of Hawthorne, Nevada",earthquake,,1,0.35,20,reviewed,nn,nn
2016-12-14T16:41:05.530Z,38.8221667,-122.8413333,1.48,5.01,mw,85,26,0.01351,0.06,nc,nc72737985,2022-05-03T18:04:44.943Z,"10 km W of Cobb, California",earthquake,0.08,0.1,,6,reviewed,nc,nc
2016-12-13T13:27:34.050Z,25.1174,-109.4987,10,4.5,mb,,215,0.635,0.82,us,us200080fu,2017-03-09T02:14:30.040Z,"69 km SW of Topolobampo, Mexico",earthquake,6,1.9,0.052,109,reviewed,us,us
2016-11-20T21:14:29.760Z,24.673,-109.1901,10,4.6,mb,,118,0.933,0.99,us,us10007g2r,2017-02-15T23:21:30.040Z,"101 km SSW of El Huitusi, Mexico",earthquake,2.3,2,0.222,6,reviewed,us,us
2016-11-07T01:44:24.500Z,35.9907,-96.803,4.43,5,mww,,52,,0.25,us,us100075y8,2022-05-03T19:46:41.269Z,"3 km W of Cushing, Oklahoma",earthquake,0.5,1.8,,,reviewed,tul,us
2016-10-17T06:23:21.810Z,25.0912,-109.6315,10,4.6,mb,,102,0.737,1.12,us,us20007fwx,2017-01-15T01:13:59.040Z,"80 km SSW of Campo Pesquero el Colorado, Mexico",earthquake,4,2,0.546,1,reviewed,us,us
2016-10-13T03:55:12.520Z,25.476,-109.7346,24.03,5.3,mww,,114,0.639,0.99,us,us20007dr2,2022-05-03T18:01:46.021Z,"52 km SW of Campo Pesquero el Colorado, Mexico",earthquake,5,4.8,,,reviewed,us,us
2016-09-03T12:02:44.400Z,36.4251,-96.9291,5.557,5.8,mww,,69,,0.7,us,us10006jxs,2025-06-27T14:07:59.090Z,"14 km NW of Pawnee, Oklahoma",earthquake,1.2,6.1,,,reviewed,tul,us
2016-08-27T20:47:47.240Z,43.2226,-110.3593,12.3,4.8,mwr,,7,0.373,1.14,us,us20006umx,2022-05-03T17:57:53.444Z,"4 km ENE of Bondurant, Wyoming",earthquake,4.1,3.7,0.035,78,reviewed,us,us
2016-08-15T17:06:21.810Z,30.6368,-114.3145,10,4.5,mb,,151,0.61,0.97,us,us10006dxr,2016-11-15T02:21:50.040Z,"66 km SE of San Felipe, Mexico",earthquake,6.8,1.9,0.043,156,reviewed,us,us
2016-08-10T02:57:17.510Z,39.3293333,-122.8018333,14.45,5.09,mw,120,32,0.155,0.15,nc,nc72672610,2023-06-18T05:23:03.807Z,"20 km NNE of Upper Lake, California",earthquake,0.12,0.21,,6,reviewed,nc,nc
2016-07-21T23:09:05.780Z,40.7243333,-123.8918333,26.24,4.81,mw,49,39,0.14,0.17,nc,nc72664436,2019-02-21T21:54:18.846Z,"19km SSE of Blue Lake, CA",earthquake,0.26,0.81,,6,reviewed,nc,nc
2016-07-07T23:40:45.777Z,38.6516,-118.7943,9.1,4.5,ml,28,50.51,0.196,0.1551,nn,nn00550904,2018-07-02T17:58:20.550Z,"3 km W of Walker Lake, Nevada",earthquake,,1.2,0.34,14,reviewed,nn,nn
2016-06-10T08:04:38.700Z,33.4315,-116.4426667,12.31,5.19,mw,143,18,0.09275,0.23,ci,ci37374687,2022-10-18T03:23:41.007Z,"20km NNW of Borrego Springs, CA",earthquake,0.13,0.34,,6,reviewed,ci,ci
2016-03-28T00:12:54.690Z,30.2073,-114.3078,10,5.5,mww,,107,0.95,0.94,us,us20005ct5,2022-05-03T17:43:27.750Z,"103 km SSE of San Felipe, Mexico",earthquake,4.5,1.8,,,reviewed,us,us
2016-03-28T00:03:41.190Z,30.2219,-114.2783,10,5.1,mww,,89,0.951,0.97,us,us20005csz,2022-05-03T17:43:26.435Z,"103 km SSE of San Felipe, Mexico",earthquake,4.8,1.8,,,reviewed,us,us
2016-02-24T00:02:23.630Z,35.5423333,-119.3728333,22.14,4.87,mw,84,37,0.295,0.29,ci,ci37528064,2022-04-27T00:50:53.226Z,"6km SSW of Wasco, CA",earthquake,0.24,0.65,,6,reviewed,ci,ci
2016-02-16T23:04:26.910Z,37.2023333,-118.4035,15.06,4.77,mw,52,104,0.118,0.07,nc,nc72592670,2022-08-07T09:43:50.188Z,"8 km S of Wilkerson, California",earthquake,0.27,0.63,,6,reviewed,nc,nc
2016-02-13T17:07:06.290Z,36.4898,-98.709,8.31,5.1,mww,,17,0.218,1.09,us,us20004zy8,2022-05-03T19:07:31.004Z,"18 km SE of Waynoka, Oklahoma",earthquake,1.8,3.7,,,reviewed,us,us
2016-01-07T04:27:57.600Z,36.4955,-98.7254,4.058,4.7,mww,,118,,0.99,us,us10004bz5,2020-07-10T14:57:32.165Z,"16 km SE of Waynoka, Oklahoma",earthquake,4.1,3.5,,,reviewed,tul,us
2015-12-30T07:39:29.310Z,48.5865,-123.3003333,52.42,4.79,ml,27,81,0.1167,0.19,uw,uw61114971,2024-08-10T23:57:40.199Z,"12 km SE of North Saanich, Canada",earthquake,0.43,0.67,0.137,178,reviewed,uw,uw
2015-12-27T19:24:56.620Z,25.6559,-120.9243,10,4.9,mb,,196,7.229,1.39,us,us100049yu,2016-11-10T22:06:15.467Z,"North Pacific Ocean",earthquake,10.4,1.9,0.075,56,reviewed,us,us
2015-11-30T09:49:12.800Z,36.7509,-98.0561,5.629,4.7,mwr,,176,,0.66,us,us1000424d,2020-03-20T00:43:49.308Z,"8 km E of Nescatunga, Oklahoma",earthquake,3,4.9,0.022,190,reviewed,tul,us
2015-11-19T07:42:12.000Z,36.6602,-98.4594,5.914,4.7,mwr,,116,,0.66,us,us10003zgz,2023-03-08T16:58:07.403Z,"4 km SW of Lambert, Oklahoma",earthquake,3,4.2,0.04,59,reviewed,tul,us
2015-09-14T13:55:48.087Z,41.8594,-119.6271,9.7,4.7,ml,10,98.44,0.157,0.2669,nn,nn00510518,2020-05-21T01:39:22.642Z,"43 km E of Fort Bidwell, California",earthquake,,4.3,0.4,6,reviewed,nn,nn
2015-09-13T15:04:54.450Z,24.9039,-109.3154,10,4.9,mb,,83,1.206,0.84,us,us20003j5w,2022-08-01T04:48:19.387Z,"81 km SSW of Topolobampo, Mexico",earthquake,5.8,1.8,0.04,197,reviewed,us,us
2015-09-13T08:27:12.440Z,24.9529,-109.7119,10,5.2,mb,,56,1.006,0.92,us,us20003j54,2015-12-12T00:42:50.040Z,"Gulf of California",earthquake,4.3,1.8,0.042,189,reviewed,us,us
2015-09-13T08:14:08.560Z,24.913,-109.6226,10,6.7,mww,,123,1.256,0.65,us,us20003j4u,2022-08-07T08:15:45.108Z,"95 km SW of Topolobampo, Mexico",earthquake,6.6,2,,,reviewed,us,us
2015-09-13T07:57:33.460Z,24.8094,-109.5138,10,5.6,mww,,117,1.185,1.25,us,us20003j4t,2022-05-03T18:28:54.477Z,"99 km SSW of Topolobampo, Mexico",earthquake,8.1,2,,,reviewed,us,us
2015-09-13T07:40:36.570Z,24.9056,-109.6985,10,5.3,mwc,,102,0.973,1.4,us,us20003j4l,2022-08-01T04:45:26.401Z,"100 km SW of Topolobampo, Mexico",earthquake,3.8,1.7,,,reviewed,us,gcmt
2015-07-27T18:12:15.400Z,35.9889,-97.5717,5,4.5,mwr,,,,0.87,us,us200030gd,2020-07-10T16:13:35.528Z,"4 km NNE of Crescent, Oklahoma",earthquake,2,4.3,0.037,69,reviewed,tul,us
2015-07-27T01:05:33.610Z,41.8875,-119.6226,10.7,4.5,ml,7,104.43,0.144,0.1857,nn,nn00503760,2020-05-12T04:28:13.326Z,"43 km E of Fort Bidwell, California",earthquake,,2.4,0.33,6,reviewed,nn,nn
2015-07-20T06:31:32.290Z,25.4348,-109.6859,10,4.6,mb,,107,1.442,1.04,us,us20002ym9,2022-07-31T19:28:02.913Z,"51 km SW of Campo Pesquero el Colorado, Mexico",earthquake,7.1,1.9,0.041,179,reviewed,us,us
2015-07-16T01:52:11.994Z,41.8986,-119.6367,10.1,4.6,ml,6,155.91,0.129,0.184,nn,nn00501944,2020-05-02T03:35:01.760Z,"42 km E of Fort Bidwell, California",earthquake,,5.8,0.43,5,reviewed,nn,nn
2015-05-22T18:47:42.980Z,37.2925,-114.6546,4,5.3,ml,32,109.36,0.335,0.159,nn,nn00495477,2022-05-03T18:27:15.534Z,"37 km SSW of Caliente, Nevada",earthquake,,1.9,0.22,11,reviewed,nn,nn
2015-02-14T02:28:56.228Z,37.1418,-117.2618,17,4.8,ml,19,54.03,0.168,0.1919,nn,nn00482627,2020-05-02T03:32:22.257Z,"51 km WNW of Beatty, Nevada",earthquake,,1.3,0.28,6,reviewed,nn,nn
2015-02-09T01:45:03.110Z,31.5236667,-115.6743333,12.503,4.89,mw,6,134,0.5093,0.15,ci,ci37314320,2023-07-31T18:07:31.625Z,"87km ESE of Maneadero, B.C., MX",earthquake,0.78,31.61,,6,reviewed,ci,ci
2015-01-28T21:08:53.710Z,40.3178333,-124.6066667,16.881,5.72,mw,52,230,0.2459,0.13,nc,nc72387946,2023-01-22T07:44:02.853Z,"40 km SW of Ferndale, California",earthquake,0.54,0.33,,13,reviewed,nc,nc
2015-01-22T09:09:16.708Z,41.8833,-119.6332,11.7,4.5,ml,10,100.42,0.139,0.1541,nn,nn00478560,2021-05-24T22:48:24.288Z,"43 km E of Fort Bidwell, California",earthquake,,2.3,0.33,9,reviewed,nn,nn
2015-01-03T17:44:03.530Z,44.5074,-114.112,8.5,5,mww,,10,0.123,1.37,us,usc000tbfq,2022-08-07T06:53:29.218Z,"9 km E of Challis, Idaho",earthquake,4.4,3.3,,,reviewed,us,us
2014-12-01T05:57:37.030Z,35.0423,-111.7276,5,4.7,mww,,23,0.555,0.99,us,usb000t1hf,2022-08-07T05:18:42.593Z,"6 km SSW of Kachina Village, Arizona",earthquake,3.5,1.8,,,reviewed,us,us
2014-11-13T06:36:07.489Z,41.9009,-119.6224,0,4.6,ml,7,80.61,0.507,0.0742,nn,nn00467620,2022-08-07T04:02:29.094Z,"44 km E of Fort Bidwell, California",earthquake,,3.4,0.31,7,reviewed,nn,nn
2014-11-12T21:40:00.550Z,37.2713,-97.6206,4.03,4.9,mww,,31,0.135,0.23,us,usc000swru,2022-08-07T03:59:55.595Z,"4 km ENE of Milan, Kansas",earthquake,3.1,6.4,,,reviewed,us,us
2014-11-07T08:05:54.864Z,41.8805,-119.6299,0,4.7,ml,6,76.98,0.502,0.1903,nn,nn00466648,2022-08-07T03:39:59.839Z,"43 km E of Fort Bidwell, California",earthquake,,0,0.59,4,reviewed,nn,nn
2014-11-06T08:34:46.519Z,41.9061,-119.6573,5.2,4.7,ml,7,78.33,0.481,0.1662,nn,nn00466441,2022-06-21T03:49:26.360Z,"41 km E of Fort Bidwell, California",earthquake,,6.7,0.19,6,reviewed,nn,nn
2014-11-05T07:23:04.418Z,41.9078,-119.6202,0.1,4.6,ml,6,78.37,0.508,0.1359,nn,nn00466248,2022-08-07T03:29:54.972Z,"44 km E of Fort Bidwell, California",earthquake,,6.9,0.16,3,reviewed,nn,nn
2014-09-15T22:01:13.120Z,30.5637,-114.2865,5.23,4.6,mb,,113,0.677,0.98,us,usb000scsi,2016-03-11T09:46:50.949Z,"Baja California, Mexico",earthquake,5.1,2.4,0.065,71,reviewed,us,us
2014-09-15T18:40:05.650Z,30.6303,-114.2304,10,4.7,mb,,171,0.67,0.87,us,usb000scmn,2014-12-08T23:31:02.040Z,"72 km SE of San Felipe, Mexico",earthquake,7,1.9,0.063,78,reviewed,us,us
2014-09-15T18:37:16.550Z,30.8316,-113.8574,10,4.5,mb,,169,0.804,0.8,us,usb000sfxg,2014-12-08T23:31:02.040Z,"61 km SSW of Puerto Peñasco, Mexico",earthquake,5.3,1.9,0.27,4,reviewed,us,us
2014-09-15T18:27:20.610Z,30.4209,-114.2749,10,5.4,mww,,123,0.789,0.99,us,usb000scmd,2022-07-27T02:04:39.874Z,"86 km SE of San Felipe, Mexico",earthquake,6.7,1.8,,,reviewed,us,us
2014-09-15T12:42:33.870Z,30.3355,-113.9963333,9.961,4.5,mh,0,269,1.016,4.12,ci,ci37268352,2016-03-11T09:46:49.665Z,"228km SSE of Estacion Coahuila, B.C., MX",earthquake,12,31.61,,0,reviewed,ci,ci
2014-09-15T12:23:42.980Z,30.5825,-114.2381,10,4.9,mb,,80,0.695,1.33,us,usb000schm,2022-05-03T17:01:15.780Z,"75 km SE of San Felipe, Mexico",earthquake,5.8,1.8,0.035,260,reviewed,us,us
2014-09-15T06:50:09.170Z,30.5697,-114.2873,10,4.7,mb,,108,0.672,1.37,us,usb000scf6,2022-05-03T17:01:56.359Z,"73 km SE of San Felipe, Mexico",earthquake,6,1.8,0.048,136,reviewed,us,us
2014-08-24T10:20:44.070Z,38.2151667,-122.3123333,11.12,6.02,mw,369,28,0.03604,0.18,nc,nc72282711,2024-10-18T00:15:54.204Z,"The 2014 South Napa, California Earthquake",earthquake,0.11,0.15,,0,reviewed,nc,nc
2014-08-10T18:46:17.970Z,27.6814,-111.6319,10,5.5,mww,,78,0.65,1.29,us,usb000s1qs,2022-07-26T21:59:03.868Z,"65 km WSW of San Carlos, Mexico",earthquake,,1.8,,,reviewed,us,us
2014-07-22T06:50:25.470Z,25.8955,-110.4592,10,4.8,mwr,,136,1.791,1.04,us,usb000rw32,2014-10-17T21:12:15.000Z,"90 km E of Loreto, Mexico",earthquake,,1.7,0.066,22,reviewed,us,us
2014-07-05T16:59:34.090Z,34.2823333,-117.0266667,7.25,4.58,mw,188,32,,0.23,ci,ci15520985,2025-03-31T09:16:13.778Z,"11km NE of Running Springs, CA",earthquake,0.12,0.28,,6,reviewed,ci,ci
2014-06-29T04:59:35.390Z,32.5822,-109.1682,6.44,5.3,mww,,54,1.169,0.69,us,usc000rnfe,2022-07-26T18:29:21.204Z,"13 km SW of Franklin, Arizona",earthquake,,3.3,,,reviewed,us,us
2014-04-13T00:04:39.000Z,44.62,-114.33,3.5,4.8,mwr,,,,1.43,us,usc000pi6d,2022-08-06T23:09:26.630Z,"15 km NNW of Challis, Idaho",earthquake,,3.8,0.033,89,reviewed,mb,us
2014-03-30T12:34:39.160Z,44.7721667,-110.6846667,5.62,4.83,mw,35,63,0.04763,0.25,uu,uu60061837,2022-08-06T22:55:40.562Z,"22 km S of Mammoth, Wyoming",earthquake,0.41,0.79,,0,reviewed,uu,uu
2014-03-29T04:09:42.170Z,33.9325,-117.9158333,5.09,5.1,mw,321,9,0.01443,0.24,ci,ci15481673,2025-05-20T01:14:43.320Z,"2km NW of Brea, CA",earthquake,0.1,0.21,,6,reviewed,ci,ci
2014-03-22T00:58:09.440Z,30.44,-114.0633,12.5,5.3,mwr,,,,2.53,us,usc000nkku,2022-07-26T10:12:14.229Z,"98 km SE of San Felipe, Mexico",earthquake,,3.4,0.033,87,reviewed,ecx,us
2014-03-21T17:50:13.400Z,30.419,-114.062,14.71,4.6,mwr,,65,1.358,1.43,us,usc000nk1q,2014-05-24T00:54:38.000Z,"100 km SE of San Felipe, Mexico",earthquake,,4,0.065,23,reviewed,us,us
2014-03-21T17:37:13.140Z,30.4075,-114.0828,10.29,4.9,mwr,,95,1.348,1.46,us,usc000nk0p,2014-05-24T00:54:38.000Z,"99 km SE of San Felipe, Mexico",earthquake,,1.6,0.055,32,reviewed,us,us
2014-03-05T02:24:23.350Z,31.3228,-119.4094,7.2,4.6,mb,,176,1.921,0.67,us,usb000n1b3,2022-08-06T22:04:10.564Z,"246 km SSW of Avalon, California",earthquake,,5,0.051,117,reviewed,us,us
2014-01-20T08:38:37.120Z,27.6833,-105.7118,11.08,4.5,md,,110,0.746,1.18,us,usb000m4m7,2014-03-22T00:05:26.000Z,"27 km NNE of Valle de Zaragoza, Mexico",earthquake,,3.1,,16,reviewed,us,unm
2014-01-12T20:24:46.740Z,38.8135,-122.8161667,1.9,4.53,mw,103,25,0.01081,0.05,nc,nc72141176,2022-08-06T21:05:51.540Z,"8 km W of Cobb, California",earthquake,0.08,0.14,,10,reviewed,nc,nc
2013-12-26T06:15:06.060Z,27.8908,-111.9607,9.95,4.5,mwr,,117,0.62,1.01,us,usc000lrp1,2014-02-28T08:44:08.000Z,"68 km NNE of Santa Rosalía, Mexico",earthquake,,3,0.053,,reviewed,us,us
2013-12-23T16:45:49.310Z,25.7194,-66.6056,2.08,5.2,mwb,,48,5.896,0.85,us,usc000lqeg,2014-02-27T22:02:51.844Z,"North Atlantic Ocean",earthquake,,2.7,0.068,,reviewed,us,us
2013-12-20T05:27:08.000Z,31.22,-115.908,6,4.8,mwr,,,,1.57,us,usc000lnnb,2022-08-06T20:30:17.704Z,"34 km ESE of San Vicente, Mexico",earthquake,,1.8,0.066,,reviewed,ecx,us
2013-12-07T18:10:24.590Z,35.6073,-97.3863,8.44,4.5,mwr,,,,1.63,us,usb000ldeh,2022-08-06T20:07:33.930Z,"8 km SW of Arcadia, Oklahoma",earthquake,,3.9,0.039,,reviewed,tul,us
2013-10-21T15:55:27.050Z,30.0798,-113.5066,14.33,4.7,mb,,156,1.963,0.78,us,usb000khvv,2013-12-30T23:41:17.000Z,"80 km WNW of La Libertad, Mexico",earthquake,,5.4,0.183,,reviewed,us,us
2013-10-19T17:54:54.700Z,26.0913,-110.3209,9.45,6.6,mww,,44,1.98,1.1,us,usb000khbc,2022-08-06T18:28:09.459Z,"98 km SW of Etchoropo, Mexico",earthquake,,3,,,reviewed,us,us
2013-10-11T23:05:37.330Z,40.9835,-124.7498333,8.635,4.94,mw,124,214,0.4775,0.17,nc,nc72086051,2022-08-06T18:16:08.537Z,"50 km WNW of Samoa, California",earthquake,0.43,0.95,,6,reviewed,nc,nc
2013-10-04T11:19:01.190Z,27.8173,-105.642,8.16,4.7,mwr,,48,0.878,0.51,us,usb000k6cg,2022-07-25T23:16:41.588Z,"15 km WSW of Naica, Mexico",earthquake,,4.3,0.047,,reviewed,us,us
2013-09-21T13:16:33.080Z,42.9745,-109.128,76.2,4.8,mwr,,16,0.378,1.08,us,usb000jx4l,2022-08-06T17:50:41.163Z,"20 km W of Fort Washakie, Wyoming",earthquake,,3.7,0.039,,reviewed,us,us
2013-09-21T12:42:15.630Z,27.8448,-105.6603,10,4.8,mb,,41,0.906,0.57,us,usb000jx4h,2022-07-25T22:39:10.930Z,"16 km W of Naica, Mexico",earthquake,,1.8,0.04,,reviewed,us,us
2013-09-21T12:16:12.170Z,27.8013,-105.6794,10,5.4,mww,,41,0.862,0.54,us,usb000jx4c,2022-07-25T22:37:04.991Z,"19 km WSW of Naica, Mexico",earthquake,,1.4,,,reviewed,us,us
2013-09-15T09:23:41.820Z,27.7858,-105.7104,8.11,4.6,mwr,,41,0.848,1.22,us,usc000juue,2013-11-19T17:38:01.000Z,"22 km WSW of Naica, Mexico",earthquake,,3.8,0.046,,reviewed,us,us
2013-06-07T03:17:54.150Z,30.055,-114.161,10.2,4.7,mb,69,110,,1.11,us,usc000hhw4,2022-05-03T16:21:55.250Z,"125 km SSE of San Felipe, Mexico",earthquake,,2.7,,155,reviewed,us,us
2013-05-29T14:38:03.410Z,34.4061667,-119.9198333,7.12,4.8,mw,37,63,,0.44,ci,ci15350729,2022-08-06T15:58:27.420Z,"6km W of Isla Vista, CA",earthquake,0.46,1.56,,6,reviewed,ci,ci
2013-05-24T08:02:19.510Z,40.1795,-121.0781667,3.65,4.86,ml,30,136,0.08539,0.09,nc,nc71997821,2023-05-20T14:18:43.860Z,"1km NNW of Canyondam, CA",earthquake,0.32,1.13,0.162,84,reviewed,nc,nc
2013-05-24T03:47:08.180Z,40.1918333,-121.0595,7.968,5.69,mw,32,69,0.08649,0.08,nc,nc71996906,2022-08-06T15:40:22.649Z,"2 km NNE of Canyondam, California",earthquake,0.26,0.68,,5,reviewed,nc,nc
2013-05-17T13:43:24.440Z,45.7568333,-76.3533333,13,5.06,ml,17,141,,0.2,ld,ld60040526,2021-05-13T21:58:52.692Z,"20 km NNE of Shawville, Canada",earthquake,0.37,31.61,0.32,28,reviewed,ld,ld
2013-03-11T16:56:06.060Z,33.5008333,-116.4581667,10.943,4.7,mh,110,16,0.03525,0.22,ci,ci15296281,2022-08-06T14:16:28.267Z,"21km ESE of Anza, CA",earthquake,0.14,0.32,,0,reviewed,ci,ci
2013-02-13T00:10:14.393Z,38.0222,-118.0553,7.5,5.1,ml,29,81.88,0.206,0.1391,nn,nn00402688,2022-08-06T13:35:55.840Z,"39 km N of Dyer, Nevada",earthquake,,2.6,0.33,4,reviewed,nn,nn
2013-01-13T17:50:13.000Z,25.773,-110.126,10,5.4,mwc,268,123.9,,1.4,us,usp000jycm,2015-03-24T02:25:53.541Z,"79 km W of Las Grullas Margen Derecha, Mexico",earthquake,,,,,reviewed,us,gcmt
2013-01-13T16:28:26.220Z,25.891,-110.103,10,5.7,mww,429,60.1,,1.03,us,usp000jyce,2024-06-17T20:57:13.982Z,"76 km W of Las Grullas Margen Derecha, Mexico",earthquake,,,,,reviewed,us,us
2012-12-21T19:24:55.140Z,27.412,-111.6,15.8,4.5,mb,226,97.5,,1.46,us,usp000jx83,2015-03-24T01:36:39.123Z,"66 km E of Santa Rosalía, Mexico",earthquake,,9.3,,94,reviewed,us,us
2012-12-14T10:36:01.590Z,31.095,-119.66,13,6.3,mww,760,20.9,,1.29,us,usp000jwyb,2022-08-08T22:41:13.593Z,"279 km SSW of Avalon, California",earthquake,,,,,reviewed,us,us
2012-10-21T06:55:09.510Z,36.3096667,-120.856,8.619,5.29,mw,100,68,0.06126,0.13,nc,nc71863625,2022-08-06T12:13:01.276Z,"24 km NE of San Lucas, California",earthquake,0.17,0.42,,5,reviewed,nc,nc
2012-10-16T23:12:25.080Z,43.5973333,-70.656,16.09,4.67,ml,27,116,,0.27,ld,ld60036706,2021-05-13T21:58:36.254Z,"5 km W of Hollis Center, Maine",earthquake,0.47,0.79,0.15,42,reviewed,ld,ld
2012-10-13T20:41:27.000Z,25.162,-113.055,8.7,4.5,mb,225,130.3,,,us,usp000jty8,2014-11-07T01:49:05.083Z,"94 km W of Puerto Adolfo Lopez Mateos, Mexico",earthquake,,,,112,reviewed,unm,us
2012-10-08T06:26:23.020Z,25.127,-109.574,14,5.9,mww,520,35.8,,1.11,us,usp000jtqn,2022-05-03T17:12:03.451Z,"74 km SW of Topolobampo, Mexico",earthquake,,,,,reviewed,us,us
2012-09-28T15:24:51.000Z,24.84,-110.25,10,4.6,mb,166,106.8,,,us,usp000jt62,2022-05-03T15:50:57.734Z,"77 km N of La Paz, Mexico",earthquake,,,,86,reviewed,unm,us
2012-09-26T00:17:54.060Z,24.627,-110.25,10,4.9,mb,294,70.7,,0.89,us,usp000jsz6,2022-05-03T15:50:47.345Z,"53 km N of La Paz, Mexico",earthquake,,,,173,reviewed,us,us
2012-09-25T23:45:24.940Z,24.666,-110.173,10,6.3,mww,659,25.7,,1,us,usp000jsz4,2022-05-03T15:50:45.974Z,"59 km NNE of La Paz, Mexico",earthquake,,,,,reviewed,us,us
2012-09-25T15:15:09.890Z,39.1678333,-123.1658333,10.841,4.51,mw,92,30,0.1117,0.16,nc,nc71847715,2022-08-06T11:54:36.769Z,"3 km N of Talmage, California",earthquake,0.15,0.33,,6,reviewed,nc,nc
2012-08-28T13:18:58.970Z,30.357,-113.997,10,4.5,mwr,121,146.2,,1.31,us,usp000jqzs,2014-11-07T01:48:39.048Z,"109 km SE of San Felipe, Mexico",earthquake,,,,,reviewed,us,us
2012-08-27T23:16:00.510Z,30.545,-113.909,10,5.2,mwr,355,99.9,,1.4,us,usp000jqya,2015-03-24T01:32:20.647Z,"92 km SSW of Puerto Peñasco, Mexico",earthquake,,,,,reviewed,us,us
2012-08-27T05:23:20.340Z,30.551,-113.89,10,5.2,mb,428,80.8,,1.32,us,usp000jqw2,2015-03-24T01:32:19.353Z,"91 km SSW of Puerto Peñasco, Mexico",earthquake,,,,226,reviewed,us,us
2012-08-27T04:41:37.000Z,33.0211667,-115.5195,4.17,4.93,mw,40,82,0.04196,0.21,ci,ci15202921,2022-08-06T11:29:09.816Z,"5km NNE of Brawley, CA",earthquake,0.42,0.64,,6,reviewed,ci,ci
2012-08-26T23:33:25.130Z,33.028,-115.5305,7.47,4.63,mw,62,82,0.04411,0.22,ci,ci15201537,2022-08-06T11:27:52.798Z,"6km N of Brawley, CA",earthquake,0.26,0.63,,6,reviewed,ci,ci
2012-08-26T20:57:58.220Z,33.0185,-115.5403333,8.283,5.41,mw,47,47,0.0329,0.16,ci,ci15200401,2022-08-06T11:24:11.594Z,"4km NNW of Brawley, CA",earthquake,0.3,0.66,,6,reviewed,ci,ci
2012-08-26T19:33:01.090Z,33.0135,-115.5591667,4.387,4.89,mw,50,75,0.02933,0.17,ci,ci15199689,2022-08-06T11:21:19.970Z,"5km NW of Brawley, CA",earthquake,0.29,0.47,,6,reviewed,ci,ci
2012-08-26T19:31:23.040Z,33.0171667,-115.5536667,8.323,5.32,mw,56,73,0.03163,0.21,ci,ci15199681,2024-07-18T06:11:35.923Z,"5km NNW of Brawley, CA",earthquake,0.32,0.72,,6,reviewed,ci,ci
2012-08-26T19:20:04.810Z,33.0158333,-115.5363333,4.79,4.59,mw,23,87,0.03107,0.12,ci,ci15199593,2022-08-06T11:19:14.399Z,"4km N of Brawley, CA",earthquake,0.39,0.48,,6,reviewed,ci,ci
2012-08-02T22:13:18.610Z,24.999,-109.391,10,4.8,mb,270,162.3,,1.29,us,usp000jpt4,2015-03-24T02:27:06.478Z,"74 km SSW of Topolobampo, Mexico",earthquake,,,,206,reviewed,us,us
2012-07-01T06:36:06.350Z,32.2131667,-115.2886667,9.641,4.68,mw,14,189,0.2062,0.22,ci,ci11129914,2022-08-06T10:39:21.196Z,"11km W of Alberto Oviedo Mota, B.C., MX",earthquake,1.24,31.61,,6,reviewed,ci,ci
2012-07-01T03:25:20.450Z,32.2071667,-115.3431667,2.821,4.64,mw,10,187,0.2142,0.24,ci,ci11129826,2022-08-06T10:38:19.228Z,"16km W of Alberto Oviedo Mota, B.C., MX",earthquake,1.26,8.28,,0,reviewed,ci,ci
2012-05-17T08:12:00.990Z,31.926,-94.369,5,4.8,mwr,300,18.3,,1.24,us,usp000jkhb,2022-08-08T20:47:51.187Z,"3 km NE of Timpson, Texas",earthquake,,,,,reviewed,us,us
2012-05-01T17:11:16.880Z,44.109,-105.242,0,4.5,mb,193,9.8,,0.98,rusms,rusms00005218,2022-06-09T21:13:38.655Z,"Wyoming",explosion,,,,35,reviewed,us,us
2012-04-18T10:03:06.290Z,26.882,-111.447,10,4.5,mb,26,142.4,,1.29,us,usp000jj66,2014-11-07T01:47:33.900Z,"53 km E of Mulegé, Mexico",earthquake,,,,4,reviewed,us,us
2012-04-12T10:26:55.430Z,28.714,-113.07,10,4.9,mb,336,106,,1.12,us,usp000jhrq,2015-03-24T01:28:17.411Z,"73 km ENE of San Luis, Mexico",earthquake,,,,169,reviewed,us,us
2012-04-12T07:15:48.500Z,28.696,-113.104,13,7,mww,474,95.9,,1.18,us,usp000jhr6,2022-05-03T15:36:20.092Z,"69 km ENE of San Luis, Mexico",earthquake,,,,,reviewed,us,us
2012-04-12T07:12:43.380Z,28.723,-113.146,10,4.9,mb,69,107.6,,1.45,us,usp000jhr4,2014-11-07T01:47:29.941Z,"67 km ENE of San Luis, Mexico",earthquake,,,,52,reviewed,us,us
2012-04-12T07:06:00.570Z,28.837,-113.027,9,6,mwb,397,102.9,,1.15,us,usp000jhr3,2024-06-17T19:05:51.479Z,"83 km ENE of San Luis, Mexico",earthquake,,,,,reviewed,us,us
2012-04-12T06:48:37.820Z,28.682,-113.084,10,4.7,mb,236,107,,1.27,us,usp000jhr1,2014-11-07T01:47:29.856Z,"70 km ENE of San Luis, Mexico",earthquake,,,,123,reviewed,us,us
2012-04-12T02:29:39.270Z,41.927,-65.762,18,4.5,mb,218,76.6,,,us,usp000jhq9,2015-03-24T01:28:14.676Z,"207 km S of Shelburne, Canada",earthquake,,,,97,reviewed,ott,us
2012-02-14T10:09:28.440Z,32.1991667,-115.2085,9.963,4.87,mw,17,244,0.2344,0.31,ci,ci11066877,2022-08-06T09:07:43.490Z,"5km SW of Alberto Oviedo Mota, B.C., MX",earthquake,2.8,31.61,,0,reviewed,ci,ci
2012-02-13T21:07:02.770Z,41.1431667,-123.7903333,27.358,5.6,mw,41,72,0.1766,0.27,nc,nc71734741,2022-08-06T09:06:40.577Z,"26 km NNW of Willow Creek, California",earthquake,0.43,1.19,,4,reviewed,nc,nc
2012-01-22T00:39:51.110Z,30.289,-114.141,10,4.6,mb,157,108.4,,1.43,us,usp000jdtn,2014-11-07T01:46:49.271Z,"105 km SE of San Felipe, Mexico",earthquake,,,,83,reviewed,us,us
2011-12-23T12:32:40.660Z,30.603,-113.974,10,4.9,mwc,158,134.7,,1.29,us,usp000jcj9,2015-03-24T01:24:07.699Z,"89 km SSW of Puerto Peñasco, Mexico",earthquake,,,,,reviewed,us,gcmt
2011-12-04T15:35:37.860Z,26.006,-111.811,10,5.2,mwc,395,86.1,,0.96,us,usp000jbtq,2022-04-08T20:24:02.688Z,"46 km W of Loreto, Mexico",earthquake,,,,,reviewed,us,gcmt
2011-11-18T13:09:00.980Z,48.4693333,-119.6075,11.168,4.6,md,21,121,0.2138,0.26,uw,uw10831488,2023-12-14T05:31:22.629Z,"8 km WSW of Riverside, Washington",earthquake,0.87,0.94,0.04,21,reviewed,uw,uw
2011-11-08T02:46:57.000Z,35.531,-96.788,5,4.8,mwr,342,19.2,,,us,usp000jajb,2022-08-08T19:59:27.804Z,"9 km SSE of Sparks, Oklahoma",earthquake,,,,,reviewed,tul,us
2011-11-06T03:53:10.000Z,35.532,-96.765,5.2,5.7,mww,474,17.1,,,us,usp000jadn,2022-08-07T11:15:35.953Z,"8 km NW of Prague, Oklahoma",earthquake,,,,,reviewed,tul,us
2011-11-05T07:12:45.000Z,35.55,-96.764,3.1,4.8,mwr,322,17.2,,,us,usp000jac0,2022-08-08T19:41:52.429Z,"8 km SE of Sparks, Oklahoma",earthquake,,,,,reviewed,tul,us
2011-10-27T06:37:09.340Z,39.6055,-120.4715,11.974,4.73,mw,30,56,0.01892,0.07,nc,nc71671056,2022-08-06T08:10:47.285Z,"3 km WSW of Sattley, California",earthquake,0.24,0.49,,9,reviewed,nc,nc
2011-10-20T12:24:41.600Z,28.865,-98.079,5,4.8,mwr,220,30.6,,1.23,us,usp000j9kx,2022-08-08T19:38:16.400Z,"14 km SSW of Falls City, Texas",earthquake,,,,,reviewed,us,us
2011-10-03T22:36:32.390Z,31.157,-65.065,10,4.5,mb,109,66.5,,1.31,us,usp000j8w6,2014-11-07T01:46:02.825Z,"128 km SSW of Hamilton, Bermuda",earthquake,,,,44,reviewed,us,us
2011-10-01T07:07:00.547Z,38.8967,-118.7657,3.9,4.8,ml,26,103.47,0.329,0.1538,nn,nn00349954,2022-08-06T07:57:21.860Z,"7 km SSE of Schurz, Nevada",earthquake,,3.1,0.37,11,reviewed,nn,nn
2011-09-10T22:07:28.950Z,28.094,-112.141,10,4.9,mwc,201,71.4,,1.41,us,usp000j7wf,2014-11-07T01:45:52.604Z,"83 km SSW of Bahía de Kino, Mexico",earthquake,,,,,reviewed,us,gcmt
2011-09-05T16:58:01.460Z,25.013,-106.715,10,4.5,mb,161,74.9,,1.29,us,usp000j7nj,2015-03-24T02:05:59.345Z,"20 km SW of Canelas, Mexico",earthquake,,,,73,reviewed,us,us
2011-08-27T07:18:21.150Z,36.5843333,-121.1808333,7.5,4.64,mw,97,31,0.08108,0.08,nc,nc71627835,2022-08-06T07:38:12.113Z,"21 km NE of Soledad, California",earthquake,0.11,0.3,,5,reviewed,nc,nc
2011-08-25T05:07:52.290Z,37.9468333,-77.9671667,6.81,4.5,mlg,26,76,,0.51,se,se609218,2021-10-27T21:00:37.947Z,"8 km SW of Mineral, Virginia",earthquake,1.4,1.3,1.642,4,reviewed,se,se
2011-08-23T17:51:04.250Z,37.9096667,-77.9363333,6,5.8,mw,23,80,,0.48,se,se609212,2025-07-11T17:39:06.947Z,"11 km SSW of Mineral, Virginia",earthquake,1.9,2.4,,0,reviewed,se,se
2011-08-23T05:46:18.250Z,37.063,-104.701,4,5.3,mwr,187,26,,0.98,us,usp000j6wm,2023-11-27T02:26:56.258Z,"6 km S of Valdez, Colorado",earthquake,,1.8,,,reviewed,us,us
2011-08-22T23:30:19.870Z,37.032,-104.554,5,4.7,mwr,243,15.4,,1.23,us,usp000j6w4,2020-04-16T16:40:47.288Z,"9 km SSW of Starkville, Colorado",earthquake,,,,,reviewed,us,us
2011-07-26T19:40:27.590Z,24.957,-109.533,12.6,5.1,mwc,348,46.3,,1.14,us,usp000j5hx,2015-03-24T01:19:25.384Z,"86 km SW of Topolobampo, Mexico",earthquake,,6.3,,,reviewed,us,gcmt
2011-07-26T17:44:20.380Z,25.101,-109.525,12,6,mww,379,81.3,,1.19,us,usp000j5hr,2022-04-08T21:56:02.025Z,"73 km SW of Topolobampo, Mexico",earthquake,,,,,reviewed,us,us
2011-05-24T19:01:42.590Z,27.585,-111.563,10,5.1,mwc,167,87.5,,1.37,us,usp000j25c,2022-07-19T16:08:34.334Z,"65 km SW of San Carlos, Mexico",earthquake,,,,,reviewed,us,gcmt
2011-04-30T01:07:16.820Z,30.758,-105.751,10,4.6,md,30,131.4,,0.72,us,usp000j0sp,2014-11-07T01:44:39.334Z,"54 km SSE of Porvenir, Mexico",earthquake,,,,,reviewed,us,unm
2011-04-29T22:31:58.310Z,28.738,-113.125,10,5.2,mwr,267,80.4,,1.42,us,usp000j0sj,2022-04-08T21:46:21.111Z,"69 km ENE of San Luis, Mexico",earthquake,,,,,reviewed,us,us
2011-04-26T21:10:25.610Z,27.463,-111.533,11.2,5.3,mww,238,85,,1.36,us,usp000j0na,2022-07-19T13:41:36.324Z,"73 km SW of San Carlos, Mexico",earthquake,,7.8,,,reviewed,us,us
2011-04-20T18:21:44.420Z,27.424,-111.367,10,5,mwc,137,94.2,,1.47,us,usp000j0au,2022-07-19T12:59:17.929Z,"67 km SSW of San Carlos, Mexico",earthquake,,,,,reviewed,us,gcmt
2011-04-18T15:38:03.890Z,32.461,-65.597,10,4.6,mb,74,77.7,,0.85,us,usp000j06z,2022-07-19T12:44:31.178Z,"78 km WNW of Hamilton, Bermuda",earthquake,,6.7,,46,reviewed,us,us
2011-04-17T00:45:37.080Z,38.3891,-118.7433,5.1,4.6,ml,33,56.28,0.295,0.1647,nn,nn00424006,2018-06-28T20:54:38.942Z,"18 km SW of Hawthorne, Nevada",earthquake,,3.4,0.29,8,reviewed,nn,nn
2011-03-24T19:06:17.920Z,24.993,-109.682,27.9,4.6,mb,29,114.2,,0.9,us,usp000hygp,2014-11-07T01:44:19.293Z,"92 km SSW of Campo Pesquero el Colorado, Mexico",earthquake,,16.6,,10,reviewed,us,us
2011-03-24T17:25:32.730Z,25.295,-110.065,10,4.8,mb,75,70.4,,1.25,us,usp000hygc,2014-11-07T01:44:19.263Z,"91 km SW of Campo Pesquero el Colorado, Mexico",earthquake,,,,52,reviewed,us,us
2011-03-18T01:44:12.360Z,25.399,-109.687,10,4.5,mb,122,64.4,,1.38,us,usp000hxrt,2014-11-07T01:44:13.025Z,"54 km SW of Campo Pesquero el Colorado, Mexico",earthquake,,,,71,reviewed,us,us
2011-03-13T16:07:34.890Z,25.324,-109.773,10,4.6,mb,142,110.5,,1.11,us,usp000hwxf,2022-07-19T08:24:25.427Z,"66 km SW of Campo Pesquero el Colorado, Mexico",earthquake,,,,78,reviewed,us,us
2011-03-13T08:35:32.750Z,25.33,-109.521,10,5,mwc,30,147.1,,1.28,us,usp000hwts,2014-11-07T01:44:04.984Z,"51 km SSW of Campo Pesquero el Colorado, Mexico",earthquake,,,,,reviewed,us,gcmt
2011-03-13T02:50:07.950Z,25.298,-109.767,10,4.6,mb,139,89.2,,1.19,us,usp000hwqx,2014-11-07T01:44:04.364Z,"68 km SW of Campo Pesquero el Colorado, Mexico",earthquake,,,,64,reviewed,us,us
2011-03-12T21:58:38.300Z,25.236,-109.815,10,4.5,mb,85,122,,1.29,us,usp000hwmg,2014-11-07T01:44:03.584Z,"76 km SW of Campo Pesquero el Colorado, Mexico",earthquake,,,,43,reviewed,us,us
2011-03-12T20:16:56.320Z,25.331,-109.465,10,5,mwc,77,136.1,,1.43,us,usp000hwkf,2022-07-19T08:16:53.444Z,"49 km SSW of Campo Pesquero el Colorado, Mexico",earthquake,,,,,reviewed,us,gcmt
2011-03-12T17:54:15.370Z,25.391,-109.719,10,4.7,mb,128,117.8,,1.48,us,usp000hwjc,2014-11-07T01:44:03.186Z,"57 km SW of Campo Pesquero el Colorado, Mexico",earthquake,,,,93,reviewed,us,us
2011-03-12T17:13:00.590Z,25.379,-109.695,10,5.2,mwc,182,110.9,,1.41,us,usp000hwj1,2014-11-07T01:44:03.077Z,"56 km SW of Campo Pesquero el Colorado, Mexico",earthquake,,,,,reviewed,us,gcmt
2011-03-12T14:42:44.250Z,25.25,-109.544,10,4.5,mb,40,134.5,,1.38,us,usp000hwgp,2014-11-07T01:44:02.841Z,"60 km SSW of Campo Pesquero el Colorado, Mexico",earthquake,,,,8,reviewed,us,us
2011-03-12T14:11:03.020Z,25.317,-109.738,10,5.4,mwc,193,53.8,,1.32,us,usp000hwgf,2022-07-19T08:15:26.216Z,"64 km SW of Campo Pesquero el Colorado, Mexico",earthquake,,,,,reviewed,us,gcmt
2011-03-12T13:25:59.840Z,25.209,-109.82,12.6,5.6,mwc,145,118.6,,1.36,us,usp000hwfy,2022-04-08T21:39:13.003Z,"79 km SW of Campo Pesquero el Colorado, Mexico",earthquake,,15.1,,,reviewed,us,gcmt
2011-03-12T12:53:23.430Z,25.165,-109.894,10,4.6,mb,46,75.3,,1.18,us,usp000hwfn,2014-11-07T01:44:02.443Z,"87 km SW of Campo Pesquero el Colorado, Mexico",earthquake,,,,43,reviewed,us,us
2011-03-12T12:03:41.140Z,25.138,-109.793,10,4.5,mb,117,110.7,,1.2,us,usp000hwf0,2014-11-07T01:44:02.350Z,"83 km SW of Campo Pesquero el Colorado, Mexico",earthquake,,,,68,reviewed,us,us
2011-02-28T05:00:50.240Z,35.2686667,-92.3545,3.16,4.7,mw,19,54,,0.21,nm,nm608509,2023-11-27T02:22:03.910Z,"4 km NE of Greenbrier, Arkansas",earthquake,0.5,0.4,1.334,2,reviewed,nm,nm
2011-02-20T19:34:39.980Z,32.0468333,-115.2518333,9.908,4.5,mw,5,310,0.3743,0.18,ci,ci14937988,2022-08-06T05:51:01.875Z,"22km SSW of Alberto Oviedo Mota, B.C., MX",earthquake,1.58,31.61,,0,reviewed,ci,ci
2011-02-18T17:47:35.770Z,32.047,-115.0621667,14.929,5.09,mw,11,270,0.4246,0.26,ci,ci14937372,2022-08-06T05:49:00.680Z,"17km SSW of Estacion Coahuila, B.C., MX",earthquake,3.98,31.61,,7,reviewed,ci,ci
2011-01-26T00:11:28.000Z,31.236,-115.653,5,4.5,mb,55,181.9,,,us,usp000htnp,2016-03-14T20:12:39.979Z,"56 km ENE of Licenciado Gustavo Díaz Ordaz, Mexico",earthquake,,,,1,reviewed,ecx,us
2011-01-12T08:51:03.680Z,36.7711667,-121.4963333,7.661,4.5,mw,134,35,0.01802,0.19,nc,nc71508850,2022-08-06T05:30:14.096Z,"9 km SSE of San Juan Bautista, California",earthquake,0.15,0.28,,16,reviewed,nc,nc
2011-01-12T02:38:13.600Z,27.01,-111.414,10,5,mwc,99,135.1,,1.35,us,usp000hsy7,2022-07-19T02:14:45.192Z,"57 km ENE of Mulegé, Mexico",earthquake,,,,,reviewed,us,gcmt
2011-01-11T16:15:35.350Z,27.149,-111.546,10,4.5,mb,28,98.1,,1.2,us,usp000hsxh,2014-11-07T01:43:25.461Z,"51 km ENE of Mulegé, Mexico",earthquake,,,,19,reviewed,us,us
2011-01-03T18:11:20.680Z,25.912,-110.558,10,5,mwc,37,84.4,,1.34,us,usp000hshu,2014-11-07T01:43:21.029Z,"79 km E of Loreto, Mexico",earthquake,,,,,reviewed,us,gcmt
2011-01-03T12:06:36.860Z,38.2471667,-112.3451667,11.09,4.56,ml,23,47,0.2414,0.23,uu,uu50419770,2019-06-28T18:48:46.938Z,"10 km NW of Circleville, Utah",earthquake,0.49,1.02,,12,reviewed,uu,uu
2010-12-11T12:52:26.310Z,32.1633333,-115.2638333,13.005,4.71,mw,13,250,0.2578,0.18,ci,ci14895612,2022-08-06T05:07:35.065Z,"11km SW of Alberto Oviedo Mota, B.C., MX",earthquake,2.48,1.12,,6,reviewed,ci,ci
2010-12-04T23:56:23.590Z,25.433,-109.904,11.7,5,mwc,218,61.5,,1.27,us,usp000hqhd,2022-07-19T01:03:43.679Z,"69 km WSW of Campo Pesquero el Colorado, Mexico",earthquake,,5.5,,,reviewed,us,gcmt
2010-11-04T19:39:59.550Z,32.8645,-115.9973333,13.146,4.57,ml,64,39,0.03251,0.25,ci,ci10832573,2022-08-06T04:49:34.854Z,"14km N of Ocotillo, CA",earthquake,0.26,0.58,0.146,196,reviewed,ci,ci
2010-10-21T17:59:00.640Z,24.752,-109.26,10,5.3,mb,41,103.7,,1.32,us,usp000hncn,2014-11-07T01:42:44.593Z,"96 km SSW of Topolobampo, Mexico",earthquake,,,,2,reviewed,us,us
2010-10-21T17:53:13.570Z,24.696,-109.156,13,6.7,mwc,352,50.3,,1.21,us,usp000hncm,2022-07-18T22:42:34.824Z,"97 km SSW of El Huitusi, Mexico",earthquake,,,,,reviewed,us,us
2010-10-21T14:26:38.130Z,24.631,-109.186,2.6,4.9,mwc,134,84.7,,1.12,us,usp000hnce,2016-11-10T02:35:05.051Z,"105 km SSW of El Huitusi, Mexico",earthquake,,7.4,,,reviewed,us,gcmt
2010-10-20T03:39:28.950Z,24.722,-108.892,10,4.9,mwc,146,91.2,,1.4,us,usp000hnah,2016-11-10T02:34:57.250Z,"84 km SSW of El Progreso, Mexico",earthquake,,,,,reviewed,us,gcmt
2010-09-20T00:30:02.400Z,32.0261667,-115.1083333,9.939,4.75,mw,9,272,0.4261,0.22,ci,ci14844244,2022-08-06T04:33:34.490Z,"21km SSW of Estacion Coahuila, B.C., MX",earthquake,4.9,31.61,,0,reviewed,ci,ci
2010-09-15T07:50:07.130Z,29.787,-114.141,10,5.3,mwc,270,78.1,,1.47,us,usp000hkrd,2022-07-18T20:08:30.985Z,"140 km W of La Libertad, Mexico",earthquake,,,,,reviewed,us,gcmt
2010-09-14T10:52:18.000Z,32.0485,-115.1981667,9.939,4.96,mw,12,263,0.3808,0.21,ci,ci10798005,2022-08-06T04:31:31.041Z,"20km S of Alberto Oviedo Mota, B.C., MX",earthquake,1.95,31.61,,0,reviewed,ci,ci
2010-08-05T00:04:17.860Z,43.596,-110.391,5,4.8,mwr,120,24.6,,0.97,us,usp000hhj8,2022-08-09T08:05:26.551Z,"19 km E of Kelly, Wyoming",earthquake,,,,,reviewed,us,us
2010-07-07T23:53:33.480Z,33.4173333,-116.4746667,12.318,5.42,mw,112,19,0.09786,0.23,ci,ci10736069,2022-08-06T03:46:43.497Z,"20km NNW of Borrego Springs, CA",earthquake,0.16,0.35,,7,reviewed,ci,ci
2010-06-23T17:41:42.700Z,45.8835,-75.475,18.89,5.35,ml,56,82,,0.28,ld,ld2010062300,2025-10-17T16:56:34.186Z,"29 km NNE of Val-des-Monts, Canada",earthquake,0.25,0.31,0.2,,reviewed,ld,ld
2010-06-15T04:26:58.240Z,32.705,-115.9113333,8.756,5.71,mw,45,71,0.05832,0.2,ci,ci14745580,2025-08-10T18:44:50.070Z,"8km ESE of Ocotillo, CA",earthquake,0.41,0.83,,6,reviewed,ci,ci
2010-05-26T19:39:29.120Z,25.498,-109.829,10,4.8,mwc,26,128.3,,1.24,us,usp000hd75,2016-11-10T02:28:43.094Z,"59 km WSW of Campo Pesquero el Colorado, Mexico",earthquake,,,,,reviewed,us,gcmt
2010-05-22T17:33:17.900Z,32.6243333,-115.7683333,7.493,4.6,mw,32,131,0.04329,0.14,ci,ci14718764,2022-08-06T02:48:48.318Z,"18km WNW of Progreso, B.C., MX",earthquake,0.56,0.76,,6,reviewed,ci,ci
2010-05-22T17:30:58.170Z,32.6168333,-115.7563333,8.073,4.9,mw,38,132,0.0411,0.17,ci,ci14718756,2022-08-06T02:47:40.828Z,"17km WNW of Progreso, B.C., MX",earthquake,0.54,0.69,,0,reviewed,ci,ci
2010-05-19T00:38:59.780Z,32.6601667,-115.8253333,8.913,4.53,mw,32,80,0.008128,0.18,ci,ci10671989,2022-08-06T02:41:01.008Z,"18km ESE of Ocotillo, CA",earthquake,0.55,0.61,,0,reviewed,ci,ci
2010-05-11T23:08:28.010Z,27.763,-115.23,10,4.5,mb,96,91.6,,1.16,us,usp000hcn8,2014-11-07T01:41:28.820Z,"33 km WNW of Bahía Tortugas, Mexico",earthquake,,,,48,reviewed,us,us
2010-05-09T10:42:52.970Z,27.674,-115.191,10,4.8,mb,271,127.8,,1.25,us,usp000hcht,2022-07-16T13:11:49.859Z,"29 km W of Bahía Tortugas, Mexico",earthquake,,,,122,reviewed,us,us
2010-05-08T18:46:27.460Z,32.6755,-115.8101667,2.383,4.69,mw,43,88,0.02652,0.18,ci,ci10657549,2022-08-06T02:27:59.474Z,"18km ESE of Ocotillo, CA",earthquake,0.32,0.52,,6,reviewed,ci,ci
2010-05-08T18:33:10.750Z,32.6815,-115.7971667,5.955,4.8,mw,54,97,0.02883,0.24,ci,ci10657533,2022-08-06T02:26:51.544Z,"19km ESE of Ocotillo, CA",earthquake,0.37,31.61,,0,reviewed,ci,ci
2010-05-04T11:26:32.050Z,32.2636667,-115.2866667,14.059,4.68,ml,21,224,0.1562,0.26,ci,ci14692836,2022-08-06T02:17:20.744Z,"12km WNW of Alberto Oviedo Mota, B.C., MX",earthquake,1.56,1.04,0.156,193,reviewed,ci,ci
2010-04-27T10:55:35.720Z,32.6921667,-115.8465,3.278,4.58,mw,43,56,0.02767,0.23,ci,ci14682004,2022-08-06T02:12:05.840Z,"14km ESE of Ocotillo, CA",earthquake,0.3,0.46,,6,reviewed,ci,ci
2010-04-22T17:12:13.050Z,32.6595,-115.8075,5.315,4.63,ml,40,125,0.0165,0.21,ci,ci10629477,2022-08-06T02:07:48.245Z,"19km ESE of Ocotillo, CA",earthquake,0.41,0.34,0.133,408,reviewed,ci,ci
2010-04-15T23:59:39.260Z,41.7133333,-111.094,10.16,4.89,ml,29,88,0.2638,0.21,uu,uu50407595,2022-06-21T03:33:37.998Z,"9 km NE of Randolph, Utah",earthquake,0.52,1.26,,22,reviewed,uu,uu
2010-04-15T10:20:46.910Z,32.096,-115.0111667,16.603,4.73,mw,7,311,0.2135,0.08,ci,ci10612285,2022-08-06T01:57:32.842Z,"11km S of Estacion Coahuila, B.C., MX",earthquake,2.62,1.51,,6,reviewed,ci,ci
2010-04-10T09:12:28.030Z,32.6753333,-115.7581667,9.715,4.5,mw,45,55,0.00853,0.2,ci,ci10597061,2022-08-06T01:44:56.777Z,"20km WNW of Progreso, B.C., MX",earthquake,0.35,0.52,,0,reviewed,ci,ci
2010-04-09T23:05:42.000Z,32.1818333,-115.245,12.267,4.7,mw,21,247,0.187,0.16,ci,ci10595133,2022-08-06T01:35:53.280Z,"9km SW of Alberto Oviedo Mota, B.C., MX",earthquake,1.16,1.37,,0,reviewed,ci,ci
2010-04-08T16:44:25.010Z,32.1646667,-115.2683333,9.985,5.29,mw,20,249,0.4901,0.2,ci,ci10589037,2022-08-06T01:25:22.927Z,"12km SW of Alberto Oviedo Mota, B.C., MX",earthquake,1.52,31.61,,6,reviewed,ci,ci
2010-04-06T10:06:37.750Z,32.6651667,-115.8106667,1.733,4.51,ml,39,158,0.07283,0.23,ci,ci14618772,2022-08-06T01:06:22.600Z,"19km ESE of Ocotillo, CA",earthquake,0.46,0.67,0.13,209,reviewed,ci,ci
2010-04-06T08:12:23.620Z,31.8315,-115.0126667,9.961,4.67,ml,9,289,0.8188,0.16,ci,ci14618236,2022-08-06T01:08:26.750Z,"40km S of Estacion Coahuila, B.C., MX",earthquake,5.92,31.61,0.152,273,reviewed,ci,ci
2010-04-06T04:12:21.260Z,32.5936667,-115.7738333,3.983,4.56,ml,34,195,0.06844,0.23,ci,ci14617100,2022-08-06T01:01:32.477Z,"18km W of Progreso, B.C., MX",earthquake,0.45,0.53,0.132,174,reviewed,ci,ci
2010-04-06T01:23:00.820Z,32.2151667,-115.0715,9.994,4.51,ml,7,263,0.5276,0.4,ci,ci14616380,2022-08-06T01:07:25.178Z,"7km WNW of Estacion Coahuila, B.C., MX",earthquake,4.77,31.61,0.229,189,reviewed,ci,ci
2010-04-05T13:33:05.360Z,32.6401667,-115.8018333,0.002,4.73,mw,36,188,0.06431,0.23,ci,ci14613212,2022-08-06T00:51:39.120Z,"21km ESE of Ocotillo, CA",earthquake,0.51,0.83,,6,reviewed,ci,ci
2010-04-05T11:14:14.890Z,32.6638333,-115.8088333,13.653,4.93,mw,37,160,0.07104,0.29,ci,ci14612516,2022-08-06T00:49:12.642Z,"19km ESE of Ocotillo, CA",earthquake,0.73,0.84,,0,reviewed,ci,ci
2010-04-05T03:15:24.770Z,32.6465,-115.8055,1.243,4.96,ml,35,181,0.06681,0.21,ci,ci14609660,2022-08-06T00:44:45.402Z,"20km ESE of Ocotillo, CA",earthquake,0.71,0.9,0.142,178,reviewed,ci,ci
2010-04-05T02:47:27.410Z,32.2851667,-115.3025,10.003,4.51,ml,15,239,0.5262,0.19,ci,ci30389759,2020-06-27T07:25:08.642Z,"13km SW of Delta, B.C., MX",earthquake,1.36,31.61,0.169,198,reviewed,ci,ci
2010-04-05T01:52:25.420Z,32.5933333,-115.7733333,4.085,4.68,ml,35,195,0.1369,0.23,ci,ci14608980,2017-02-08T01:33:20.320Z,"18km W of Progreso, B.C., MX",earthquake,0.64,0.67,0.159,74,reviewed,ci,ci
2010-04-05T01:25:34.670Z,32.1445,-115.1148333,10.015,4.64,mw,9,302,0.7162,0.19,ci,ci30213759,2017-02-08T04:55:18.367Z,"11km SSE of Alberto Oviedo Mota, B.C., MX",earthquake,1.51,31.61,,0,reviewed,ci,ci
2010-04-05T00:07:07.920Z,31.9788333,-115.1341667,9.994,5.22,ml,9,276,0.7555,0.38,ci,ci10148002,2022-05-12T17:54:17.835Z,"27km SSW of Estacion Coahuila, B.C., MX",earthquake,7.67,31.61,0.156,123,reviewed,ci,ci
2010-04-04T23:37:33.490Z,32.4623333,-115.5978333,9.966,4.7,ml,22,244,0.2158,0.25,ci,ci14607972,2022-07-16T09:45:19.425Z,"13km S of Progreso, B.C., MX",earthquake,1.16,31.61,0.156,181,reviewed,ci,ci
2010-04-04T23:25:07.190Z,32.2661667,-115.2925,9.987,5.38,mw,10,278,0.5296,0.3,ci,ci14607924,2022-05-02T21:50:24.255Z,"12km WNW of Alberto Oviedo Mota, B.C., MX",earthquake,3.12,31.61,,6,reviewed,ci,ci
2010-04-04T23:17:13.080Z,32.2211667,-115.2906667,9.995,4.56,ml,8,259,0.5639,0.22,ci,ci10169094,2017-02-08T15:42:53.506Z,"11km W of Alberto Oviedo Mota, B.C., MX",earthquake,2.61,31.61,0.11,11,reviewed,ci,ci
2010-04-04T23:15:14.240Z,32.3,-115.2595,9.987,5.43,mw,8,254,0.4955,0.23,ci,ci14607836,2022-05-02T22:35:48.114Z,"9km SW of Delta, B.C., MX",earthquake,1.8,31.61,,4,reviewed,ci,ci
2010-04-04T23:09:40.110Z,32.204,-115.3328333,9.979,4.79,ml,9,284,0.6059,0.17,ci,ci14607820,2020-07-07T22:06:16.238Z,"16km W of Alberto Oviedo Mota, B.C., MX",earthquake,2.12,31.61,0.18,305,reviewed,ci,ci
2010-04-04T22:50:17.120Z,32.0986667,-115.0481667,10.011,5.7,mw,5,296,0.7811,0.33,ci,ci31957759,2022-05-02T21:51:30.725Z,"12km SSW of Estacion Coahuila, B.C., MX",earthquake,3.14,31.61,,4,reviewed,ci,ci
2010-04-04T22:43:00.430Z,32.4533333,-115.632,9.981,5.26,ml,16,239,0.3162,0.26,ci,ci10184394,2017-02-08T15:33:36.578Z,"15km SSW of Progreso, B.C., MX",earthquake,1,31.61,0.11,13,reviewed,ci,ci
2010-04-04T22:40:42.360Z,32.2861667,-115.2953333,9.987,7.2,mw,10,239,0.5137,0.11,ci,ci14607652,2025-09-10T07:24:58.688Z,"The 2010 Sierra El Mayor, B.C., Mexico Earthquake",earthquake,1.81,31.61,,0,reviewed,ci,ci
2010-03-30T09:14:10.460Z,31.276,-114.049,10,4.6,mb,38,160.6,,1.17,us,usp000ha4x,2014-11-07T01:41:06.521Z,"48 km W of Puerto Peñasco, Mexico",earthquake,,,,8,reviewed,us,us
2010-03-06T08:47:37.870Z,40.32,-124.733,12.543,4.5,mh,6,293,5.654,0.07,ci,ci14597412,2016-03-10T05:53:51.443Z,"49km SW of Ferndale, CA",earthquake,4.68,31.61,,0,reviewed,ci,ci
2010-03-06T08:46:23.810Z,40.3198333,-124.7333333,12.397,4.53,mw,78,237,0.3324,0.12,nc,nc71359410,2022-08-06T00:13:23.309Z,"48 km SW of Ferndale, California",earthquake,0.39,0.42,,4,reviewed,nc,nc
2010-02-04T20:20:21.970Z,40.4123333,-124.9613333,23.048,5.88,mw,41,233,0.4802,0.19,nc,nc71348851,2022-08-05T23:49:31.575Z,"61 km WSW of Ferndale, California",earthquake,1.42,7.41,,7,reviewed,nc,nc
2010-01-10T00:27:39.320Z,40.652,-124.6925,28.737,6.5,mw,51,220,0.3225,0.2,nc,nc71338066,2024-02-25T07:18:33.872Z,"The 2010 Eureka, California Earthquake",earthquake,0.55,1.31,,8,reviewed,nc,nc
2009-12-30T18:53:23.960Z,32.5323333,-115.2081667,5.986,4.77,ml,21,193,0.2792,0.34,ci,ci14565636,2020-07-07T22:05:21.405Z,"14km ESE of Puebla, B.C., MX",earthquake,1.75,31.61,0.12,302,reviewed,ci,ci
2009-12-30T18:48:57.330Z,32.464,-115.1891667,5.971,5.8,mw,19,205,0.324,0.39,ci,ci14565620,2022-08-05T23:13:27.083Z,"12km N of Delta, B.C., MX",earthquake,1.83,31.61,,7,reviewed,ci,ci
2009-12-21T08:53:10.170Z,28.939,-113.125,10,4.8,mwc,75,104.2,,1.39,us,usp000h587,2016-11-10T02:21:49.384Z,"82 km NE of San Luis, Mexico",earthquake,,,,,reviewed,us,gcmt
2009-12-13T16:59:12.630Z,26.291,-110.559,10,5.1,mwc,79,83.5,,1.12,us,usp000h50m,2022-07-15T22:32:24.092Z,"84 km ENE of Loreto, Mexico",earthquake,,,,,reviewed,us,gcmt
2009-11-16T21:21:30.630Z,35.5485,-117.2745,1.248,4.6,ml,54,46,0.0771,0.23,ci,ci10497821,2022-08-05T22:59:20.974Z,"26km SSE of Trona, CA",earthquake,0.28,0.64,0.135,377,reviewed,ci,ci
2009-10-26T09:56:58.800Z,25.512,-107.567,10,4.5,md,11,94,,,us,usp000h3e4,2014-11-07T01:39:58.618Z,"16 km N of Badiraguato, Mexico",earthquake,,,,,reviewed,unm,unm
2009-10-16T10:27:15.260Z,30.045,-113.931,10,4.6,mb,102,185.8,,1.14,us,usp000h328,2022-07-15T19:09:13.786Z,"120 km W of La Libertad, Mexico",earthquake,,,,43,reviewed,us,us
2009-10-14T02:53:13.160Z,30.301,-114.11,10,4.5,mb,57,152.1,,1.23,us,usp000h2xg,2022-07-15T18:52:20.778Z,"106 km SE of San Felipe, Mexico",earthquake,,,,16,reviewed,us,us
2009-10-08T06:01:07.360Z,30.061,-114.073,10,4.6,mb,135,99.5,,1.37,us,usp000h2jj,2014-11-07T01:39:53.769Z,"Baja California, Mexico",earthquake,,,,32,reviewed,us,us
2009-10-08T04:45:47.930Z,30.07,-114.166,10,4.5,mb,18,245.1,,1.08,us,usp000h2jd,2014-11-07T01:39:53.747Z,"123 km SSE of San Felipe, Mexico",earthquake,,,,1,reviewed,us,us
2009-10-08T04:10:51.650Z,30.284,-113.781,10,4.5,mb,20,196.1,,1.09,us,usp000h2j8,2014-11-07T01:39:53.723Z,"112 km WNW of La Libertad, Mexico",earthquake,,,,1,reviewed,us,us
2009-10-08T01:38:36.300Z,30.304,-114.031,10,4.7,mb,58,167.6,,1.26,us,usp000h2hp,2022-07-15T18:47:24.407Z,"111 km SE of San Felipe, Mexico",earthquake,,,,9,reviewed,us,us
2009-10-03T05:31:57.720Z,36.39,-117.8635,0.08,4.66,ml,36,51,0.1674,0.25,ci,ci14520476,2022-08-05T22:15:38.376Z,"18km NE of Olancha, CA",earthquake,0.37,0.9,0.131,399,reviewed,ci,ci
2009-10-03T01:16:00.310Z,36.391,-117.8608333,-1.77,5.19,mw,36,50,0.1658,0.33,ci,ci14519780,2022-08-05T22:11:26.331Z,"18km NE of Olancha, CA",earthquake,0.46,1.22,,6,reviewed,ci,ci
2009-10-03T01:10:26.100Z,36.3863333,-117.8681667,1.688,4.85,ml,23,52,0.172,0.28,ci,ci14519764,2022-08-05T22:15:48.623Z,"17km NE of Olancha, CA",earthquake,0.37,31.61,0.135,372,reviewed,ci,ci
2009-10-03T01:09:19.140Z,36.391,-117.8638333,0.7,4.74,ml,36,51,0.1665,0.26,ci,ci14519756,2022-08-05T22:14:38.857Z,"18km NE of Olancha, CA",earthquake,0.42,0.95,0.164,185,reviewed,ci,ci
2009-10-01T10:01:24.670Z,36.3878333,-117.8586667,3.985,5,mw,34,49,0.1683,0.32,ci,ci14517500,2022-08-05T22:04:02.196Z,"18km NE of Olancha, CA",earthquake,0.49,31.61,,0,reviewed,ci,ci
2009-09-19T22:55:17.840Z,32.3706667,-115.2611667,9.987,5.08,mw,27,261,0.4352,0.42,ci,ci14512436,2022-08-05T21:59:53.916Z,"7km WNW of Delta, B.C., MX",earthquake,1.89,31.61,,5,reviewed,ci,ci
2009-09-13T07:06:22.390Z,29.446,-113.599,10,5,mwc,169,171.2,,1.34,us,usp000h1g3,2016-11-10T02:17:12.172Z,"101 km WSW of La Libertad, Mexico",earthquake,,,,,reviewed,us,gcmt
2009-08-07T10:49:34.720Z,40.3098333,-124.637,16.257,4.92,mw,32,232,0.2586,0.09,nc,nc71261376,2022-08-05T21:30:33.823Z,"43 km SW of Ferndale, California",earthquake,0.77,0.35,,6,reviewed,nc,nc
2009-08-05T09:13:12.300Z,29.615,-113.789,10,5.8,mwc,223,47.8,,1.32,us,usp000h005,2022-07-15T15:18:19.114Z,"111 km WSW of La Libertad, Mexico",earthquake,,,,,reviewed,us,gcmt
2009-08-03T18:40:50.100Z,29.31,-113.728,10,6.2,mwc,234,48,,1.28,us,usp000gzyf,2022-05-02T21:16:51.203Z,"97 km N of San Luis, Mexico",earthquake,,,,,reviewed,us,gcmt
2009-08-03T18:33:34.480Z,28.977,-113.019,10,4.9,mb,126,78.1,,1.32,us,usp000gzye,2014-11-07T01:39:26.924Z,"93 km NE of San Luis, Mexico",earthquake,,,,36,reviewed,us,us
2009-08-03T18:07:39.190Z,29.045,-113.123,10,4.9,mb,25,109.7,,1.09,us,usp000gzyc,2014-11-07T01:39:26.906Z,"91 km NE of San Luis, Mexico",earthquake,,,,3,reviewed,us,us
2009-08-03T17:59:56.170Z,29.039,-112.903,10,6.9,mwc,243,35,,1.29,us,usp000gzyb,2022-07-15T15:06:35.005Z,"96 km WNW of Bahía de Kino, Mexico",earthquake,,,,,reviewed,us,gcmt
2009-08-03T17:55:22.710Z,28.904,-112.997,10,5.5,mb,122,52.7,,1.36,us,usp000gzya,2022-07-15T15:07:11.803Z,"90 km NE of San Luis, Mexico",earthquake,,,,38,reviewed,us,us
2009-07-19T23:19:05.760Z,24.978,-109.425,10,4.9,md,81,125.2,,1.26,us,usp000gzf2,2014-11-07T01:39:20.577Z,"78 km SSW of Topolobampo, Mexico",earthquake,,,,,reviewed,us,unm
2009-07-12T03:01:14.390Z,25.043,-106.679,33.9,5.1,mwc,185,82.2,,1.13,us,usp000gz5a,2022-07-15T13:44:35.927Z,"16 km WSW of Canelas, Mexico",earthquake,,8,,,reviewed,us,gcmt
2009-07-03T20:30:35.400Z,25.226,-109.76,10,5.2,mwc,148,61.4,,1.01,us,usp000gyx8,2022-07-15T13:10:08.545Z,"74 km SW of Campo Pesquero el Colorado, Mexico",earthquake,,,,,reviewed,us,gcmt
2009-07-03T11:00:14.630Z,25.131,-109.754,10,6,mwc,211,56.2,,1.13,us,usp000gyws,2022-07-15T13:06:52.214Z,"82 km SSW of Campo Pesquero el Colorado, Mexico",earthquake,,,,,reviewed,us,us
2009-07-03T09:57:01.560Z,25.389,-109.687,10,5.3,mwc,167,103.6,,1.22,us,usp000gywk,2022-07-15T13:05:04.175Z,"55 km SW of Campo Pesquero el Colorado, Mexico",earthquake,,,,,reviewed,us,gcmt
2009-05-23T22:58:32.940Z,36.3961667,-117.8376667,-0.64,4.73,ml,38,52,0.1564,0.25,ci,ci14462064,2022-08-05T20:28:36.698Z,"20km NE of Olancha, CA",earthquake,0.38,0.94,0.138,385,reviewed,ci,ci
2009-05-18T03:39:36.340Z,33.9376667,-118.3356667,13.817,4.7,mw,123,44,,0.34,ci,ci10410337,2022-08-05T20:19:51.446Z,"2km E of Lennox, CA",earthquake,0.29,0.49,,0,reviewed,ci,ci
2009-03-24T11:55:43.930Z,33.3171667,-115.7281667,6.003,4.77,ml,77,37,0.03561,0.26,ci,ci14433456,2022-08-05T19:52:03.176Z,"4km S of Bombay Beach, CA",earthquake,0.28,1.34,0.127,346,reviewed,ci,ci
2009-02-24T07:10:30.600Z,30.104,-114.348,4,4.6,mb,113,110.4,,,us,usp000gube,2022-07-15T04:48:45.473Z,"112 km SSE of San Felipe, Mexico",earthquake,,,,35,reviewed,ecx,us
2009-01-30T13:25:03.760Z,47.7865,-122.5846667,62.24,4.67,ml,77,27,0.0526,0.52,uw,uw10763723,2022-08-06T12:39:41.514Z,"6 km ESE of Lofall, Washington",earthquake,0.83,0.99,0.188,144,reviewed,uw,uw
2008-12-28T05:17:07.470Z,32.5681667,-115.5428333,10.01,4.52,ml,39,187,0.1748,0.91,ci,ci10368325,2022-08-05T19:00:02.720Z,"4km ESE of Progreso, B.C., MX",earthquake,2.92,31.61,0.15,375,reviewed,ci,ci
2008-12-26T12:19:40.020Z,39.9598333,-120.8688333,-1.668,4.5,mw,46,93,0.08559,0.13,nc,nc51213957,2022-08-05T18:57:46.742Z,"3 km NE of East Quincy, California",earthquake,0.27,1.21,,4,reviewed,nc,nc
2008-12-06T04:18:42.850Z,34.8133333,-116.4188333,6.37,5.06,mw,48,65,0.07081,0.19,ci,ci14408052,2022-08-05T18:44:44.117Z,"26km WNW of Ludlow, CA",earthquake,0.21,0.78,,6,reviewed,ci,ci
2008-11-20T19:23:00.190Z,32.3288333,-115.3318333,6.006,4.98,ml,29,228,0.4619,1.28,ci,ci14404512,2022-08-05T18:39:25.267Z,"13km WSW of Delta, B.C., MX",earthquake,4.32,31.61,0.129,246,reviewed,ci,ci
2008-11-16T05:43:15.590Z,40.3138333,-124.6026667,18.887,4.6,mw,39,230,0.2342,0.11,nc,nc51211307,2022-06-21T18:28:07.266Z,"40 km SW of Ferndale, California",earthquake,0.86,0.35,,7,reviewed,nc,nc
2008-11-15T09:02:45.300Z,25.687,-110.243,10,4.8,mwc,66,202,,1.37,us,usp000gnr6,2016-11-10T02:04:10.462Z,"93 km WSW of Las Grullas Margen Derecha, Mexico",earthquake,,,,,reviewed,us,gcmt
2008-10-31T13:34:52.820Z,26.646,-110.927,10,4.9,mwc,56,155.2,,1.11,us,usp000gmgy,2016-11-10T02:03:27.465Z,"81 km NNE of Loreto, Mexico",earthquake,,,,,reviewed,us,gcmt
2008-10-26T09:27:22.340Z,40.3368333,-124.6288333,20.827,4.9,mw,22,231,0.2604,0.04,nc,nc71011617,2020-05-06T09:21:58.793Z,"40 km SW of Ferndale, California",earthquake,0.73,0.31,,5,reviewed,nc,nc
2008-09-05T21:54:33.590Z,32.3468333,-115.2295,14.987,4.63,ml,26,225,0.4423,0.72,ci,ci10347253,2020-05-02T01:56:52.544Z,"4km WSW of Delta, B.C., MX",earthquake,2.4,31.61,0.118,245,reviewed,ci,ci
2008-08-17T05:56:59.370Z,41.1885,-124.216,15.66,4.6,mw,15,172,0.1486,0.06,nc,nc51207076,2020-06-27T07:23:47.818Z,"7 km WNW of Big Lagoon, California",earthquake,0.52,0.36,,10,reviewed,nc,nc
2008-08-07T02:18:13.830Z,26.64,-111,10,5.5,mwc,149,107.9,,1.33,us,usp000ge0q,2022-05-02T19:43:57.087Z,"77 km NNE of Loreto, Mexico",earthquake,,,,,reviewed,us,gcmt
2008-07-29T18:42:15.670Z,33.9485,-117.7663333,15.503,5.44,mw,136,17,0.08724,0.3,ci,ci14383980,2024-08-07T11:03:56.451Z,"5km S of Chino Hills, CA",earthquake,0.19,0.52,,6,reviewed,ci,ci
2008-05-14T16:09:52.930Z,30.25,-114.3,10,4.8,mwc,20,264.5,,1.14,us,usp000g6r2,2016-11-10T01:55:58.562Z,"100 km SSE of San Felipe, Mexico",earthquake,,,,,reviewed,us,gcmt
2008-05-05T16:28:06.190Z,24.803,-109.577,10,4.9,mwc,71,268.7,,0.82,us,usp000g5je,2016-11-10T01:55:35.314Z,"102 km SSW of Topolobampo, Mexico",earthquake,,,,,reviewed,us,gcmt
2008-04-30T03:03:06.900Z,40.8358333,-123.4968333,27.755,5.4,mw,33,36,0.1829,0.14,nc,nc40216664,2022-06-21T18:17:52.317Z,"3 km NNW of Burnt Ranch, California",earthquake,0.3,1.15,,8,reviewed,nc,nc
2008-04-26T06:40:19.120Z,38.6103333,-119.1331667,3.535,4.7,mh,5,253,0.7747,0.51,ci,ci10320621,2022-08-09T07:48:20.910Z,"27km SE of Smith Valley, NV",earthquake,2.84,31.61,,0,reviewed,ci,ci
2008-04-26T06:40:10.453Z,39.5231,-119.9393,2.8,5.1,ml,35,39.56,0.008,0.122,nn,nn00385392,2021-10-20T18:13:32.559Z,"1 km NW of Mogul, Nevada",earthquake,,0.5,0.13,2,reviewed,nn,nn
2008-04-26T06:39:59.648Z,39.5212,-119.9279,2.8,4.8,mw,40,38.3,0.002,0.104,nn,nn00242527,2017-06-19T19:32:57.740Z,"0 km N of Mogul, Nevada",earthquake,,0.5,,,reviewed,nn,nn
2008-04-18T15:14:17.210Z,38.4585,-87.8691667,15.46,4.7,mw,16,89,,0.28,nm,nm606669,2023-11-26T21:02:31.321Z,"9 km NNE of Bellmont, Illinois",earthquake,0.8,0.9,,,reviewed,nm,nm
2008-04-18T09:36:59.110Z,38.4515,-87.8861667,14.25,5.2,mw,16,86,,0.2,nm,nm606657,2025-03-10T20:56:31.116Z,"7 km NNE of Bellmont, Illinois",earthquake,1.3,1.3,,,reviewed,nm,nm
2008-02-22T23:27:45.133Z,41.1279,-114.9215,11,4.8,ml,10,132.34,0.021,0.1407,nn,nn00235053,2022-08-07T08:31:58.909Z,"4 km ENE of Wells, Nevada",earthquake,,1.1,,,reviewed,nn,nn
2008-02-22T19:33:52.140Z,32.3901667,-115.2698333,5.982,4.58,ml,18,263,0.4401,0.47,ci,ci12330895,2022-08-08T22:24:40.922Z,"8km WNW of Delta, B.C., MX",earthquake,1.46,31.61,0.218,40,reviewed,ci,ci
2008-02-22T19:31:18.480Z,32.421,-115.2853333,6.001,4.78,ml,33,213,0.4067,0.46,ci,ci14352012,2022-08-05T16:35:35.233Z,"11km NW of Delta, B.C., MX",earthquake,1.21,31.61,0.117,233,reviewed,ci,ci
2008-02-21T23:57:50.945Z,41.1463,-114.9313,13.2,4.6,mw,7,95.73,0.305,0.1012,nn,nn00234666,2020-05-12T00:57:54.888Z,"4 km NE of Wells, Nevada",earthquake,,11,,,reviewed,nn,nn
2008-02-21T14:34:55.538Z,41.137,-114.8398,0,5.1,ml,7,138.75,0.322,0.3244,nn,nn00517570,2015-11-16T20:00:35.791Z,"10 km ENE of Wells, Nevada",earthquake,2.95,,0.33,6,reviewed,nn,nn
2008-02-21T14:20:51.446Z,41.1165,-114.9011,6.8,4.6,ml,16,92.55,0.284,0.282,nn,nn00235990,2018-07-24T21:26:05.673Z,"5 km E of Wells, Nevada",earthquake,,2.6,0.32,11,reviewed,nn,nn
2008-02-21T14:16:02.821Z,41.1444,-114.8721,7.9,5.9,mw,18,95.21,0.318,0.1855,nn,nn00234425,2022-05-02T20:30:21.272Z,"8 km ENE of Wells, Nevada",earthquake,,1.9,,,reviewed,nn,nn
2008-02-20T01:28:55.450Z,32.4261667,-115.3063333,6.001,4.83,ml,33,212,0.3962,0.53,ci,ci14351300,2022-08-05T16:36:42.833Z,"13km NW of Delta, B.C., MX",earthquake,1.52,31.61,0.117,256,reviewed,ci,ci
2008-02-19T22:41:29.660Z,32.4325,-115.313,6.006,5.01,mw,32,210,0.3885,0.55,ci,ci14351140,2022-08-05T16:37:59.846Z,"14km NW of Delta, B.C., MX",earthquake,1.58,31.61,,6,reviewed,ci,ci
2008-02-19T20:24:27.920Z,29.785,-114.063,10,5.1,mwc,64,188.2,,1.34,us,usp000fz8x,2016-11-10T01:52:02.388Z,"133 km W of La Libertad, Mexico",earthquake,,,,,reviewed,us,gcmt
2008-02-19T19:00:31.300Z,29.199,-114.505,10,5,mwc,27,243.2,,1.1,us,usp000fz8s,2022-05-02T19:37:24.593Z,"112 km NW of San Luis, Mexico",earthquake,,,,,reviewed,us,gcmt
2008-02-12T04:32:39.240Z,32.4475,-115.3175,6.018,4.97,mw,29,208,0.3731,0.44,ci,ci14348588,2022-05-02T19:36:57.520Z,"13km SSE of Puebla, B.C., MX",earthquake,1.47,31.61,,6,reviewed,ci,ci
2008-02-11T18:29:30.530Z,32.3271667,-115.2568333,6.001,5.1,mw,28,228,0.5031,1.04,ci,ci14348196,2022-05-02T19:37:00.378Z,"7km WSW of Delta, B.C., MX",earthquake,4.91,31.61,,6,reviewed,ci,ci
2008-02-09T07:12:04.550Z,32.3595,-115.2773333,6.001,5.1,mw,31,222,0.467,1.4,ci,ci14346868,2022-08-05T16:45:21.149Z,"8km W of Delta, B.C., MX",earthquake,5.62,31.61,,6,reviewed,ci,ci
2008-01-19T23:13:05.430Z,40.1776667,-122.7036667,2.049,4.7,mw,36,32,0.03514,1.04,nc,nc51194936,2020-06-27T06:43:05.997Z,"31 km NW of Rancho Tehama Reserve, California",earthquake,1.14,2.24,,6,reviewed,nc,nc
2008-01-19T17:18:46.470Z,40.1671667,-122.7593333,10.169,4.5,mw,31,37,0.05856,0.32,nc,nc51194914,2020-06-27T06:41:31.206Z,"34 km WNW of Rancho Tehama Reserve, California",earthquake,0.47,0.68,,6,reviewed,nc,nc
2007-12-27T20:51:57.490Z,27.679,-71.076,10,4.6,mb,84,68,,1.03,us,usp000fve1,2014-11-07T01:34:30.386Z,"off the east coast of the United States",earthquake,,,,39,reviewed,us,us
2007-10-31T03:04:54.810Z,37.4335,-121.7743333,9.741,5.45,mw,156,50,0.02703,0.11,nc,nc40204628,2023-12-10T11:58:26.513Z,"6 km NNE of East Foothills, California",earthquake,0.11,0.28,,6,reviewed,nc,nc
2007-09-10T00:20:18.410Z,24.772,-109.732,10,5.1,mwc,120,102.4,,1.04,us,usp000fmtc,2022-07-14T03:14:19.678Z,"90 km NE of La Paz, Mexico",earthquake,,,,,reviewed,us,gcmt
2007-09-02T17:29:14.790Z,33.7321667,-117.477,12.192,4.73,ml,136,54,,0.32,ci,ci10275733,2022-08-05T16:51:42.405Z,"13km NE of Trabuco Canyon, CA",earthquake,0.27,0.55,0.137,396,reviewed,ci,ci
2007-09-02T11:04:46.550Z,24.615,-109.824,10,5.2,mwc,160,51,,0.98,us,usp000fm8h,2022-07-14T03:27:28.081Z,"71 km NE of La Paz, Mexico",earthquake,,,,,reviewed,us,gcmt
2007-09-02T05:07:13.570Z,24.606,-109.905,10,4.5,mb,115,66.3,,1.21,us,usp000fm77,2022-07-14T03:29:04.145Z,"64 km NE of La Paz, Mexico",earthquake,,,,36,reviewed,us,us
2007-09-01T20:22:41.490Z,24.773,-110.232,10,4.6,mb,46,125.5,,1.1,us,usp000fm5z,2014-11-07T01:33:28.301Z,"69 km N of La Paz, Mexico",earthquake,,,,28,reviewed,us,us
2007-09-01T19:38:17.280Z,24.697,-109.941,10,4.6,mb,95,59.5,,1.18,us,usp000fm5u,2014-11-07T01:33:28.226Z,"71 km NNE of La Paz, Mexico",earthquake,,,,47,reviewed,us,us
2007-09-01T19:14:22.640Z,24.902,-109.689,9,6.1,mwc,278,35.9,,1.15,us,usp000fm5s,2022-07-14T03:32:19.450Z,"100 km SW of Topolobampo, Mexico",earthquake,,,,,reviewed,us,gcmt
2007-08-20T12:38:09.020Z,24.743,-109.671,10,4.5,mb,108,98.3,,0.93,us,usp000fk9j,2014-11-07T01:33:19.765Z,"92 km NE of La Paz, Mexico",earthquake,,,,54,reviewed,us,us
2007-08-09T07:58:49.590Z,34.2995,-118.6195,7.062,4.66,ml,111,24,0.0442,0.3,ci,ci14312160,2022-08-05T16:52:58.088Z,"5km NNW of Chatsworth, CA",earthquake,0.24,1.05,0.177,355,reviewed,ci,ci
2007-06-25T02:32:24.620Z,41.1155,-124.8245,2.563,5,mw,213,213,0.6063,0.28,nc,nc51183469,2020-05-21T01:24:59.180Z,"57 km W of Trinidad, California",earthquake,0.54,2.63,,5,reviewed,nc,nc
2007-06-12T07:23:43.130Z,37.5403333,-118.8675,7.94,4.6,mw,44,56,,0.06,nc,nc51182810,2020-08-15T03:52:37.390Z,"14km SE of Mammoth Lakes, CA",earthquake,0.21,0.4,,5,reviewed,nc,nc
2007-05-09T08:07:31.340Z,40.3841667,-124.9553333,-0.553,4.53,mw,57,234,0.4804,0.14,nc,nc51181706,2022-03-14T17:04:15.571Z,"57km W of Petrolia, CA",earthquake,1.07,2.59,,5,reviewed,nc,nc
2007-04-18T08:42:22.330Z,39.4645,-123.1073333,4.725,4.79,mw,45,30,0.1153,0.11,nc,nc40195779,2020-06-27T06:35:21.868Z,"15 km N of Potter Valley, California",earthquake,0.16,0.9,,10,reviewed,nc,nc
2007-03-28T14:28:54.710Z,25.497,-109.633,10,5.3,mwc,161,53.7,,1.07,us,usp000f7q9,2022-05-02T20:05:03.431Z,"43 km SW of Campo Pesquero el Colorado, Mexico",earthquake,,,,,reviewed,us,gcmt
2007-03-28T13:21:37.140Z,25.423,-109.707,10,5.2,mwc,158,58.5,,1.17,us,usp000f7q7,2016-11-10T01:37:24.924Z,"54 km SW of Campo Pesquero el Colorado, Mexico",earthquake,,,,,reviewed,us,gcmt
2007-03-13T02:59:04.400Z,26.261,-110.537,26.1,6,mwb,266,119.5,,1.29,us,usp000f6m4,2022-07-14T07:21:38.008Z,"85 km ENE of Loreto, Mexico",earthquake,,7,,,reviewed,us,us
2007-03-09T03:17:32.110Z,38.4293333,-119.3606667,6.785,4.7,mw,39,119,0.0964,0.06,nc,nc51179422,2020-06-27T06:28:16.203Z,"13 km SE of Walker, California",earthquake,0.17,0.37,,8,reviewed,nc,nc
2007-02-27T22:23:06.470Z,26.003,-110.248,10,4.5,mb,14,151.4,,1.06,us,usp000f5sx,2014-11-07T01:31:43.010Z,"92 km W of El Aguajito, Mexico",earthquake,,,,3,reviewed,us,us
2007-02-27T20:08:09.040Z,25.981,-110.46,10,5,mwc,120,70.3,,1.03,us,usp000f5sp,2016-11-10T01:36:19.758Z,"89 km E of Loreto, Mexico",earthquake,,,,,reviewed,us,gcmt
2007-02-26T12:21:02.140Z,40.642,-124.87,4.957,5.4,mh,21,329,,69.32,ci,ci10233309,2016-03-09T08:10:39.568Z,"52km W of Ferndale, CA",earthquake,99,31.61,,0,reviewed,ci,ci
2007-02-26T12:19:54.530Z,40.6428333,-124.8628333,-0.533,5.4,mw,94,244,0.4333,0.19,nc,nc40193932,2022-05-02T19:56:40.011Z,"51 km W of Ferndale, California",earthquake,0.7,1.64,,13,reviewed,nc,nc
2007-02-25T15:03:49.140Z,26.029,-110.613,10,5.2,mb,58,85.5,,1.25,us,usp000f5m6,2022-05-02T19:56:16.376Z,"73 km E of Loreto, Mexico",earthquake,,,,13,reviewed,us,us
2007-02-25T15:00:41.150Z,26.146,-110.421,10,5.9,mwb,188,50,,1.35,us,usp000f5m5,2022-05-02T19:56:14.690Z,"94 km E of Loreto, Mexico",earthquake,,,,,reviewed,us,us
2007-02-25T01:18:33.670Z,26.002,-110.461,10,5.2,mwc,143,149.3,,1.31,us,usp000f5jr,2016-11-10T01:36:07.263Z,"88 km E of Loreto, Mexico",earthquake,,,,,reviewed,us,gcmt
2007-02-23T07:30:12.140Z,25.988,-110.495,10,5.2,mwc,117,86.5,,1.21,us,usp000f5ey,2016-11-10T01:36:00.636Z,"85 km E of Loreto, Mexico",earthquake,,,,,reviewed,us,gcmt
2007-02-23T07:12:18.230Z,25.955,-110.522,10,5.2,mwc,110,81.6,,1.09,us,usp000f5ew,2022-05-02T19:55:39.796Z,"83 km E of Loreto, Mexico",earthquake,,,,,reviewed,us,gcmt
2007-02-23T04:16:15.220Z,25.974,-110.352,10,4.9,mwc,49,154.5,,1.2,us,usp000f5ep,2016-11-10T01:36:00.108Z,"99 km E of Loreto, Mexico",earthquake,,,,,reviewed,us,gcmt
2007-01-18T06:21:06.420Z,30.493,-114.086,10,4.8,mwc,54,149.6,,1.2,us,usp000f2x4,2016-11-10T01:33:52.743Z,"93 km SE of San Felipe, Mexico",earthquake,,,,,reviewed,us,gcmt
2006-12-06T14:09:58.810Z,27.593,-111.295,10,5,mwc,47,92.6,,0.98,us,usp000eznj,2016-11-10T01:32:12.675Z,"47 km SSW of San Carlos, Mexico",earthquake,,,,,reviewed,us,gcmt
2006-12-01T19:33:08.150Z,26.716,-114.199,10,4.9,mwc,92,128.2,,1.39,us,usp000eza7,2016-11-10T01:32:00.304Z,"48 km SSE of Bahía Asunción, Mexico",earthquake,,,,,reviewed,us,gcmt
2006-11-29T16:15:13.480Z,26.786,-114.198,10,4.5,mb,57,128.2,,1.2,us,usp000ez5a,2014-11-07T01:30:59.074Z,"40 km SSE of Bahía Asunción, Mexico",earthquake,,,,18,reviewed,us,us
2006-11-29T14:34:02.630Z,26.728,-114.161,10,5,mwc,87,128.1,,1.5,us,usp000ez53,2016-11-10T01:31:53.695Z,"47 km SSE of Bahía Asunción, Mexico",earthquake,,,,,reviewed,us,gcmt
2006-11-03T15:56:43.050Z,32.676,-116.0481667,13.436,4.62,ml,48,145,0.04732,0.44,ci,ci10215753,2020-06-27T06:05:57.191Z,"8km SW of Ocotillo, CA",earthquake,0.48,0.64,0.173,378,reviewed,ci,ci
2006-10-20T17:00:08.100Z,38.8666667,-122.7873333,2.546,4.56,mw,69,39,0.04685,0.08,nc,nc21543835,2020-05-06T09:10:38.703Z,"7 km NW of Cobb, California",earthquake,0.13,0.4,,7,reviewed,nc,nc
2006-10-08T02:48:26.650Z,46.8498333,-121.6001667,1.649,4.5,md,96,23,,0.35,uw,uw10701498,2022-06-18T12:31:30.004Z,"27 km NNE of Packwood, Washington",earthquake,0.336,0.63,0.04,18,reviewed,uw,uw
2006-09-10T14:56:08.160Z,26.319,-86.606,14,5.9,mwc,590,46.9,,0.83,us,usp000esv9,2025-02-24T23:34:26.092Z,"Gulf of America",earthquake,,,,,reviewed,us,gcmt
2006-08-03T03:08:12.860Z,38.3635,-122.5886667,8.55,4.5,mw,107,28,0.01712,0.14,nc,nc21530368,2020-05-06T09:05:57.951Z,"5 km W of Glen Ellen, California",earthquake,0.14,0.27,,6,reviewed,nc,nc
2006-07-30T01:20:59.250Z,26.864,-111.209,10,5.9,mwb,294,108.1,,1.17,us,usp000epv9,2022-07-14T10:27:39.387Z,"76 km E of Mulegé, Mexico",earthquake,,,,,reviewed,us,us
2006-07-19T11:41:43.460Z,40.2806667,-124.4331667,20.064,5,mw,39,223,0.2081,0.09,nc,nc21527987,2020-05-06T09:05:26.783Z,"35 km SSW of Ferndale, California",earthquake,0.61,0.45,,6,reviewed,nc,nc
2006-05-28T14:18:02.710Z,26.698,-111.227,10,5.1,mwc,87,159.5,,1.07,us,usp000ej5v,2016-11-10T01:23:02.708Z,"76 km N of Loreto, Mexico",earthquake,,,,,reviewed,us,hrv
2006-05-28T14:02:54.470Z,26.779,-111.089,10,5.2,mwc,42,92.6,,1.27,us,usp000ej5s,2016-11-10T01:23:02.203Z,"88 km NNE of Loreto, Mexico",earthquake,,,,,reviewed,us,hrv
2006-05-28T14:00:57.590Z,26.752,-111.206,10,4.6,mb,92,94.8,,1.03,us,usp000ej5r,2014-11-07T01:29:12.260Z,"78 km ESE of Mulegé, Mexico",earthquake,,,,41,reviewed,us,us
2006-05-24T04:20:26.010Z,32.3066667,-115.2278333,6.006,5.37,mw,21,263,0.4775,0.36,ci,ci12245763,2022-05-02T15:30:57.072Z,"6km SSW of Delta, B.C., MX",earthquake,1.86,31.61,0.221,0,reviewed,ci,ci
2006-05-12T10:37:29.330Z,38.8171667,-122.8138333,3.618,4.71,mw,47,32,0.01802,0.11,nc,nc21516950,2020-05-06T08:15:03.181Z,"7 km W of Cobb, California",earthquake,0.17,0.47,,7,reviewed,nc,nc
2006-05-01T21:04:42.600Z,30.199,-114.332,10,5.1,mwc,61,165.7,,1.17,us,usp000eg09,2016-11-10T01:21:35.698Z,"103 km SSE of San Felipe, Mexico",earthquake,,,,,reviewed,us,hrv
2006-05-01T20:53:20.960Z,29.809,-114.588,10,4.9,mwc,40,182,,1.41,us,usp000eg08,2016-11-10T01:21:35.204Z,"113 km ESE of El Rosario de Arriba, Mexico",earthquake,,,,,reviewed,us,hrv
2006-03-26T01:56:37.600Z,40.2778333,-124.449,22.253,4.52,mw,28,240,,0.13,nc,nc21510606,2022-02-17T19:15:45.039Z,"15km WSW of Petrolia, CA",earthquake,1.46,0.8,,6,reviewed,nc,nc
2006-02-10T04:14:22.200Z,27.828,-90.21,5,5.3,ms,53,122.6,,,us,usp000e9v9,2022-07-13T00:17:37.575Z,"157 km S of Grand Isle, Louisiana",earthquake,,,,103,reviewed,spec,us
2006-01-04T09:17:54.800Z,28.003,-112.468,10,4.9,mb,77,131.1,,1.07,us,usp000e7js,2014-11-07T01:28:03.696Z,"76 km NNW of Santa Rosalía, Mexico",earthquake,,,,20,reviewed,us,us
2006-01-04T08:32:32.400Z,28.164,-112.117,14,6.6,mwc,323,48.2,,1.25,us,usp000e7jp,2022-07-14T12:52:25.557Z,"75 km SSW of Bahía de Kino, Mexico",earthquake,,,,,reviewed,us,hrv
2006-01-04T08:30:39.610Z,28.001,-112.255,10,4.5,mb,51,131.1,,0.91,us,usp000e7jn,2014-11-07T01:28:03.627Z,"73 km N of Santa Rosalía, Mexico",earthquake,,,,16,reviewed,us,us
2006-01-04T03:45:06.260Z,27.953,-112.135,10,4.6,mb,46,196.9,,1.02,us,usp000e7ja,2014-11-07T01:28:03.579Z,"69 km N of Santa Rosalía, Mexico",earthquake,,,,16,reviewed,us,us
2006-01-04T01:05:08.770Z,27.959,-112.143,10,5.2,mwc,131,112.8,,0.96,us,usp000e7j4,2022-07-14T12:54:05.550Z,"69 km N of Santa Rosalía, Mexico",earthquake,,,,,reviewed,us,hrv
2005-10-31T00:23:30.930Z,44.874,-113.399,5,4.5,mwc,48,61.5,,0.73,us,usp000e365,2022-06-18T10:39:25.346Z,"21 km N of Leadore, Idaho",earthquake,,,,,reviewed,us,hrv
2005-10-16T21:11:35.010Z,32.4545,-118.1633333,9.778,4.99,ml,20,244,0.6157,0.38,ci,ci10147909,2020-06-27T05:37:10.324Z,"44km SSE of San Clemente Is. (SE tip), CA",earthquake,1.44,31.61,0.111,386,reviewed,ci,ci
2005-09-22T20:24:48.620Z,35.0433333,-119.0143333,10.005,4.69,mw,107,18,,0.41,ci,ci14186612,2020-05-02T01:31:54.868Z,"14km NW of Grapevine, CA",earthquake,0.31,0.71,0.232,0,reviewed,ci,ci
2005-09-02T01:27:19.590Z,33.1533333,-115.6463333,1.207,5.08,mw,39,52,0.03525,0.33,ci,ci14179736,2021-02-18T19:24:46.862Z,"13km WNW of Calipatria, CA",earthquake,0.33,0.86,,6,reviewed,ci,ci
2005-09-02T01:27:18.610Z,33.1748333,-115.6311667,4.977,4.5,mh,60,32,0.01097,0.36,ci,ci12217067,2022-05-02T18:30:38.615Z,"12km WNW of Calipatria, CA",earthquake,0.49,0.78,,0,reviewed,ci,ci
2005-08-31T23:32:11.040Z,33.1896667,-115.603,4.267,4.57,ml,55,44,0.01613,0.4,ci,ci14178248,2020-06-27T04:48:10.189Z,"10km SW of Niland, CA",earthquake,0.5,0.75,0.142,170,reviewed,ci,ci
2005-08-31T22:47:45.530Z,33.1663333,-115.6351667,4.003,4.63,ml,45,67,0.0198,0.27,ci,ci14178184,2020-06-27T04:47:30.746Z,"12km WNW of Calipatria, CA",earthquake,0.27,31.61,0.131,153,reviewed,ci,ci
2005-08-10T22:08:22.610Z,36.947,-104.833,5,5,mwc,177,21.4,,0.68,us,usp000dx3k,2022-05-02T18:15:49.063Z,"20 km S of Weston, Colorado",earthquake,,,,,reviewed,us,hrv
2005-07-26T04:08:37.160Z,45.365,-112.615,12.9,5.6,mwc,458,25.7,,0.74,us,usp000dvxx,2024-10-07T18:10:51.624Z,"16 km N of Dillon, Montana",earthquake,,,,,reviewed,us,hrv
2005-06-28T14:41:55.750Z,24.821,-112.206,10,4.5,mb,18,209.2,,1.3,us,usp000du3b,2014-11-07T01:26:18.169Z,"Baja California Sur, Mexico",earthquake,,,,4,reviewed,us,us
2005-06-26T18:45:57.790Z,39.305,-120.0928333,-2.261,4.77,mw,25,82,0.04955,0.26,nc,nc21465580,2020-05-06T08:01:53.473Z,"8 km NNW of Tahoe Vista, California",earthquake,0.55,2.81,,6,reviewed,nc,nc
2005-06-16T20:53:26.020Z,34.058,-117.0113333,10.558,4.88,mw,149,18,,0.29,ci,ci14155260,2025-08-22T06:53:50.444Z,"4km NE of Yucaipa, CA",earthquake,0.21,0.46,,6,reviewed,ci,ci
2005-06-12T15:41:46.520Z,33.5325,-116.5666667,13.051,5.2,mw,96,19,0.04319,0.21,ci,ci14151344,2022-09-07T22:13:56.526Z,"10km ESE of Anza, CA",earthquake,0.17,0.26,,0,reviewed,ci,ci
2005-04-27T00:32:59.020Z,30.253,-114.132,10,5.1,mwc,142,161.6,,0.9,us,usp000dpb7,2022-07-12T21:17:50.063Z,"109 km SE of San Felipe, Mexico",earthquake,,,,,reviewed,us,hrv
2005-04-16T19:18:13.400Z,35.0223333,-119.191,9.288,4.59,mw,73,62,,0.35,ci,ci14138080,2022-05-02T17:55:21.942Z,"20km ESE of Maricopa, CA",earthquake,0.31,1.64,,6,reviewed,ci,ci
2005-03-18T07:23:58.490Z,40.3706667,-124.972,17.08,4.85,mw,139,230,0.4964,0.27,nc,nc21446135,2020-05-06T07:09:36.986Z,"64 km WSW of Ferndale, California",earthquake,0.87,4.5,,4,reviewed,nc,nc
2005-03-06T06:17:49.000Z,47.75,-69.73,13.3,4.9,mb,199,30.1,,,us,usp000dhn5,2023-01-21T02:22:24.270Z,"15 km SE of Saint-Siméon, Canada",earthquake,,,,78,reviewed,ott,us
2005-03-02T11:12:57.420Z,34.715,-110.97,5,5.1,mb,30,55.1,,0.82,us,usp000dhc3,2022-06-18T10:04:00.283Z,"40 km SSW of Winslow West, Arizona",earthquake,,,,2,reviewed,us,us
2005-02-22T19:15:49.910Z,25.669,-109.97,10,5.6,mwb,160,66,,1.19,us,usp000dgrs,2022-07-14T17:53:03.071Z,"66 km W of Campo Pesquero el Colorado, Mexico",earthquake,,,,,reviewed,us,us
2004-10-09T03:45:48.680Z,37.9788333,-118.6588333,5.445,4.52,mw,47,67,0.04595,0.08,nc,nc21405798,2022-08-08T22:18:34.142Z,"23 km NW of Benton, California",earthquake,0.22,0.67,,4,reviewed,nc,nc
2004-09-30T18:54:28.840Z,35.988,-120.5378333,9.889,4.88,mw,68,27,0.01802,0.05,nc,nc21401170,2022-08-08T22:17:31.287Z,"13 km NW of Parkfield, California",earthquake,0.12,0.2,,4,reviewed,nc,nc
2004-09-29T22:54:54.240Z,35.3898333,-118.6235,2.788,5.03,mw,71,18,,0.25,ci,ci14095628,2022-08-05T17:21:36.671Z,"25km SSW of Bodfish, California",earthquake,0.27,0.72,,6,reviewed,ci,ci
2004-09-29T17:10:04.030Z,35.9536667,-120.5021667,10.772,5,mw,66,33,0.003604,0.07,nc,nc21401069,2022-08-08T22:16:20.365Z,"8 km NW of Parkfield, California",earthquake,0.15,0.21,,6,reviewed,nc,nc
2004-09-28T17:24:15.280Z,35.8045,-120.3498333,5.998,4.71,mw,56,37,0.02613,0.04,nc,nc21400461,2022-08-08T22:14:52.628Z,"12 km SE of Parkfield, California",earthquake,0.13,0.24,,3,reviewed,nc,nc
2004-09-28T17:15:24.250Z,35.8181667,-120.366,8.136,5.97,mw,61,26,0.01622,0.04,nc,nc30228270,2022-05-02T17:28:01.771Z,"10 km SSE of Parkfield, California",earthquake,0.14,0.25,,4,reviewed,nc,nc
2004-09-24T14:43:11.370Z,28.565,-112.725,10,5.9,mwb,286,48.6,,1.13,us,usp000d4zn,2022-05-02T17:27:51.440Z,"81 km WSW of Bahía de Kino, Mexico",earthquake,,,,,reviewed,us,us
2004-09-20T16:51:04.810Z,38.0276667,-118.6425,2.185,4.67,mw,49,65,0.06216,0.08,nc,nc21397068,2022-08-08T22:12:35.181Z,"27 km NNW of Benton, California",earthquake,0.18,0.6,,5,reviewed,nc,nc
2004-09-18T23:43:41.490Z,38.0233333,-118.658,0.431,5.35,mw,48,76,0.07117,0.07,nc,nc30500748,2022-05-02T17:27:26.590Z,"27 km NW of Benton, California",earthquake,0.21,2.84,,6,reviewed,nc,nc
2004-09-18T23:02:17.750Z,38.0095,-118.6785,3.355,5.4,mw,52,55,0.05045,0.08,nc,nc21396205,2022-08-08T22:11:30.657Z,"27 km NW of Benton, California",earthquake,0.2,0.6,,9,reviewed,nc,nc
2004-08-30T05:35:16.150Z,29.519,-116.554,10,5.2,mwc,168,77,,0.97,us,usp000d367,2016-11-10T00:44:21.760Z,"100 km SW of El Rosario de Arriba, Mexico",earthquake,,,,,reviewed,us,hrv
2004-08-20T08:06:15.330Z,28.218,-113.12,10,4.6,mb,111,109.3,,1.39,us,usp000d2gv,2014-11-07T01:23:14.505Z,"66 km ESE of San Luis, Mexico",earthquake,,,,24,reviewed,us,us
2004-08-20T06:33:05.390Z,29.861,-114.047,10,4.6,mb,80,184.4,,1.1,us,usp000d2gp,2014-11-07T01:23:14.472Z,"131 km W of La Libertad, Mexico",earthquake,,,,14,reviewed,us,us
2004-08-19T06:06:03.630Z,44.6645,-124.3003333,27.274,4.7,md,23,212,,0.29,uw,uw10613523,2021-02-24T23:02:05.454Z,"19 km W of Newport, Oregon",earthquake,1.284,0.75,0.04,19,reviewed,uw,uw
2004-07-12T16:45:00.780Z,44.3338333,-124.4888333,28.75,4.9,md,18,247,0.4973,0.24,uw,uw10609208,2021-02-24T21:55:16.353Z,"30 km W of Yachats, Oregon",earthquake,1.418,0.75,0.05,2,reviewed,uw,uw
2004-06-22T06:10:45.790Z,25.079,-109.277,38.7,4.6,mb,105,172.8,,0.97,us,usp000cygd,2014-11-07T01:22:40.333Z,"62 km SSW of Topolobampo, Mexico",earthquake,,5.3,,27,reviewed,us,us
2004-06-15T22:28:48.190Z,32.3428333,-117.9141667,9.824,4.98,mw,10,249,0.7503,0.79,ci,ci14065544,2020-05-02T01:23:29.284Z,"67km SE of San Clemente Is. (SE tip), CA",earthquake,3.45,31.61,,6,reviewed,ci,ci
2004-05-16T01:29:39.277Z,37.2798,-114.84,0,4.5,ml,7,227,0.21,0.1102,nn,nn00105745,2018-04-24T21:11:39.934Z,"30 km ESE of Alamo, Nevada",earthquake,,0,,,reviewed,nn,nn
2004-04-06T19:01:02.700Z,25.172,-99.532,37.7,4.5,md,6,218,,,us,usp000crva,2014-11-07T01:21:55.399Z,"18 km ESE of Ciudad General Terán, Mexico",earthquake,,,,,reviewed,unm,unm
2004-03-17T23:53:07.280Z,35.7306667,-121.075,4.271,4.51,mw,67,46,0.06036,0.09,nc,nc21351360,2020-05-06T06:53:37.080Z,"9 km WSW of Oak Shores, California",earthquake,0.15,0.46,,7,automatic,nc,nc
2004-02-18T20:37:46.420Z,38.8366667,-122.7671667,2.551,4.58,mw,53,37,0.02613,0.09,nc,nc21344222,2020-05-06T06:52:50.814Z,"4 km WNW of Cobb, California",earthquake,0.13,0.43,,5,reviewed,nc,nc
2004-02-09T09:03:47.430Z,24.814,-112.51,10,5.4,mwc,172,121.5,,1.17,us,usp000cktn,2022-05-02T17:02:26.586Z,"41 km W of Puerto San Carlos, Mexico",earthquake,,,,,reviewed,us,hrv
2004-02-09T01:24:40.630Z,24.897,-112.393,10,5.5,mwb,171,114.5,,1.29,us,usp000cksm,2022-05-02T17:02:23.214Z,"31 km WNW of Puerto San Carlos, Mexico",earthquake,,,,,reviewed,us,us
2004-01-07T07:51:37.320Z,43.571,-110.383,3.1,5,mwc,67,35.2,,0.62,us,usp000chbr,2022-06-18T07:59:00.406Z,"20 km ESE of Kelly, Wyoming",earthquake,,3.4,,,reviewed,us,hrv
2003-12-23T18:17:11.210Z,35.6456667,-121.0536667,7.787,4.7,mw,44,73,0.05586,0.08,nc,nc21324051,2022-06-21T03:30:47.676Z,"9 km NNE of Cambria, California",earthquake,0.2,0.81,,6,reviewed,nc,nc
2003-12-22T19:26:07.230Z,35.6318333,-121.0551667,7.796,4.73,ml,21,111,0.1135,0.08,nc,nc21323713,2019-06-28T18:47:49.860Z,"7 km NNE of Cambria, California",earthquake,0.35,0.98,,18,reviewed,nc,nc
2003-12-22T19:15:56.240Z,35.7005,-121.1005,8.382,6.5,mw,65,71,0.04685,0.07,nc,nc21323712,2025-03-29T18:13:42.819Z,"10 km NE of San Simeon, California",earthquake,0.16,0.6,,4,reviewed,nc,nc
2003-12-09T20:59:18.700Z,37.774,-78.1,10,4.5,mlg,,,,,se,se605386,2025-01-15T02:03:32.716Z,"5 km ENE of Columbia, Virginia",earthquake,8.8,6.3,,,reviewed,se,se
2003-12-05T22:53:57.670Z,28.872,-113.183,10,4.7,mb,69,133.6,,0.95,us,usp000cem7,2014-11-07T01:20:41.818Z,"73 km NE of San Luis, Mexico",earthquake,,,,18,reviewed,us,us
2003-11-23T12:19:59.750Z,40.729,-115.148,10,4.5,mb,30,60.2,,0.57,us,usp000cdrc,2020-06-27T04:07:28.259Z,"27 km E of Lamoille, Nevada",earthquake,,,,4,reviewed,us,us
2003-11-22T19:00:50.980Z,43.796,-105.342,0,4.8,mb,34,,,1.23,rusms,rusms00003785,2022-06-09T21:12:31.815Z,"13 km ENE of Wright, Wyoming",explosion,,,,1,reviewed,us,us
2003-11-12T04:54:56.420Z,28.967,-113.219,10,5.6,mwb,289,78,,0.87,us,usp000ccp2,2022-05-02T16:53:36.889Z,"78 km NE of San Luis, Mexico",earthquake,,,,,reviewed,us,us
2003-08-15T09:44:39.290Z,28.15,-113.223,10,4.9,mb,152,127.5,,1.27,us,usp000c4ym,2022-05-02T16:41:04.427Z,"58 km NNE of Villa Alberto Andrés Alvarado Arámburo, Mexico",earthquake,,,,50,reviewed,us,us
2003-04-29T08:59:39.070Z,34.4938333,-85.6298333,19.81,4.6,mw,21,154,,0.07,se,se605341,2024-06-07T19:10:23.376Z,"8 km S of Valley Head, Alabama",earthquake,0.8,0.9,,,reviewed,se,se
2003-04-25T10:02:12.710Z,47.6705,-123.25,50.513,4.8,md,85,53,,0.18,uw,uw10583988,2022-06-18T06:34:57.196Z,"26 km W of Brinnon, Washington",earthquake,0.347,0.59,0.04,8,reviewed,uw,uw
2003-04-15T08:21:17.720Z,25.031,-109.429,10,5.5,mwc,137,178,,1.15,us,usp000bv7v,2022-05-02T15:52:34.942Z,"73 km SSW of Topolobampo, Mexico",earthquake,,,,,reviewed,us,hrv
2003-03-22T17:55:40.420Z,26.307,-110.638,10,4.8,mb,115,168.7,,1.06,us,usp000bt8r,2014-11-07T01:18:07.494Z,"78 km ENE of Loreto, Mexico",earthquake,,,,39,reviewed,us,us
2003-03-12T23:46:34.030Z,26.403,-110.41,10,4.8,mb,28,107.6,,1.15,us,usp000bshj,2014-11-07T01:18:03.781Z,"81 km SW of Pozo Dulce, Mexico",earthquake,,,,18,reviewed,us,us
2003-03-12T23:41:32.920Z,26.556,-110.587,10,6.4,mwb,288,57.9,,1.14,us,usp000bshh,2022-05-02T16:27:35.589Z,"87 km SW of Paredón Colorado, Mexico",earthquake,,,,,reviewed,us,us
2003-03-11T19:28:17.910Z,34.3591667,-116.1331667,3.069,4.64,ml,69,32.2,,0.26,ci,ci13945908,2020-02-12T17:16:53.028Z,"25km NNW of Twentynine Palms, CA",earthquake,0.22,0.44,0.968,132,reviewed,ci,ci
2003-02-25T04:03:04.800Z,34.3155,-116.8445,1.099,4.61,ml,100,17.8,,0.27,ci,ci13938812,2020-02-12T17:18:13.363Z,"6km N of Big Bear City, CA",earthquake,0.19,0.46,0.943,132,reviewed,ci,ci
2003-02-22T19:33:45.800Z,34.3096667,-116.8503333,1.409,4.5,ml,89,17.8,,0.23,ci,ci13936812,2022-08-05T17:49:20.107Z,"5km N of Big Bear City, CA",earthquake,0.2,0.43,0.558,133,reviewed,ci,ci
2003-02-22T12:19:10.920Z,34.312,-116.8448333,5.589,4.99,mw,93,35,,0.32,ci,ci13935988,2022-05-02T16:26:11.224Z,"6km N of Big Bear City, CA",earthquake,0.16,0.56,,6,reviewed,ci,ci
2003-02-07T10:34:04.830Z,31.6281667,-115.5106667,7.545,4.99,ml,19,268,1.034,0.27,ci,ci9886485,2022-06-18T06:27:21.715Z,"74km SSW of Alberto Oviedo Mota, B.C., MX",earthquake,3.92,5.05,0.949,125,reviewed,ci,ci
2003-01-25T09:16:10.220Z,35.3175,-118.6538333,4.868,4.54,ml,55,44.8,0.1924,0.24,ci,ci9882329,2022-08-09T07:35:00.992Z,"20km NE of Arvin, CA",earthquake,0.27,23.57,0.983,130,reviewed,ci,ci
2002-12-10T21:04:00.690Z,32.2316667,-115.7981667,6.777,4.84,ml,21,218.5,,0.23,ci,ci13917260,2020-02-12T17:26:39.153Z,"44km SSW of Progreso, B.C., MX",earthquake,1.99,20.35,1.178,104,reviewed,ci,ci
2002-10-29T14:16:54.080Z,34.8026667,-116.2665,3.67,4.77,ml,31,51.1,,0.2,ci,ci9854597,2022-06-18T05:52:07.684Z,"13km NW of Ludlow, CA",earthquake,0.32,0.54,0.543,130,reviewed,ci,ci
2002-09-03T07:08:51.840Z,33.9123333,-117.7833333,9.371,4.78,ml,141,19,,0.31,ci,ci9818433,2022-06-18T05:32:07.750Z,"4km NE of Yorba Linda, CA",earthquake,0.18,0.39,0.185,166,reviewed,ci,ci
2002-08-17T16:06:27.000Z,49.96,-120.29,10,4.5,mb,108,,,,us,usp000ba34,2014-11-07T01:16:17.298Z,"39 km ESE of Merritt, Canada",earthquake,,,,23,reviewed,pgc,us
2002-06-29T14:36:04.790Z,45.3348333,-121.6863333,4.915,4.5,md,41,37,,0.27,uw,uw10569358,2022-06-18T05:24:13.541Z,"6 km ENE of Government Camp, Oregon",earthquake,0.071,0.11,0.03,50,reviewed,uw,uw
2002-06-18T17:37:17.270Z,38.0001667,-87.7563333,16.05,4.6,mw,14,99,,0.17,nm,nm605053,2023-09-12T03:31:59.038Z,"6 km SW of Parkers Settlement, Indiana",earthquake,1.7,0.9,,,reviewed,nm,nm
2002-06-17T16:55:07.680Z,40.8098333,-124.552,17.195,5.2,mw,74,225,0.3721,0.16,nc,nc21231051,2022-06-18T05:20:48.293Z,"29 km WNW of Fields Landing, California",earthquake,0.62,0.97,,3,reviewed,nc,nc
2002-05-14T05:00:29.500Z,36.9668333,-121.5983333,6.791,4.9,mw,110,30,0.01532,0.15,nc,nc21254601,2022-06-18T05:14:04.489Z,"5 km SSW of Gilroy, California",earthquake,0.15,0.31,,4,reviewed,nc,nc
2002-04-29T00:43:29.770Z,40.6021667,-124.4496667,28.697,4.6,mw,16,227,0.1532,0.04,nc,nc21223451,2022-06-18T05:10:43.562Z,"15 km W of Ferndale, California",earthquake,0.55,0.83,,3,reviewed,nc,nc
2002-04-20T10:50:47.450Z,44.5123333,-73.6973333,4.83,5.3,mlg,11,91,0.3375,0.18,ld,ld2002042000,2023-07-16T23:48:57.093Z,"8 km NNW of Au Sable Forks, New York",earthquake,0.5,1.73,,,reviewed,ld,ld
2002-04-17T22:06:55.610Z,25.762,-109.991,10,4.6,mb,65,,,1.26,us,usp000b2m7,2014-11-07T01:15:26.043Z,"66 km W of Las Grullas Margen Derecha, Mexico",earthquake,,,,18,reviewed,us,us
2002-03-27T11:18:05.920Z,30.216,-114.011,10,4.7,mb,69,,,0.98,us,usp000b15x,2014-11-07T01:15:14.668Z,"119 km SE of San Felipe, Mexico",earthquake,,,,12,reviewed,us,us
2002-03-16T21:33:23.820Z,33.666,-119.33,6.765,4.6,ml,39,122.5,0.4476,0.31,ci,ci12659440,2020-02-12T17:43:23.447Z,"33km NW of Santa Barbara Is., CA",earthquake,0.58,22.45,0.742,112,reviewed,ci,ci
2002-02-22T19:32:41.750Z,32.3188333,-115.3215,7.007,5.7,mw,20,217.5,0.4751,0.38,ci,ci12456384,2022-05-02T15:45:48.377Z,"13km WSW of Delta, B.C., MX",earthquake,2.44,31.95,,0,reviewed,ci,ci
2002-01-12T08:26:52.900Z,28.279,-69.566,10,5.4,mwc,429,,,0.85,us,usp000aw9y,2016-11-09T21:39:07.191Z,"off the east coast of the United States",earthquake,,,,,reviewed,us,hrv
2001-12-28T21:14:01.950Z,36.6401667,-121.251,6.575,4.6,mw,60,71,0.03243,0.07,nc,nc21207275,2019-06-28T18:47:45.408Z,"17 km SSE of Tres Pinos, California",earthquake,0.15,0.32,,5,reviewed,nc,nc
2001-12-09T01:42:26.450Z,32.0035,-115.01,7.041,4.89,ml,11,260.7,0.6714,0.3,ci,ci9732973,2022-04-29T19:44:21.051Z,"21km S of Estacion Coahuila, B.C., MX",earthquake,2.99,20.17,0.668,130,reviewed,ci,ci
2001-12-08T23:36:10.110Z,31.9976667,-115.0016667,6.981,5.7,mw,12,261.5,0.6721,0.3,ci,ci9732601,2022-06-18T04:42:40.445Z,"22km S of Estacion Coahuila, B.C., MX",earthquake,4.65,28,,6,reviewed,ci,ci
2001-10-31T07:56:16.630Z,33.5083333,-116.5143333,13.678,5.02,mw,78,18.2,0.07467,0.26,ci,ci9718013,2022-06-18T04:25:16.624Z,"16km ESE of Anza, CA",earthquake,0.26,0.34,,6,reviewed,ci,ci
2001-09-05T10:52:07.890Z,37.143,-104.618,5,4.5,mblg,71,,,0.85,us,usp000anp9,2020-04-14T21:15:43.089Z,"0 km SE of Cokedale, Colorado",earthquake,,,,,reviewed,us,us
2001-08-13T13:51:56.780Z,25.47,-109.605,10,4.9,mwc,116,,,1.04,us,usp000amdc,2016-11-09T23:14:09.858Z,"43 km SW of Campo Pesquero el Colorado, Mexico",earthquake,,,,,reviewed,us,hrv
2001-08-10T20:19:27.060Z,39.8111667,-120.6166667,5.011,5.2,mw,92,111,0.1459,0.34,nc,nc21188442,2022-06-18T03:59:37.157Z,"3 km N of Blairsden, California",earthquake,0.42,0.92,,5,reviewed,nc,nc
2001-08-08T04:38:52.320Z,25.865,-109.821,10,4.6,mb,70,,,1.05,us,usp000am0w,2014-11-07T01:13:30.622Z,"48 km W of Las Grullas Margen Derecha, Mexico",earthquake,,,,31,reviewed,us,us
2001-07-17T12:59:59.170Z,36.017,-117.8823333,-0.706,4.93,mw,33,98,0.01132,0.2,ci,ci9674213,2022-08-09T07:28:30.582Z,"7km ESE of Coso Junction, CA",earthquake,0.43,0.78,,6,reviewed,ci,ci
2001-07-17T12:07:26.100Z,36.0163333,-117.8743333,1.864,5.17,mw,39,37,,0.18,ci,ci9674049,2022-06-18T03:51:06.839Z,"7km ESE of Coso Junction, CA",earthquake,0.35,0.48,,6,reviewed,ci,ci
2001-06-10T13:19:11.290Z,47.1675,-123.5025,40.245,5,md,89,89,,0.29,uw,uw10529683,2022-06-18T03:34:30.574Z,"18 km N of Satsop, Washington",earthquake,0.489,0.39,0.03,9,reviewed,uw,uw
2001-04-21T17:18:56.950Z,42.925,-111.395,0.8,5.3,mwc,298,,,,us,usp000adrg,2022-06-18T03:25:08.097Z,"29 km WSW of Freedom, Idaho",earthquake,,,,,reviewed,slc,hrv
2001-02-28T18:54:32.830Z,47.149,-122.7266667,51.798,6.8,md,67,31,,0.2,uw,uw10530748,2025-09-24T21:37:01.750Z,"7 km SSE of Longbranch, Washington",earthquake,0.517,0.92,0.03,0,reviewed,uw,uw
2001-02-10T21:05:05.780Z,34.2895,-116.9458333,7.611,4.66,mw,92,23,0.05891,0.25,ci,ci9627721,2022-06-18T01:09:39.870Z,"6km NNW of Big Bear Lake, CA",earthquake,0.29,1.48,,6,reviewed,ci,ci
2001-01-18T01:40:50.250Z,26.074,-110.315,10,5.3,mwc,140,,,1.12,us,usp000a7x0,2016-11-09T21:41:43.485Z,"99 km SW of Etchoropo, Mexico",earthquake,,,,,reviewed,us,hrv
2001-01-16T07:26:38.040Z,30.339,-113.778,10,4.5,mb,78,,,1.21,us,usp000a7sm,2014-11-07T01:11:56.399Z,"110 km SSW of Puerto Peñasco, Mexico",earthquake,,,,17,reviewed,us,us
2000-11-24T21:45:48.240Z,28.19,-112.987,10,4.9,mb,70,,,1.32,us,usp000a4vj,2022-04-29T19:26:16.154Z,"72 km NNE of Villa Alberto Andrés Alvarado Arámburo, Mexico",earthquake,,,,22,reviewed,us,us
2000-09-19T16:07:49.960Z,24.982,-109.456,10,4.5,mb,16,,,0.8,us,usp000a0hg,2014-11-07T01:11:06.193Z,"79 km SSW of Topolobampo, Mexico",earthquake,,,,1,reviewed,us,us
2000-09-18T11:34:24.370Z,25.185,-109.458,10,4.6,mb,51,,,1.36,us,usp000a0fj,2014-11-07T01:11:05.924Z,"61 km SW of Topolobampo, Mexico",earthquake,,,,15,reviewed,us,us
2000-09-03T08:36:30.110Z,38.3788333,-122.4133333,9.367,4.9,mw,77,34,0.02523,0.15,nc,nc21123384,2025-03-29T18:15:21.990Z,"5 km WSW of Yountville, California",earthquake,0.19,0.4,,7,reviewed,nc,nc
2000-06-26T15:43:07.550Z,34.7821667,-116.2968333,3.234,4.51,ml,36,34.4,,0.19,ci,ci9155518,2017-02-09T01:50:54.489Z,"14km WNW of Ludlow, CA",earthquake,0.34,0.5,0.236,81,reviewed,ci,ci
2000-06-15T23:17:14.630Z,25.45,-100.999,33,4.6,mb,7,,,1.2,us,usp0009up1,2014-11-07T01:10:22.846Z,"3 km NNE of Saltillo, Mexico",earthquake,,,,1,reviewed,us,us
2000-06-14T21:49:18.710Z,32.8896667,-115.5091667,10.047,4.51,ml,39,71,0.06752,0.38,ci,ci9154141,2022-06-18T00:21:56.625Z,"7km NE of Imperial, CA",earthquake,0.71,31.61,0.127,289,reviewed,ci,ci
2000-05-08T09:12:34.540Z,40.3283333,-124.6921667,3.62,4.5,mw,73,235,0.309,0.06,nc,nc21096137,2017-03-17T16:07:23.147Z,"45 km SW of Ferndale, California",earthquake,0.42,0.61,,3,reviewed,nc,nc
2000-05-02T06:45:45.040Z,32.111,-115.119,5.973,4.73,mw,0,260.7,0.6365,0.565,ci,ci9149178,2017-02-09T01:32:47.497Z,"14km SSE of Alberto Oviedo Mota, B.C., MX",earthquake,,,,6,reviewed,ci,ci
2000-04-25T14:06:26.070Z,32.1306667,-115.0958333,5.963,4.5,ml,26,246,0.614,0.55,ci,ci9148478,2017-02-09T01:28:13.654Z,"11km SW of Estacion Coahuila, B.C., MX",earthquake,3.65,31.61,0.202,249,reviewed,ci,ci
2000-03-24T04:23:45.750Z,27.551,-111.303,10,5.6,mwc,,,,1.35,us,usp0009q39,2022-04-29T19:02:52.631Z,"51 km SSW of San Carlos, Mexico",earthquake,,,,,reviewed,us,hrv
2000-03-04T02:42:01.000Z,49.17,-114.03,1,4.6,ml,,,,,us,usp0009p89,2014-11-07T01:09:38.781Z,"35 km S of Pincher Creek, Canada",earthquake,,,,,reviewed,but,but
2000-01-11T14:19:52.090Z,38.7693333,-122.9138333,5.77,4.59,mw,50,48,0.05405,0.1,nc,nc21076750,2017-03-17T16:02:40.504Z,"6 km N of Geyserville, California",earthquake,0.15,0.39,,19,reviewed,nc,nc
2000-01-01T11:22:57.000Z,46.888,-78.93,18,4.7,mb,,,,,us,usp0009kks,2020-09-15T21:12:00.131Z,"17 km NNE of Notre-Dame-du-Lac, Canada",earthquake,,,,39,reviewed,ott,us
1999-12-26T19:41:53.130Z,40.2725,-124.3983333,22.716,4.8,mw,26,222,0.07297,0.09,nc,nc21074105,2016-12-31T01:07:09.410Z,"34 km SW of Scotia, California",earthquake,1,0.56,,4,reviewed,nc,nc
1999-12-26T01:36:08.760Z,27.516,-111.3,10,4.7,mb,,,,1.04,us,usp0009kad,2014-11-07T01:09:11.674Z,"55 km SSW of San Carlos, Mexico",earthquake,,,,19,reviewed,us,us
1999-10-25T18:26:00.630Z,34.617,-116.243,-0.764,4.63,ml,0,90,,0.199,ci,ci3321011,2017-02-09T14:19:09.859Z,"14km SSW of Ludlow, CA",earthquake,,0.501,,125,reviewed,ci,ci
1999-10-22T16:08:48.060Z,34.865,-116.409,-0.069,4.99,mw,0,68.9,,0.212,ci,ci9114812,2017-02-09T00:41:14.196Z,"28km NW of Ludlow, California",earthquake,,0.633,,6,reviewed,ci,ci
1999-10-21T01:57:38.770Z,34.863,-116.395,2.531,4.51,mw,0,43.2,,0.23,ci,ci3320884,2017-02-07T19:06:45.014Z,"27km NW of Ludlow, California",earthquake,,0.407,,6,reviewed,ci,ci
1999-10-21T01:54:34.180Z,34.874,-116.391,0.008,4.98,mw,0,69.1,0.06404,0.243,ci,ci3321590,2017-02-09T14:24:27.971Z,"27km NW of Ludlow, California",earthquake,,1.529,,6,reviewed,ci,ci
1999-10-18T06:35:47.360Z,34.3595,-116.1493333,-0.924,4.59,ml,44,45,,0.2,ci,ci9111353,2017-02-09T00:24:23.523Z,"26km NNW of Twentynine Palms, CA",earthquake,0.3,1.09,0.178,56,reviewed,ci,ci
1999-10-16T22:53:41.270Z,34.7075,-116.3561667,4.774,4.53,ml,34,50,,0.18,ci,ci9109636,2016-04-02T14:13:54.465Z,"18km W of Ludlow, CA",earthquake,0.3,5.19,0.202,72,reviewed,ci,ci
1999-10-16T20:14:10.170Z,34.686,-116.269,-1.216,4.53,ml,0,80.1,0.153,0.278,ci,ci3321577,2017-02-09T14:54:01.949Z,"11km WSW of Ludlow, CA",earthquake,,1.143,0.237,115,reviewed,ci,ci
1999-10-16T20:13:37.640Z,34.689,-116.28,0.074,4.64,ml,0,52.4,,0.223,ci,ci9109442,2016-04-01T21:33:02.962Z,"12km WSW of Ludlow, CA",earthquake,,0.665,,199,reviewed,ci,ci
1999-10-16T17:38:48.650Z,34.43,-116.252,-1.162,4.58,mw,0,65.4,,0.215,ci,ci9109254,2017-02-09T14:49:01.832Z,"33km N of Joshua Tree, CA",earthquake,,0.381,,6,reviewed,ci,ci
1999-10-16T17:15:09.170Z,30.751,-110.749,5,4.5,ml,,,,1.54,us,usp0009fyz,2014-11-07T01:08:42.501Z,"10 km ESE of Imuris, Mexico",earthquake,,,,,reviewed,us,us
1999-10-16T12:57:21.060Z,34.4415,-116.2525,0.838,5.37,mw,33,64,,0.13,ci,ci3320736,2022-04-29T18:08:20.898Z,"32km SSW of Ludlow, California",earthquake,0.36,0.96,,6,reviewed,ci,ci
1999-10-16T11:26:05.380Z,34.813,-116.341,4.885,4.63,ml,31,62,,0.28,ci,ci9108775,2017-02-09T14:44:24.923Z,"19km WNW of Ludlow, CA",earthquake,6.39,31.61,0.114,218,reviewed,ci,ci
1999-10-16T10:21:20.970Z,34.54,-116.266,-0.514,4.5,mh,0,60.2,0.2953,0.242,ci,ci3321286,2017-02-09T14:29:30.985Z,"22km SSW of Ludlow, CA",earthquake,,2.091,0.161,0,reviewed,ci,ci
1999-10-16T10:20:52.660Z,34.362,-116.148,-1.009,4.76,ml,0,67.6,,0.173,ci,ci9108709,2017-02-09T14:34:52.888Z,"26km NNW of Twentynine Palms, CA",earthquake,,0.799,0.181,142,reviewed,ci,ci
1999-10-16T10:08:04.370Z,34.706,-116.341,0.54,4.74,ml,0,64.4,0.2416,0.2,ci,ci9108676,2017-02-09T14:39:50.813Z,"17km W of Ludlow, CA",earthquake,,1.573,0.176,89,reviewed,ci,ci
1999-10-16T09:59:38.000Z,34.24,-117.04,6,5.6,mb,,,,,ci,ci10180015,2020-07-09T21:09:47.651Z,"7km ENE of Running Springs, CA",earthquake,,,,0,reviewed,ci,ci
1999-10-16T09:59:35.390Z,34.6781667,-116.2895,13.906,5.77,ml,60,76,,0.35,ci,ci3320848,2020-07-09T21:30:41.719Z,"13km WSW of Ludlow, CA",earthquake,0.56,1.72,,270,reviewed,ci,ci
1999-10-16T09:52:53.970Z,34.502,-116.203,4.897,4.98,ml,0,211.1,0.3468,0.292,ci,ci3320847,2017-02-07T18:51:59.777Z,"25km S of Ludlow, CA",earthquake,,,,22,reviewed,ci,ci
1999-10-16T09:51:48.330Z,34.4451667,-116.2636667,-0.849,4.77,ml,24,69,,0.1,ci,ci3320846,2017-02-07T18:56:46.937Z,"32km SSW of Ludlow, CA",earthquake,0.4,1.16,0.44,29,reviewed,ci,ci
1999-10-16T09:47:43.760Z,33.232,-115.66,6.035,4.7,mh,0,131.6,,0.319,ci,ci3327063,2016-02-16T01:56:08.053Z,"13km W of Niland, California",earthquake,,,,0,reviewed,ci,ci
1999-10-16T09:46:44.460Z,34.6033333,-116.265,13.73,7.1,mw,73,57,,0.31,ci,ci9108652,2024-09-02T00:17:33.917Z,"The 1999 Hector Mine, California Earthquake",earthquake,0.35,31.61,,0,reviewed,ci,ci
1999-10-09T21:08:59.610Z,29.34,-112.983,10,4.9,mb,,,,1.18,us,usp0009fn1,2014-11-07T01:08:41.082Z,"69 km SSW of La Libertad, Mexico",earthquake,,,,16,reviewed,us,us
1999-10-08T17:37:46.400Z,25.093,-109.519,10,5.2,mwc,,,,0.92,us,usp0009fkq,2022-04-29T18:08:06.268Z,"73 km SW of Topolobampo, Mexico",earthquake,,,,,reviewed,us,hrv
1999-09-26T16:15:38.000Z,37.38,-117.1,9,4.5,ml,,,,,us,usp0009f2g,2016-04-02T07:12:55.448Z,"38 km SSE of Goldfield, Nevada",earthquake,,,,,reviewed,ren,brk
1999-09-10T13:40:02.180Z,32.272,-115.233,5.987,4.8,ml,0,264.7,,0.501,ci,ci9104506,2016-02-16T01:54:12.657Z,"8km NW of Alberto Oviedo Mota, B.C., MX",earthquake,,,,159,reviewed,ci,ci
1999-08-24T13:04:07.440Z,31.981,-114.723,5.975,4.71,ml,0,285.2,0.5891,0.5,ci,ci7143311,2016-02-17T11:30:20.228Z,"35km SE of Estacion Coahuila, B.C., MX",earthquake,,,,160,reviewed,ci,ci
1999-08-20T13:50:25.600Z,44.785,-112.788,16,5.1,mb,,,,,us,usp0009dcx,2014-11-07T01:08:18.283Z,"22 km NW of Lima, Montana",earthquake,,,,83,reviewed,but,us
1999-08-18T01:06:18.940Z,37.9073333,-122.6865,7.659,4.6,mw,71,76,0.02883,0.08,nc,nc21044694,2022-06-17T23:49:21.673Z,"0 km S of Bolinas, California",earthquake,0.16,0.41,,7,reviewed,nc,nc
1999-08-02T06:05:13.000Z,37.38,-117.07,2.6,5.1,mwr,,,,,us,usp0009cgb,2022-04-29T18:15:47.530Z,"39 km SSE of Goldfield, Nevada",earthquake,,,,,reviewed,ren,brk
1999-08-01T16:27:16.930Z,37.351,-117.043,5,4.7,mb,,,,1.05,us,usp0009cep,2016-02-16T01:52:18.115Z,"43 km SSE of Goldfield, Nevada",earthquake,,,,14,reviewed,us,us
1999-08-01T16:11:20.470Z,37.399,-117.042,5,4.8,mb,,,,0.78,us,usp0009ceh,2016-02-15T23:29:39.080Z,"38 km SSE of Goldfield, Nevada",earthquake,,,,19,reviewed,us,us
1999-08-01T16:06:22.000Z,37.39,-117.08,7.6,5.7,mwc,,,,,us,usp0009cef,2022-04-29T18:15:35.236Z,"37 km SSE of Goldfield, Nevada",earthquake,,,,,reviewed,ren,hrv
1999-07-03T01:43:54.370Z,47.074,-123.4636667,40.014,5.8,md,48,85,,0.21,uw,uw10474303,2022-04-29T18:13:40.196Z,"8 km N of Satsop, Washington",earthquake,0.085,0.06,0.05,6,reviewed,uw,uw
1999-06-04T13:15:35.700Z,29.828,-114.093,10,4.5,mb,,,,1.21,us,usp000999h,2014-11-07T01:07:50.992Z,"135 km W of La Libertad, Mexico",earthquake,,,,10,reviewed,us,us
1999-06-01T15:18:02.670Z,32.379,-115.243,5.987,4.92,ml,0,211.1,,0.454,ci,ci9090222,2022-04-29T18:26:39.992Z,"5km WNW of Delta, B.C., MX",earthquake,,,,178,reviewed,ci,ci
1999-05-15T17:54:08.780Z,37.5115,-118.8295,5.405,4.7,mw,32,75,0.07838,0.04,nc,nc21014843,2016-12-30T02:36:58.360Z,"11 km WSW of Aspen Springs, California",earthquake,0.23,0.75,,7,reviewed,nc,nc
1999-05-15T13:22:10.660Z,37.5296667,-118.8171667,2.934,5.5,mw,31,112,0.05495,0.04,nc,nc21014765,2022-04-29T18:24:26.524Z,"9 km WSW of Aspen Springs, California",earthquake,0.25,0.51,,6,reviewed,nc,nc
1999-05-14T07:54:03.190Z,34.062,-116.366,1.036,4.93,ml,0,28.7,,0.238,ci,ci9086596,2016-02-17T11:24:23.667Z,"8km SE of Yucca Valley, California",earthquake,,0.245,,258,reviewed,ci,ci
1999-04-28T19:08:36.750Z,30.298,-115.535,6.8,4.5,mb,,,,,us,usp000970b,2014-11-07T01:07:31.350Z,"32 km NE of El Rosario de Arriba, Mexico",earthquake,,,,7,reviewed,ecx,us
1999-02-15T06:00:03.950Z,40.2756667,-124.4045,21.206,4.7,mw,25,224,0.07838,0.1,nc,nc30217292,2016-12-29T19:17:54.910Z,"34 km SW of Scotia, California",earthquake,1.04,0.42,,3,reviewed,nc,nc
1999-01-29T18:42:32.620Z,28.139,-111.894,10,4.7,mb,,,,1.08,us,usp00091xf,2014-11-07T01:06:52.426Z,"71 km SSW of La Providencia, Mexico",earthquake,,,,15,reviewed,us,us
1999-01-27T10:44:23.300Z,36.816,-115.989,5,4.8,mwr,,,,0.97,us,usp00091t5,2014-11-07T01:06:51.922Z,"39 km NW of Indian Springs, Nevada",earthquake,,,,,reviewed,us,brk
1999-01-18T07:00:53.470Z,33.405,-87.255,1,4.8,mb,,,,1,us,usp000918y,2014-11-07T01:06:49.636Z,"14 km WNW of North Johns, Alabama",rock burst,,,,18,reviewed,us,us
1998-12-22T01:17:47.730Z,47.993,-115.206,12.3,4.7,ml,,,,,us,usp0008zzr,2014-11-07T01:06:41.133Z,"Idaho-Montana border region",earthquake,,,,,reviewed,but,but
1998-11-26T22:58:06.720Z,40.6166667,-122.3981667,24.65,4.62,ml,21,84,0.1041,0.06,nc,nc30207262,2019-02-22T02:00:36.310Z,"5km NNW of Redding, CA",earthquake,0.25,0.58,0.06,4,reviewed,nc,nc
1998-11-26T19:49:53.600Z,40.6261667,-122.414,24.59,5.1,mw,23,47,0.08939,0.08,nc,nc30207228,2022-04-29T17:56:36.778Z,"7km NW of Redding, CA",earthquake,0.24,0.5,,3,reviewed,nc,nc
1998-11-02T14:24:04.280Z,28.148,-112.81,10,4.5,mb,,,,1.07,us,usp0008xge,2014-11-07T01:06:22.178Z,"79 km NE of Villa Alberto Andrés Alvarado Arámburo, Mexico",earthquake,,,,7,reviewed,us,us
1998-10-30T09:53:31.570Z,39.2843333,-120.0453333,1.258,4.8,mw,300,154,0.6324,0.26,nc,nc30204269,2016-12-29T11:05:51.940Z,"4 km N of Tahoe Vista, California",earthquake,0.26,0.42,,3,reviewed,nc,nc
1998-10-27T01:08:40.650Z,34.323,-116.844,4.078,4.82,ml,0,33,,0.26,ci,ci9069997,2020-06-27T03:22:05.790Z,"7km N of Big Bear City, California",earthquake,,0.447,,270,reviewed,ci,ci
1998-10-01T18:18:15.960Z,34.111,-116.92,3.175,4.63,ml,0,33.4,,0.224,ci,ci7112721,2017-01-26T16:04:48.660Z,"14km NE of Yucaipa, California",earthquake,,0.174,,247,reviewed,ci,ci
1998-09-25T19:52:52.070Z,41.495,-80.388,5,4.5,mwc,,,,0.81,us,usp0008vh3,2020-09-15T20:22:33.950Z,"2 km SW of Adamsville, Pennsylvania",earthquake,,,,,reviewed,us,hrv
1998-08-16T13:34:40.230Z,34.121,-116.928,4.604,4.78,ml,0,30.4,,0.219,ci,ci9064093,2020-06-27T03:07:56.867Z,"14km S of Big Bear Lake, California",earthquake,,1.605,,238,reviewed,ci,ci
1998-08-12T14:10:25.140Z,36.7545,-121.4615,8.822,5.1,mw,83,35,0.03784,0.19,nc,nc30190473,2022-04-29T17:37:33.343Z,"10 km SW of Ridgemark, California",earthquake,0.24,0.54,,5,reviewed,nc,nc
1998-07-21T08:38:49.860Z,40.6256667,-122.409,22.8,4.5,mw,38,46,0.09279,0.21,nc,nc30186109,2016-12-28T23:57:24.000Z,"4 km NNW of Redding, California",earthquake,0.36,0.84,,3,reviewed,nc,nc
1998-07-15T04:53:19.260Z,37.5638333,-118.806,3.706,4.9,mw,31,92,0.03243,0.04,nc,nc30184459,2022-04-29T17:34:48.408Z,"8 km W of Aspen Springs, California",earthquake,0.26,0.53,,3,reviewed,nc,nc
1998-07-09T06:33:26.220Z,31.639,-118.585,10,5,mb,,,,0.95,us,usp0008r76,2016-02-12T19:46:09.708Z,"165 km WSW of Rosarito, Mexico",earthquake,,,,46,reviewed,us,us
1998-07-02T03:39:50.450Z,36.945,-117.525,4.646,4.75,ml,0,188,,0.401,ci,ci9058934,2016-02-13T05:48:52.855Z,"51km NW of Stovepipe Wells, California",earthquake,,,,109,reviewed,ci,ci
1998-06-11T23:09:10.900Z,24.904,-109.405,10,5.3,mwc,,,,0.97,us,usp0008pry,2016-11-09T22:44:20.787Z,"84 km SSW of Topolobampo, Mexico",earthquake,,,,,reviewed,us,hrv
1998-06-09T05:24:40.160Z,37.5885,-118.7956667,4.557,4.9,mw,30,63,0.02703,0.04,nc,nc30177872,2016-12-28T15:58:30.380Z,"8 km WNW of Aspen Springs, California",earthquake,0.23,0.44,,3,reviewed,nc,nc
1998-03-07T00:37:44.400Z,36.074,-117.623,-1.44,4.8,ml,0,169.1,0.1158,0.146,ci,ci3298191,2016-02-13T10:44:36.935Z,"29km E of Coso Junction, California",earthquake,,1.869,,27,reviewed,ci,ci
1998-03-07T00:36:46.840Z,36.076,-117.618,0.234,5.04,ml,0,83.8,,0.193,ci,ci9045109,2016-02-12T06:51:35.717Z,"30km E of Coso Junction, California",earthquake,,0.222,,100,reviewed,ci,ci
1998-03-06T05:49:43.760Z,36.061,-117.63,-0.54,4.85,ml,0,82.4,,0.169,ci,ci3298168,2016-02-11T20:50:41.184Z,"28km ENE of Little Lake, California",earthquake,,0.456,,100,reviewed,ci,ci
1998-03-06T05:47:40.340Z,36.067,-117.638,0.334,5.23,ml,0,87,,0.176,ci,ci9044494,2022-04-29T17:21:06.103Z,"28km E of Coso Junction, California",earthquake,,0.219,,100,reviewed,ci,ci
1998-02-24T11:31:48.780Z,31.235,-115.601,12,4.6,mb,,,,,us,usp0008gh0,2016-02-13T05:40:22.547Z,"60 km ENE of Licenciado Gustavo Díaz Ordaz, Mexico",earthquake,,,,11,reviewed,ecx,us
1998-02-18T14:29:32.310Z,31.814,-115.727,5.62,4.86,ml,0,274.8,0.8329,0.334,ci,ci9042967,2016-02-13T03:13:54.664Z,"70km SW of Alberto Oviedo Mota, B.C., MX",earthquake,,,,100,reviewed,ci,ci
1998-02-06T15:53:48.670Z,29.055,-113.148,10,4.6,mb,,,,0.78,us,usp0008fjp,2014-11-07T01:04:30.277Z,"90 km NE of San Luis, Mexico",earthquake,,,,11,reviewed,us,us
1998-01-20T14:35:43.300Z,40.3465,-124.8513333,5.996,4.5,mw,64,254,0.4135,0.07,nc,nc552764,2016-12-28T03:48:10.870Z,"55 km WSW of Ferndale, California",earthquake,0.72,0.82,,4,reviewed,nc,nc
1997-12-31T20:36:47.340Z,37.632,-118.8693333,4.232,4.8,mw,35,72,0.02342,0.05,nc,nc30159902,2016-12-27T17:32:55.420Z,"9 km ESE of Mammoth Lakes, California",earthquake,0.24,0.3,,6,reviewed,nc,nc
1997-11-30T21:17:05.440Z,37.6358333,-118.9448333,4.574,4.88,mw,33,71,0.01712,0.07,nc,nc539672,2016-12-27T06:46:27.270Z,"2 km ESE of Mammoth Lakes, California",earthquake,0.25,0.4,,8,reviewed,nc,nc
1997-11-26T15:38:54.920Z,29.7,-113.881,10,5.4,mwc,,,,1.36,us,usp0008bcj,2022-04-29T17:09:13.676Z,"117 km WSW of La Libertad, Mexico",earthquake,,,,,reviewed,us,hrv
1997-11-22T18:10:59.460Z,37.636,-118.9486667,5.549,4.5,mw,38,65,0.01441,0.05,nc,nc30152582,2016-12-27T01:38:29.650Z,"California-Nevada border region",earthquake,0.21,0.31,,7,reviewed,nc,nc
1997-11-22T17:20:35.160Z,37.6365,-118.936,5.114,4.86,mw,35,57,0.02432,0.06,nc,nc536903,2016-12-27T01:29:56.940Z,"3 km ESE of Mammoth Lakes, California",earthquake,0.22,0.32,,8,reviewed,nc,nc
1997-11-22T12:06:55.980Z,37.6353333,-118.9178333,6.004,4.54,mw,36,44,0.01532,0.05,nc,nc536789,2016-12-27T01:03:31.050Z,"California-Nevada border region",earthquake,0.23,0.3,,7,reviewed,nc,nc
1997-11-15T06:00:20.970Z,37.233,-117.881,4.306,4.68,ml,0,197.1,,0.303,ci,ci9031307,2016-02-13T10:38:25.669Z,"37km ENE of Big Pine, California",earthquake,,,,100,reviewed,ci,ci
1997-11-06T02:34:33.000Z,46.8,-71.41,22.5,4.8,mb,,,,,us,usp0008a5s,2022-04-29T17:07:24.793Z,"4 km W of L'Ancienne-Lorette, Canada",earthquake,,,,49,reviewed,ott,us
1997-11-02T15:03:04.290Z,37.854,-118.161,5,4.6,mwr,,,,1.11,us,usp00089yd,2016-02-13T08:09:22.376Z,"22 km NNW of Dyer, Nevada",earthquake,,,,,reviewed,us,brk
1997-11-02T08:51:54.230Z,37.801,-118.143,5,5.4,mwc,,,,1.11,us,usp00089x8,2022-04-29T17:06:35.651Z,"16 km NNW of Dyer, Nevada",earthquake,,,,,reviewed,us,hrv
1997-10-28T11:44:18.000Z,47.67,-69.91,11.7,4.8,mb,,,,,us,usp00089qj,2020-09-15T19:49:41.439Z,"18 km E of La Malbaie, Canada",earthquake,,,,3,reviewed,ott,us
1997-10-24T08:35:17.870Z,31.118,-87.339,10,4.8,mb,,,,0.98,us,usp00089hq,2022-06-28T14:56:24.202Z,"15 km NNW of Flomaton, Alabama",earthquake,,,,29,reviewed,us,us
1997-09-06T23:38:00.910Z,34.66,-96.435,5,4.5,mblg,,,,0.24,us,usp000877r,2020-09-15T19:44:38.897Z,"6 km N of Tupelo, Oklahoma",earthquake,,,,,reviewed,us,tul
1997-08-21T16:11:24.580Z,38.571,-118.503,10,4.5,mwr,,,,0.84,us,usp00086j8,2016-02-12T09:06:12.642Z,"11 km ENE of Hawthorne, Nevada",earthquake,,,,,reviewed,us,brk
1997-07-28T10:08:53.050Z,25.35,-109.642,10,5.4,mwc,,,,1.16,us,usp00085fn,2022-04-29T16:59:12.403Z,"55 km SW of Campo Pesquero el Colorado, Mexico",earthquake,,,,,reviewed,us,hrv
1997-07-26T03:14:55.920Z,33.398,-116.349,11.113,4.89,ml,0,20.7,,0.259,ci,ci9017527,2016-02-12T11:35:15.024Z,"16km N of Borrego Springs, California",earthquake,,0.186,,100,reviewed,ci,ci
1997-06-24T14:23:13.140Z,48.3635,-119.8881667,10.234,4.6,md,22,102,,0.24,uw,uw10424953,2016-07-23T17:39:52.130Z,"16 km WNW of Malott, Washington",earthquake,0.086,0.11,0.05,13,reviewed,uw,uw
1997-06-23T19:13:27.010Z,47.5983333,-122.5703333,13.345,4.9,md,51,20,,0.19,uw,uw10420133,2016-07-23T17:39:37.350Z,"2 km NE of Enetai, Washington",earthquake,0.028,0.06,0.06,8,reviewed,uw,uw
1997-06-20T08:04:13.620Z,32.626,-118.151,5.682,4.53,ml,0,208.4,,0.545,ci,ci9013640,2016-02-13T10:29:59.294Z,"28km SE of San Clemente Is. (SE tip), California",earthquake,,,,100,reviewed,ci,ci
1997-06-20T04:35:40.520Z,32.681,-118.109,5.83,4.76,ml,0,205.3,,0.453,ci,ci9013612,2016-02-13T00:24:46.288Z,"27km SE of San Clemente Is. (SE tip), California",earthquake,,,,100,reviewed,ci,ci
1997-04-27T11:09:28.380Z,34.377,-118.649,14.622,4.92,ml,0,22.8,,0.25,ci,ci9008934,2016-02-13T05:22:12.215Z,"11km SW of Valencia, California",earthquake,,0.087,,100,reviewed,ci,ci
1997-04-26T10:37:30.670Z,34.369,-118.67,15.892,5.07,ml,0,19.1,,0.269,ci,ci9008753,2016-02-12T19:17:44.098Z,"12km ESE of Piru, California",earthquake,,0.147,,100,reviewed,ci,ci
1997-03-18T15:24:47.720Z,34.971,-116.819,0.621,5.26,ml,0,37.9,,0.268,ci,ci7062511,2016-02-12T06:30:18.018Z,"20km ENE of Barstow, California",earthquake,,0.725,,80,reviewed,ci,ci
1997-02-10T20:17:25.360Z,24.719,-109.152,10,5,mb,,,,1.09,us,usp0007x1s,2014-11-07T01:02:08.029Z,"95 km SSW of El Huitusi, Mexico",earthquake,,,,23,reviewed,us,us
1997-01-26T06:23:19.440Z,40.2813333,-124.3965,21.566,5.2,mw,22,230,0.07568,0.11,nc,nc492691,2016-12-25T18:26:18.990Z,"33 km SW of Scotia, California",earthquake,1.25,0.4,,3,reviewed,nc,nc
1997-01-22T08:00:43.400Z,40.3321667,-124.6343333,22.657,4.6,mw,33,238,0.264,0.05,nc,nc492088,2016-12-25T18:14:18.330Z,"41 km SW of Ferndale, California",earthquake,0.72,0.56,,3,reviewed,nc,nc
1997-01-22T07:17:16.810Z,40.2736667,-124.3791667,23.007,5.6,mw,27,217,0.06036,0.08,nc,nc492079,2022-04-29T16:41:45.044Z,"33 km SW of Scotia, California",earthquake,0.94,0.49,,3,reviewed,nc,nc
1996-12-12T18:35:49.830Z,38.662,-119.5626667,-1.619,4.6,mw,139,173,0.7405,0.18,nc,nc487519,2016-12-25T08:19:06.160Z,"4 km SSW of Topaz Lake, Nevada",earthquake,0.31,0.55,,4,reviewed,nc,nc
1996-11-27T20:17:24.110Z,36.075,-117.65,-0.02,5.3,mw,0,167.7,,0.198,ci,ci7050470,2022-04-29T20:40:50.581Z,"27km E of Coso Junction, California",earthquake,,0.272,,0,reviewed,ci,ci
1996-10-01T19:09:03.370Z,26.475,-110.862,10,5.5,mwc,,,,1.04,us,usp0007qtt,2022-04-29T20:35:13.911Z,"70 km NE of Loreto, Mexico",earthquake,,,,,reviewed,us,hrv
1996-09-03T17:01:54.210Z,26.192,-110.524,10,5.2,mwc,,,,0.93,us,usp0007pcy,2016-11-09T23:24:00.071Z,"84 km ENE of Loreto, Mexico",earthquake,,,,,reviewed,us,hrv
1996-08-08T09:19:04.580Z,40.352,-124.751,7.133,4.7,mw,62,237,0.3396,0.11,nc,nc474828,2016-12-25T00:43:35.650Z,"48 km WSW of Ferndale, California",earthquake,0.87,12.11,,4,reviewed,nc,nc
1996-07-17T17:22:48.800Z,25.464,-109.672,10,4.8,ms,,,,0.9,us,usp0007m61,2014-11-07T01:00:48.249Z,"48 km SW of Campo Pesquero el Colorado, Mexico",earthquake,,,,1,reviewed,us,us
1996-05-21T20:50:20.170Z,37.3593333,-121.7223333,7.518,4.7,mw,102,29,0.02793,0.05,nc,nc30106749,2016-12-24T17:53:56.060Z,"8 km ESE of East Foothills, California",earthquake,0.1,0.3,,3,reviewed,nc,nc
1996-05-03T04:04:22.670Z,47.7608333,-121.876,3.825,5.4,md,51,40,,0.27,uw,uw10389973,2022-04-29T20:19:17.216Z,"8 km NNE of Lake Marcel-Stillwater, Washington",earthquake,0.566,2.12,0.03,9,reviewed,uw,uw
1996-04-19T00:52:41.440Z,36.8853333,-121.6133333,5.345,4.9,mw,86,50,0,0.1,nc,nc30103999,2016-12-24T15:14:01.090Z,"2 km E of Aromas, California",earthquake,0.15,0.33,,2,reviewed,nc,nc
1996-03-19T15:31:36.440Z,25.006,-109.329,10,5.8,mwc,,,,1.2,us,usp0007ezf,2022-04-29T20:13:46.034Z,"71 km SSW of Topolobampo, Mexico",earthquake,,,,,reviewed,us,hrv
1996-03-14T10:42:26.000Z,45.99,-74.43,18,4.5,mblg,,,,,us,usp0007erf,2020-04-16T18:39:29.031Z,"7 km WNW of Saint-Adolphe-d'Howard, Canada",earthquake,,,,,reviewed,ott,ott
1996-01-07T14:32:53.020Z,35.761,-117.646,3.236,5.17,ml,0,87.9,,0.184,ci,ci3248846,2016-02-12T18:42:25.298Z,"16km N of Ridgecrest, California",earthquake,,0.132,,78,reviewed,ci,ci
1995-12-28T18:28:01.230Z,38.7145,-119.6545,-1.011,4.8,mw,305,157,0,0.19,nc,nc30092964,2020-04-16T18:41:23.271Z,"9 km WNW of Topaz Lake, Nevada",earthquake,0.19,0.29,,3,reviewed,nc,nc
1995-12-23T05:39:56.650Z,38.7305,-119.633,-1.081,4.7,mw,165,164,0,0.2,nc,nc30092581,2016-12-24T03:40:47.580Z,"8 km WNW of Topaz Lake, Nevada",earthquake,0.29,0.39,,2,reviewed,nc,nc
1995-12-22T09:00:34.560Z,38.7215,-119.635,3.659,4.86,mw,51,154,0.755,0.06,nc,nc30092506,2016-12-24T03:35:37.180Z,"California-Nevada border region",earthquake,0.29,0.78,,7,reviewed,nc,nc
1995-11-15T20:33:59.720Z,39.6221667,-120.0603333,-0.605,4.5,mw,250,164,0.518,0.17,nc,nc30089843,2016-12-24T00:42:52.410Z,"9 km SW of Cold Springs, Nevada",earthquake,0.17,0.43,,4,reviewed,nc,nc
1995-09-25T04:47:29.180Z,35.809,-117.616,8.508,4.9,ml,0,75.5,,0.174,ci,ci3233618,2016-02-12T00:49:53.291Z,"20km WNW of Searles Valley, California",earthquake,,0.394,,77,reviewed,ci,ci
1995-09-20T23:27:36.270Z,35.761,-117.638,4.688,5.75,ml,0,88.2,,0.195,ci,ci3231786,2022-04-29T19:57:03.583Z,"16km NNE of Ridgecrest, California",earthquake,,0.469,,37,reviewed,ci,ci
1995-09-04T14:16:17.670Z,38.683,-122.7435,6.576,4.8,mw,60,42,0.02973,0.08,nc,nc30082729,2016-12-23T19:02:32.790Z,"13 km SW of Middletown, California",earthquake,0.14,0.32,,4,reviewed,nc,nc
1995-08-28T12:23:04.050Z,25.966,-110.262,10,4.7,mb,,,,0.9,us,usp00072k6,2014-11-07T00:58:36.359Z,"93 km W of Las Grullas Margen Derecha, Mexico",earthquake,,,,43,reviewed,us,us
1995-08-28T10:46:12.060Z,26.092,-110.284,12.2,6.6,mwb,,,,1.1,us,usp00072k0,2022-04-29T20:00:40.433Z,"95 km SW of Etchoropo, Mexico",earthquake,,,,,reviewed,us,us
1995-08-17T22:39:58.100Z,35.776,-117.662,4.784,5.36,ml,0,66.5,,0.166,ci,ci3225143,2022-04-29T19:59:28.772Z,"17km N of Ridgecrest, California",earthquake,,1.116,,68,reviewed,ci,ci
1995-08-02T18:32:09.470Z,30.058,-114.137,10,4.7,mb,,,,1.2,us,usp00071by,2014-11-07T00:58:28.111Z,"126 km SSE of San Felipe, Mexico",earthquake,,,,23,reviewed,us,us
1995-07-02T03:35:10.440Z,31.011,-65.17,10,4.7,mb,,,,1.4,us,usp000700q,2014-11-07T00:58:16.128Z,"147 km SSW of Hamilton, Bermuda",earthquake,,,,27,reviewed,us,us
1995-06-30T11:58:56.880Z,24.688,-110.228,10,6.2,mw,,,,1.1,us,usp0006zy0,2022-04-29T16:43:55.049Z,"60 km N of La Paz, Mexico",earthquake,,,,,reviewed,us,hrv
1995-06-26T08:40:28.940Z,34.394,-118.669,12.76,5.02,ml,0,17.7,,0.285,ci,ci3217586,2016-02-13T04:24:33.495Z,"11km SW of Valencia, California",earthquake,,0.107,,59,reviewed,ci,ci
1995-05-07T11:03:33.040Z,33.905,-116.288,10.123,4.77,ml,0,35.1,,0.239,ci,ci3212249,2016-02-13T09:22:40.282Z,"13km NE of Thousand Palms, California",earthquake,,0.244,,64,reviewed,ci,ci
1995-05-06T20:45:55.650Z,25.326,-109.394,10,4.8,mb,,,,1.3,us,usp0006x03,2014-11-07T00:57:53.553Z,"45 km SW of Topolobampo, Mexico",earthquake,,,,18,reviewed,us,us
1995-04-23T08:41:36.650Z,36.602,-121.201,6.605,4.9,mw,81,33,0.02883,0.07,nc,nc30071966,2016-12-23T08:32:22.910Z,"22 km NNE of Soledad, California",earthquake,0.14,0.3,,5,reviewed,nc,nc
1995-04-14T00:32:56.170Z,30.285,-103.347,17.8,5.7,mw,,,,1,us,usp0006vmm,2022-04-29T17:24:10.318Z,"13 km NW of Marathon, Texas",earthquake,,,,,reviewed,us,hrv
1995-03-20T12:46:15.060Z,40.1675,-108.8691667,-2.54,4.5,ml,22,242,,0.37,uu,uu50111945,2020-09-21T18:38:58.222Z,"10 km NNW of Rangely, Colorado",earthquake,2.98,8.54,,2,reviewed,uu,uu
1995-02-03T15:26:11.820Z,41.4973333,-109.7821667,-1.4,5.18,ml,25,217,,0.34,uu,uu50109970,2020-11-19T22:28:20.896Z,"8 km SE of Little America, Wyoming",mine collapse,2.59,31.61,0.187,4,reviewed,uu,uu
1995-01-29T03:11:22.680Z,47.3866667,-122.3638333,15.449,5,md,56,23,0.1848,0.17,uw,uw10366973,2022-04-29T17:48:35.996Z,"3 km WSW of Des Moines, Washington",earthquake,0.042,0.09,0.04,6,reviewed,uw,uw
1994-12-27T18:53:56.860Z,25.715,-111.122,10,4.8,mb,,,,1.2,us,usp0006qgn,2014-11-07T00:57:00.094Z,"40 km SE of Loreto, Mexico",earthquake,,,,16,reviewed,us,us
1994-12-26T14:10:29.180Z,40.7383333,-124.3028333,22.622,5.4,mw,33,194,0.264,0.07,nc,nc30065114,2022-04-28T17:18:46.503Z,"7 km WNW of Fields Landing, California",earthquake,0.38,0.73,,3,reviewed,nc,nc
1994-12-20T10:27:47.180Z,35.9176667,-120.4646667,8.347,4.9,mw,58,30,0.01982,0.06,nc,nc30064693,2016-12-22T23:06:34.580Z,"3 km NW of Parkfield, California",earthquake,0.16,0.24,,4,reviewed,nc,nc
1994-12-06T03:48:34.490Z,34.293,-118.389,8.208,4.54,ml,0,23.6,,0.331,ci,ci3195727,2016-02-12T10:12:07.641Z,"3km NW of Lake View Terrace, California",earthquake,,0.364,,54,reviewed,ci,ci
1994-11-14T01:28:23.980Z,40.3503333,-124.4698333,17.506,4.5,mw,18,249,0.1613,0.06,nc,nc30062558,2016-12-22T20:06:40.410Z,"30 km SW of Ferndale, California",earthquake,1.04,0.21,,3,reviewed,nc,nc
1994-10-27T09:14:35.130Z,25.704,-109.632,10,5.1,mw,,,,1,us,usp0006msr,2016-11-09T23:49:35.984Z,"32 km W of Campo Pesquero el Colorado, Mexico",earthquake,,,,,reviewed,us,hrv
1994-10-14T00:57:25.430Z,40.3248333,-124.6205,18.816,4.5,mw,40,231,0.2514,0.09,nc,nc30060477,2016-12-22T16:55:08.640Z,"41 km SW of Ferndale, California",earthquake,0.86,0.38,,3,reviewed,nc,nc
1994-10-03T14:00:48.630Z,32.066,-114.948,10,5.2,mw,,,,1.1,us,usp0006kc4,2022-04-28T17:22:06.095Z,"5 km NE of Ejido Doctor Alberto Oviedo Mota (El Indiviso), Mexico",earthquake,,,,,reviewed,us,hrv
1994-09-21T02:09:01.370Z,40.4235,-124.6258333,21.324,4.6,mw,55,231,0.2261,0.08,nc,nc30058307,2016-12-22T14:40:26.860Z,"35 km WSW of Ferndale, California",earthquake,0.66,0.44,,3,reviewed,nc,nc
1994-09-20T15:40:56.460Z,38.7413333,-119.6363333,-0.934,4.5,mw,88,189,0.7766,0.09,nc,nc30058304,2016-12-22T14:36:58.500Z,"9 km WNW of Topaz Lake, Nevada",earthquake,0.27,0.51,,2,reviewed,nc,nc
1994-09-12T23:57:09.750Z,38.7763333,-119.705,-0.942,5.1,mw,332,164,0.7685,0.46,nc,nc30057222,2022-04-28T17:31:47.666Z,"8 km ESE of Mesa Vista, California",earthquake,0.44,0.65,,6,reviewed,nc,nc
1994-09-12T12:23:43.250Z,38.819,-119.652,14,6.1,mwb,,,,,us,usp0006j9b,2022-04-28T17:31:44.169Z,"4 km S of Carter Springs, Nevada",earthquake,,,,,reviewed,nc,us
1994-08-11T02:22:53.520Z,32.342,-115.28,6.007,4.63,ml,0,215.4,,0.687,ci,ci3180000,2016-02-12T12:34:23.909Z,"8km W of Delta, B.C., MX",earthquake,,,,57,reviewed,ci,ci
1994-08-01T21:34:31.120Z,34.64,-116.517,7.93,4.85,ml,0,57.6,,0.234,ci,ci3178681,2016-02-12T07:34:04.808Z,"34km WSW of Ludlow, California",earthquake,,0.574,,46,reviewed,ci,ci
1994-06-19T10:39:32.880Z,40.3555,-124.4628333,18.676,4.9,mw,18,248,0.1541,0.06,nc,nc30051264,2016-12-22T07:29:49.430Z,"29 km SW of Ferndale, California",earthquake,1.23,0.23,,5,reviewed,nc,nc
1994-06-16T16:24:27.530Z,34.268,-116.402,2.52,4.97,ml,0,45.1,,0.175,ci,ci3172554,2016-02-12T09:57:22.354Z,"17km NNW of Joshua Tree, California",earthquake,,0.213,,50,reviewed,ci,ci
1994-06-07T13:30:03.470Z,44.493,-114.003,5,4.8,mb,,,,1,us,usp0006dwx,2022-04-28T17:38:44.432Z,"18 km E of Challis, Idaho",earthquake,,,,39,reviewed,us,us
1994-05-12T00:22:23.000Z,25.068,-109.294,10,5.6,mw,,,,1.3,us,usp0006ce8,2022-04-28T17:42:09.080Z,"63 km SSW of Topolobampo, Mexico",earthquake,,,,,reviewed,us,hrv
1994-04-07T18:32:12.890Z,31.631,-115.882,5.842,4.55,ml,0,266.3,,0.401,ci,ci3162299,2016-02-12T12:22:23.590Z,"66km E of Maneadero, B.C., MX",earthquake,,,,41,reviewed,ci,ci
1994-04-06T19:01:04.060Z,34.192,-117.095,5.726,4.78,ml,0,26.5,,0.202,ci,ci3162132,2016-02-12T05:01:21.792Z,"2km SE of Running Springs, California",earthquake,,0.563,,44,reviewed,ci,ci
1994-03-26T21:33:35.250Z,28.913,-66.146,10,4.7,mb,,,,1.3,us,usp0006a83,2014-11-07T00:55:11.161Z,"North Atlantic Ocean",earthquake,,,,8,reviewed,us,us
1994-03-23T02:59:14.460Z,31.736,-116.195,5.094,5.27,ml,76,254,,0.68,ci,ci3159960,2016-04-02T02:13:12.511Z,"35km E of Maneadero, B.C., MX",earthquake,69.82,31.61,,21,reviewed,ci,ci
1994-03-20T21:20:12.260Z,34.231,-118.475,12.442,5.24,ml,0,27,,0.332,ci,ci3159411,2022-04-28T17:48:27.677Z,"3km WNW of Panorama City, California",earthquake,,0.134,,40,reviewed,ci,ci
1994-03-18T02:20:18.750Z,24.788,-109.109,10,5.7,mw,,,,1.1,us,usp00069un,2022-04-28T17:48:24.571Z,"86 km SSW of El Huitusi, Mexico",earthquake,,,,,reviewed,us,hrv
1994-03-13T16:59:03.740Z,40.3635,-124.9518333,8.894,4.7,mw,75,251,0.4829,0.1,nc,nc397633,2016-12-22T02:18:42.530Z,"62 km WSW of Ferndale, California",earthquake,0.79,1.81,,4,reviewed,nc,nc
1994-02-11T14:59:50.550Z,42.764,-110.995,5,4.8,mb,,,,1,us,usp00068cm,2022-04-28T17:49:03.016Z,"3 km SSE of Auburn, Wyoming",earthquake,,,,32,reviewed,us,us
1994-02-07T06:35:47.270Z,42.658,-111.018,5,4.5,mb,,,,0.8,us,usp000685z,2014-11-07T00:54:57.320Z,"4 km SW of Fairview, Wyoming",earthquake,,,,8,reviewed,us,us
1994-02-04T02:42:12.070Z,42.709,-111.026,5,4.7,mb,,,,1,us,usp0006802,2014-11-07T00:54:56.400Z,"4 km WNW of Fairview, Wyoming",earthquake,,,,19,reviewed,us,us
1994-02-03T09:05:04.200Z,42.762,-110.976,7.9,5.8,mw,,,,0.9,us,usp00067xb,2022-04-28T17:48:51.903Z,"4 km SSE of Auburn, Wyoming",earthquake,,,,,reviewed,us,hrv
1994-01-29T11:20:35.970Z,34.306,-118.579,0.607,5.06,ml,0,22.4,,0.339,ci,ci3147406,2022-04-28T17:53:30.583Z,"6km NNE of Chatsworth, California",earthquake,,0.149,,20,reviewed,ci,ci
1994-01-27T17:19:58.830Z,34.273,-118.563,14.535,4.57,ml,0,30.9,,0.333,ci,ci3146628,2016-02-11T18:31:40.488Z,"4km ENE of Chatsworth, California",earthquake,,0.082,,20,reviewed,ci,ci
1994-01-24T04:15:18.820Z,34.347,-118.552,6.024,4.59,ml,0,25.5,,0.314,ci,ci3145150,2016-02-12T17:25:41.011Z,"9km SSW of Santa Clarita, California",earthquake,,0.335,,40,reviewed,ci,ci
1994-01-22T22:54:10.660Z,34.393,-118.568,6.969,4.64,mc,0,79.5,,0.113,ci,ci3187383,2016-02-11T23:49:51.384Z,"6km WSW of Santa Clarita, California",earthquake,,1.007,,1,reviewed,ci,ci
1994-01-21T18:39:15.260Z,34.301,-118.466,10.323,4.53,ml,0,37.2,,0.342,ci,ci3145627,2016-02-12T07:11:41.247Z,"3km NW of Pacoima, California",earthquake,,0.206,,33,reviewed,ci,ci
1994-01-19T21:11:44.900Z,34.378,-118.619,10.83,5.07,ml,0,43.5,,0.352,ci,ci3142597,2016-02-12T12:08:07.288Z,"10km SSW of Valencia, California",earthquake,,0.524,,18,reviewed,ci,ci
1994-01-19T21:09:28.610Z,34.379,-118.712,13.797,5.06,ml,0,41.5,,0.539,ci,ci3142595,2016-02-13T08:36:11.800Z,"8km ESE of Piru, California",earthquake,,0.188,,51,reviewed,ci,ci
1994-01-19T14:09:14.830Z,34.215,-118.51,17.287,4.52,ml,0,34.3,,0.295,ci,ci3142198,2016-02-11T18:27:52.503Z,"3km NE of Reseda, California",earthquake,,0.353,,44,reviewed,ci,ci
1994-01-18T15:23:46.890Z,34.379,-118.561,7.441,4.84,ml,0,60.6,,0.276,ci,ci3141597,2016-02-12T14:48:29.819Z,"6km SW of Santa Clarita, California",earthquake,,1.182,,38,reviewed,ci,ci
1994-01-18T00:43:08.890Z,34.377,-118.698,10.709,5.24,ml,0,45.5,,0.311,ci,ci3141286,2020-04-16T18:54:30.059Z,"10km ESE of Piru, California",earthquake,,0.534,,8,reviewed,ci,ci
1994-01-17T23:33:30.690Z,34.326,-118.698,9.083,5.58,ml,0,23.9,,0.317,ci,ci3141273,2022-04-28T17:52:51.734Z,"7km NNE of Simi Valley, California",earthquake,,0.84,,28,reviewed,ci,ci
1994-01-17T20:46:02.400Z,34.302,-118.565,5.811,4.85,ml,0,43.5,,0.333,ci,ci3141219,2016-02-11T23:46:30.598Z,"6km NE of Chatsworth, California",earthquake,,,,37,reviewed,ci,ci
1994-01-17T17:56:08.210Z,34.228,-118.572,19.099,4.63,ml,0,42,,0.327,ci,ci3140853,2016-02-13T05:59:38.548Z,"4km WSW of Northridge, California",earthquake,,0.589,,43,reviewed,ci,ci
1994-01-17T15:54:10.760Z,34.376,-118.627,12.451,4.85,ml,0,35.6,,0.351,ci,ci3140766,2016-02-13T08:34:48.620Z,"10km SSW of Valencia, California",earthquake,,0.426,,41,reviewed,ci,ci
1994-01-17T13:26:45.010Z,34.318,-118.456,5.864,4.68,ml,0,51.2,,0.336,ci,ci3140684,2016-02-11T23:46:14.721Z,"4km NNW of Pacoima, California",earthquake,,,,41,reviewed,ci,ci
1994-01-17T13:06:28.340Z,34.251,-118.55,5.926,4.62,ml,0,59.3,,0.382,ci,ci3140678,2016-02-11T21:12:10.904Z,"2km NW of Northridge, California",earthquake,,,,46,reviewed,ci,ci
1994-01-17T12:40:36.120Z,34.34,-118.614,5.395,5.2,ml,0,179.8,0.2682,0.373,ci,ci3144694,2016-02-11T18:26:34.251Z,"9km N of Chatsworth, California",earthquake,,,,21,reviewed,ci,ci
1994-01-17T12:40:09.520Z,34.32,-118.507,5.495,4.82,ml,0,135.4,0.2177,0.292,ci,ci3144673,2016-02-11T21:12:07.853Z,"5km N of Granada Hills, California",earthquake,,,,18,reviewed,ci,ci
1994-01-17T12:39:39.800Z,34.265,-118.54,5.88,4.89,ml,0,89.5,,0.362,ci,ci3144652,2016-02-12T14:47:30.877Z,"3km N of Northridge, California",earthquake,,,,23,reviewed,ci,ci
1994-01-17T12:31:58.120Z,34.275,-118.493,5.317,5.89,ml,0,142.2,0.2557,0.494,ci,ci3149646,2020-07-09T21:21:19.090Z,"1km ENE of Granada Hills, California",earthquake,,,,4,reviewed,ci,ci
1994-01-17T12:30:55.390Z,34.213,-118.537,18.202,6.7,mw,0,29.7,,0.31,ci,ci3144585,2025-11-28T04:07:20.179Z,"Northridge, California, earthquake",earthquake,,0.403,,0,reviewed,ci,ci
1994-01-16T01:49:16.210Z,40.33,-76.037,5,4.6,mb,,,,0.9,us,usp00066h6,2020-09-15T16:54:09.575Z,"2 km W of Sinking Spring, Pennsylvania",earthquake,,,,12,reviewed,us,us
1993-12-28T21:02:28.770Z,43.483,-110.132,8,4.7,mb,,,,1,us,usp00065rz,2014-11-07T00:54:38.795Z,"38 km NE of Bondurant, Wyoming",earthquake,,2.4,,8,reviewed,us,us
1993-12-05T00:58:20.230Z,27.831,-102.737,5,4.7,mb,,,,1,us,usp00064p7,2014-11-07T00:54:33.461Z,"66 km NNW of Ocampo, Mexico",earthquake,,,,19,reviewed,us,us
1993-12-04T22:15:19.720Z,42.2915,-122.0086667,4.797,5.1,md,126,113,,0.11,uw,uw10316468,2022-04-28T17:53:38.653Z,"20 km WNW of Klamath Falls, Oregon",earthquake,0.468,0.56,0.04,7,reviewed,uw,uw
1993-11-14T12:25:34.890Z,35.9525,-120.498,10.883,4.82,mw,61,51,0.003604,0.06,nc,nc30034766,2016-12-21T04:00:50.130Z,"8 km NW of Parkfield, California",earthquake,0.16,0.24,,5,reviewed,nc,nc
1993-10-18T21:49:45.360Z,31.951,-118.865,5.801,4.72,ml,0,255.8,,0.381,ci,ci3127801,2016-02-10T03:03:56.219Z,"108km SSW of San Clemente Is. (SE tip), California",earthquake,,,,54,reviewed,ci,ci
1993-09-21T05:45:35.230Z,42.3575,-122.0583333,8.53,6,md,234,128,,0.08,uw,uw10313838,2022-04-28T18:00:59.603Z,"27 km WNW of Klamath Falls, Oregon",earthquake,0.4,0.85,0.02,3,reviewed,uw,uw
1993-09-21T03:28:55.630Z,42.3161667,-122.0266667,8.56,5.9,md,201,129,,0.09,uw,uw10313718,2022-04-28T18:00:58.445Z,"22 km WNW of Klamath Falls, Oregon",earthquake,0.441,0.93,0.02,3,reviewed,uw,uw
1993-08-21T01:46:38.400Z,34.029,-116.321,8.245,5,ml,0,43.1,,0.23,ci,ci3118441,2016-02-10T02:50:36.885Z,"12km S of Joshua Tree, California",earthquake,,0.49,,52,reviewed,ci,ci
1993-08-11T22:33:04.000Z,37.312,-121.679,8.928,4.67,md,102,41,0.05405,0.07,nc,nc374372,2016-12-20T17:25:51.960Z,"14 km ESE of Alum Rock, California",earthquake,0.12,0.35,0.13,360,reviewed,nc,nc
1993-06-02T02:08:32.790Z,25.946,-109.989,10,4.7,mb,,,,1.1,us,usp0005twb,2014-11-07T00:53:09.156Z,"65 km W of Las Grullas Margen Derecha, Mexico",earthquake,,,,9,reviewed,us,us
1993-05-28T04:47:40.600Z,35.149,-119.104,20.612,5.19,ml,0,36.9,,0.288,ci,ci3107503,2020-07-09T21:20:43.944Z,"21km SW of Lamont, California",earthquake,,0.34,,51,reviewed,ci,ci
1993-05-20T20:14:14.500Z,36.095,-117.702,-0.353,4.52,ml,0,140.6,,0.21,ci,ci3106252,2016-02-10T06:07:13.545Z,"23km ENE of Coso Junction, California",earthquake,,0.282,,60,reviewed,ci,ci
1993-05-19T14:13:23.840Z,37.138,-117.733,3.599,4.85,ml,0,171.6,,0.366,ci,ci3105878,2016-02-10T20:17:21.214Z,"49km E of Big Pine, California",earthquake,,,,34,reviewed,ci,ci
1993-05-18T23:48:55.160Z,37.064,-117.763,4.487,4.75,ml,0,177.8,,0.317,ci,ci3105693,2016-02-10T16:40:40.048Z,"48km ESE of Big Pine, California",earthquake,,,,58,reviewed,ci,ci
1993-05-18T01:03:07.660Z,37.152,-117.76,3.599,4.68,ml,0,170.7,,0.246,ci,ci3105197,2016-02-10T02:32:31.554Z,"47km E of Big Pine, California",earthquake,,,,44,reviewed,ci,ci
1993-05-17T23:36:09.420Z,37.1708333,-117.6778333,3.599,4.61,ml,48,232,,0.41,ci,ci3105174,2016-04-02T05:27:26.410Z,"54km E of Big Pine, CA",earthquake,2.35,31.61,,25,reviewed,ci,ci
1993-05-17T23:20:50.250Z,37.165,-117.774,3.599,6.1,mw,0,170.4,,0.344,ci,ci3105173,2022-04-28T18:12:46.923Z,"46km E of Big Pine, California",earthquake,,,,0,reviewed,ci,ci
1993-04-29T08:21:00.810Z,35.611,-112.112,10,5.3,mw,,,,1,us,usp0005ry3,2022-04-28T18:17:26.055Z,"5 km SSE of Valle, Arizona",earthquake,,,,,reviewed,us,hrv
1993-04-25T09:29:50.360Z,35.624,-112.147,10,5,mb,,,,1.2,us,usp0005rrq,2020-08-29T02:12:54.637Z,"3 km SSW of Valle, Arizona",earthquake,,,,29,reviewed,us,us
1993-03-25T13:34:35.440Z,45.0351667,-122.6065,19.608,5.6,md,40,67,0.2067,0.39,uw,uw10306313,2022-04-28T18:19:30.298Z,"4 km E of Scotts Mills, Oregon",earthquake,0.934,2.84,,2,reviewed,uw,uw
1993-03-05T08:20:55.370Z,28.71,-113.122,10,5.7,mw,,,,1.1,us,usp0005p0k,2022-04-28T18:17:45.264Z,"68 km ENE of San Luis, Mexico",earthquake,,,,,reviewed,us,hrv
1993-03-05T08:14:33.760Z,28.803,-113.115,10,4.9,mb,,,,1.3,us,usp0005p0j,2016-02-10T02:19:40.374Z,"74 km ENE of San Luis, Mexico",earthquake,,,,15,reviewed,us,us
1993-02-24T04:27:15.560Z,28.355,-111.991,10,4.7,mb,,,,1.3,us,usp0005nka,2016-02-10T09:29:39.069Z,"52 km S of Bahía de Kino, Mexico",earthquake,,,,15,reviewed,us,us
1993-02-11T12:39:36.960Z,35.026,-116.973,2.196,4.5,ml,0,60.4,,0.234,ci,ci3092017,2016-02-10T12:55:33.993Z,"15km NNE of Barstow, California",earthquake,,0.397,,44,reviewed,ci,ci
1993-02-10T21:48:35.070Z,40.429,-119.612,5,4.8,mb,,,,0.8,us,usp0005mwc,2016-02-10T12:55:29.353Z,"28 km SW of Empire, Nevada",earthquake,,,,36,reviewed,us,us
1993-01-16T06:29:35.010Z,37.0183333,-121.4631667,7.203,4.91,mw,95,68,0.01892,0.06,nc,nc332444,2022-04-28T18:22:50.907Z,"9 km E of Gilroy, California",earthquake,0.15,0.32,,3,reviewed,nc,nc
1992-12-04T05:25:11.210Z,34.377,-116.918,1.011,4.66,ml,0,31.8,,0.211,ci,ci3081464,2016-02-10T02:01:09.590Z,"9km SSE of Lucerne Valley, California",earthquake,,0.461,,18,reviewed,ci,ci
1992-12-04T05:25:07.440Z,34.373,-116.912,1.985,4.61,mc,0,54.2,,0.141,ci,ci3081485,2016-02-10T02:01:07.973Z,"9km SSE of Lucerne Valley, California",earthquake,,0.269,,116,reviewed,ci,ci
1992-12-04T02:08:57.500Z,34.369,-116.898,1.325,5.26,ml,0,31.8,,0.222,ci,ci3081404,2022-04-28T18:25:01.706Z,"10km SE of Lucerne Valley, California",earthquake,,0.182,,35,reviewed,ci,ci
1992-11-27T16:00:57.490Z,34.34,-116.9,-0.402,5.29,ml,0,28.1,,0.211,ci,ci3079915,2022-04-28T18:31:36.959Z,"10km NNW of Big Bear City, California",earthquake,,0.257,,22,reviewed,ci,ci
1992-11-08T02:17:23.080Z,25.904,-109.959,10,4.5,mb,,,,1.1,us,usp0005ggx,2014-11-07T00:51:50.094Z,"62 km W of Las Grullas Margen Derecha, Mexico",earthquake,,,,4,reviewed,us,us
1992-11-04T18:22:09.220Z,41.5203333,-113.4611667,8.6,4.66,ml,12,290,0.5758,0.13,uu,uu50068530,2018-08-28T04:43:20.270Z,"67 km ENE of Montello, Nevada",earthquake,4.05,1.17,,2,reviewed,uu,uu
1992-10-11T14:50:07.220Z,27.621,-111.453,10,4.8,ms,,,,1.1,us,usp0005f6u,2014-11-07T00:51:39.147Z,"54 km SW of San Carlos, Mexico",earthquake,,,,1,reviewed,us,us
1992-10-11T12:38:12.440Z,34.944,-116.797,1.604,4.52,ml,0,75,,0.175,ci,ci3069999,2016-02-10T08:54:35.495Z,"21km ENE of Barstow, California",earthquake,,1.266,,49,reviewed,ci,ci
1992-10-03T07:37:25.780Z,27.51,-111.364,10,5.2,ms,,,,1.2,us,usp0005ew8,2014-11-07T00:51:37.189Z,"58 km SSW of San Carlos, Mexico",earthquake,,,,8,reviewed,us,us
1992-10-02T07:19:57.340Z,34.601,-116.636,2.014,4.59,ml,0,48.2,,0.197,ci,ci3068003,2016-02-10T05:15:13.473Z,"35km ENE of Lucerne Valley, California",earthquake,,0.417,,30,reviewed,ci,ci
1992-09-15T08:47:11.300Z,34.064,-116.361,7.177,5.26,ml,0,38.4,,0.229,ci,ci3062563,2022-04-28T18:36:43.857Z,"9km SE of Yucca Valley, California",earthquake,,0.619,,25,reviewed,ci,ci
1992-09-02T10:26:20.860Z,37.0998333,-113.4971667,13.91,5.93,ml,12,200,0.5465,0.19,uu,uu50067050,2022-08-09T07:17:20.324Z,"3 km SSE of Washington, Utah",earthquake,1,1.16,,2,reviewed,uu,uu
1992-08-22T12:20:32.600Z,39.106,-70.319,10,4.8,mb,,,,0.8,us,usp0005cvz,2014-11-07T00:51:17.905Z,"240 km S of Madaket, Massachusetts",earthquake,,,,41,reviewed,us,us
1992-08-17T20:41:52.120Z,34.195,-116.863,9.44,5.23,ml,0,25,,0.176,ci,ci3055028,2020-07-09T21:19:27.026Z,"7km SE of Big Bear Lake, California",earthquake,,0.259,,23,reviewed,ci,ci
1992-08-15T08:24:14.660Z,34.087,-116.403,-0.546,4.73,ml,0,57.8,,0.207,ci,ci3054293,2016-02-09T21:32:00.033Z,"4km SE of Yucca Valley, California",earthquake,,0.395,,25,reviewed,ci,ci
1992-08-08T15:37:43.340Z,34.376,-116.459,1.384,4.57,ml,0,47.1,,0.148,ci,ci3052180,2016-02-10T22:30:35.321Z,"29km N of Yucca Valley, California",earthquake,,0.425,,23,reviewed,ci,ci
1992-08-05T22:22:40.820Z,34.979,-116.952,-0.851,4.79,ml,0,61.2,,0.207,ci,ci3051065,2016-02-10T15:15:18.441Z,"11km NE of Barstow, California",earthquake,,0.477,,26,reviewed,ci,ci
1992-08-04T13:37:27.670Z,37.243,-114.968,5,4.6,mb,,,,0.6,us,usp0005bz0,2014-11-07T00:51:13.152Z,"22 km SE of Alamo, Nevada",earthquake,,,,1,reviewed,us,us
1992-07-28T18:27:03.900Z,34.112,-116.415,-0.893,4.6,ml,0,32.9,,0.2,ci,ci3048163,2016-02-10T00:59:16.811Z,"2km E of Yucca Valley, California",earthquake,,0.252,,28,reviewed,ci,ci
1992-07-25T04:31:59.930Z,33.937,-116.306,3.701,4.83,ml,0,25.7,,0.236,ci,ci3046818,2016-02-10T11:37:30.429Z,"15km NNE of Thousand Palms, California",earthquake,,0.133,,34,reviewed,ci,ci
1992-07-24T18:14:36.250Z,33.901,-116.285,7.214,4.96,ml,0,28.5,,0.223,ci,ci3046661,2016-02-10T04:30:20.565Z,"13km NE of Thousand Palms, California",earthquake,,0.374,,32,reviewed,ci,ci
1992-07-20T13:13:19.420Z,34.991,-116.948,-0.812,4.68,ml,0,62.4,,0.197,ci,ci3045013,2016-02-10T04:26:16.228Z,"12km NNE of Barstow, California",earthquake,,0.622,,27,reviewed,ci,ci
1992-07-20T04:48:01.510Z,34.97,-116.939,3.737,4.55,ml,0,62.2,,0.195,ci,ci3044898,2016-02-09T21:07:18.665Z,"11km NE of Barstow, California",earthquake,,0.427,,30,reviewed,ci,ci
1992-07-11T18:14:16.160Z,35.21,-118.067,9.564,5.67,ml,0,28.2,,0.178,ci,ci3041390,2022-04-28T18:40:59.420Z,"12km NW of California City, California",earthquake,,0.578,,15,reviewed,ci,ci
1992-07-09T01:43:57.610Z,34.239,-116.837,-1.934,4.87,ml,0,22.2,,0.218,ci,ci3039881,2022-04-28T18:40:55.140Z,"3km SSE of Big Bear City, California",earthquake,,0.285,,19,reviewed,ci,ci
1992-07-08T02:23:11.330Z,34.575,-116.336,4.9,4.91,ml,0,62.3,,0.325,ci,ci3038139,2016-02-10T11:18:32.547Z,"23km SW of Ludlow, California",earthquake,,,,20,reviewed,ci,ci
1992-07-05T21:18:27.600Z,34.583,-116.322,4.922,5.42,ml,0,71.6,,0.296,ci,ci3035348,2022-04-28T18:40:52.370Z,"21km SW of Ludlow, California",earthquake,,,,21,reviewed,ci,ci
1992-07-05T10:55:43.290Z,35.03,-116.968,-0.075,4.56,ml,0,61.2,,0.216,ci,ci3035113,2016-02-09T20:49:19.957Z,"15km NNE of Barstow, California",earthquake,,0.515,,26,reviewed,ci,ci
1992-07-01T07:40:29.900Z,34.33,-116.464,5.091,5.34,ml,0,109.4,,0.22,ci,ci3032643,2020-07-09T21:17:59.393Z,"24km N of Yucca Valley, California",earthquake,,,,20,reviewed,ci,ci
1992-07-01T06:16:56.640Z,35.677,-117.608,2.424,4.51,ml,0,115.8,,0.212,ci,ci3032594,2016-02-10T07:33:22.814Z,"9km NE of Ridgecrest, California",earthquake,,0.139,,35,reviewed,ci,ci
1992-06-30T21:22:54.430Z,34.1301667,-116.7238333,11.616,4.85,ml,170,20,,0.36,ci,ci3038550,2016-04-02T05:40:02.040Z,"16km NW of Morongo Valley, CA",earthquake,0.27,0.41,,9,reviewed,ci,ci
1992-06-30T14:38:11.720Z,33.9971667,-116.3565,1.021,4.99,ml,93,33,,0.32,ci,ci3032166,2022-04-28T18:46:04.073Z,"14km ENE of Desert Hot Springs, CA",earthquake,0.35,0.76,,11,reviewed,ci,ci
1992-06-30T13:05:36.490Z,35.679,-117.6238333,2.764,4.59,ml,91,111,,0.29,ci,ci3032127,2016-04-01T19:56:09.627Z,"8km NE of Ridgecrest, CA",earthquake,0.48,0.73,,21,reviewed,ci,ci
1992-06-29T16:41:41.930Z,34.249,-116.719,-0.003,4.64,ml,0,62.5,,0.193,ci,ci3031666,2016-02-10T21:44:14.063Z,"12km E of Big Bear City, California",earthquake,,0.375,,13,reviewed,ci,ci
1992-06-29T16:01:42.790Z,33.8725,-116.268,0.691,4.83,ml,61,54,,0.28,ci,ci3031649,2022-04-28T18:45:52.330Z,"13km ENE of Thousand Palms, CA",earthquake,0.44,0.83,,8,reviewed,ci,ci
1992-06-29T14:41:26.040Z,34.111,-116.9968333,3.311,4.59,ml,61,56,,0.29,ci,ci3031622,2016-04-01T23:08:39.352Z,"10km NNE of Yucaipa, CA",earthquake,0.45,0.98,,20,reviewed,ci,ci
1992-06-29T14:31:30.360Z,34.081,-116.386,4.173,4.64,ml,0,72.7,,0.189,ci,ci3031618,2016-02-10T14:31:35.871Z,"6km SE of Yucca Valley, California",earthquake,,0.991,,20,reviewed,ci,ci
1992-06-29T14:13:38.770Z,34.1045,-116.39,11.191,5.08,mc,99,71,,0.45,ci,ci3031615,2022-04-28T18:45:51.317Z,"4km ESE of Yucca Valley, CA",earthquake,0.76,0.95,,94,reviewed,ci,ci
1992-06-29T14:08:37.730Z,34.105,-116.403,9.649,5.69,ml,0,89.3,,0.272,ci,ci3031935,2021-03-09T23:59:32.821Z,"3km ESE of Yucca Valley, California",earthquake,,0.801,,12,reviewed,ci,ci
1992-06-29T10:14:22.280Z,36.705,-116.293,8.8,5.8,mw,,,,0.9,us,usp00059w1,2022-04-28T18:45:39.618Z,"47 km ESE of Beatty, Nevada",earthquake,,1.8,,,reviewed,us,hrv
1992-06-29T01:18:13.400Z,35.16,-117.362,3.293,4.67,ml,0,141.6,,0.151,ci,ci3040295,2016-02-10T03:56:33.992Z,"32km NE of Boron, California",earthquake,,1.151,,16,reviewed,ci,ci
1992-06-28T21:13:16.470Z,34.095,-116.427,2.983,4.67,ml,0,87.3,,0.255,ci,ci3031245,2016-02-10T00:18:58.481Z,"2km SSE of Yucca Valley, California",earthquake,,0.266,,16,reviewed,ci,ci
1992-06-28T17:05:57.560Z,34.255,-116.912,6.553,5.26,ml,0,36.7,,0.222,ci,ci3031157,2016-02-10T07:27:06.031Z,"1km N of Big Bear Lake, California",earthquake,,1.118,,11,reviewed,ci,ci
1992-06-28T17:01:32.010Z,34.1788333,-116.9246667,9.226,4.98,ml,65,78,,0.31,ci,ci3031154,2016-04-02T15:12:45.354Z,"7km S of Big Bear Lake, CA",earthquake,0.52,0.77,,6,reviewed,ci,ci
1992-06-28T15:24:29.430Z,34.2011667,-116.751,5.266,4.76,ml,76,95,,0.51,ci,ci3031134,2016-04-01T19:52:17.585Z,"11km SE of Big Bear City, CA",earthquake,0.92,31.61,,9,reviewed,ci,ci
1992-06-28T15:18:33.190Z,34.2025,-116.7583333,7.761,4.58,ml,15,116,0.156,0.19,ci,ci3031129,2016-04-02T12:03:30.879Z,"10km SE of Big Bear City, CA",earthquake,0.62,3.39,,13,reviewed,ci,ci
1992-06-28T15:17:14.010Z,34.1111667,-116.8751667,3.64,4.66,ml,17,108,,0.37,ci,ci3037203,2016-04-02T18:24:34.404Z,"15km SSE of Big Bear Lake, CA",earthquake,1.2,3.49,,9,reviewed,ci,ci
1992-06-28T15:05:30.730Z,34.203,-116.827,3.634,6.3,mw,0,95.4,,0.226,ci,ci3031425,2024-09-24T23:25:06.965Z,"The 1992 Big Bear, California Earthquake",earthquake,,91.295,,0,reviewed,ci,ci
1992-06-28T15:04:51.500Z,34.1595,-116.8246667,11.363,4.54,ml,107,34,,0.33,ci,ci2057011,2016-04-02T18:20:24.551Z,"12km S of Big Bear City, CA",earthquake,0.48,0.61,,19,reviewed,ci,ci
1992-06-28T14:43:21.850Z,34.162,-116.852,9.615,5.53,ml,0,70.9,,0.146,ci,ci2057008,2022-04-28T18:45:27.656Z,"11km SSE of Big Bear Lake, California",earthquake,,2.031,,11,reviewed,ci,ci
1992-06-28T13:50:46.160Z,34.109,-116.403,4.664,4.95,ml,0,194.4,,0.31,ci,ci3031243,2016-02-10T18:02:07.162Z,"3km ESE of Yucca Valley, California",earthquake,,,,12,reviewed,ci,ci
1992-06-28T13:28:21.600Z,36.587,-116.904,4.865,4.65,ml,0,309,,0.253,ci,ci3031875,2016-02-10T07:26:42.277Z,"16km NNW of Furnace Creek, California",earthquake,,,,20,reviewed,ci,ci
1992-06-28T13:26:05.200Z,34.16,-116.407,4.778,4.88,ml,0,159.1,,0.379,ci,ci2056989,2016-02-10T18:02:04.297Z,"6km NNE of Yucca Valley, California",earthquake,,,,9,reviewed,ci,ci
1992-06-28T13:18:15.940Z,34.093,-116.391,-0.739,4.5,ml,0,121.9,,0.212,ci,ci3055321,2016-02-10T11:02:33.070Z,"4km ESE of Yucca Valley, California",earthquake,,1.086,,15,reviewed,ci,ci
1992-06-28T13:10:50.210Z,34.4183333,-116.4406667,4.652,4.87,ml,37,171,,0.38,ci,ci2056985,2016-04-02T15:11:33.350Z,"34km NNW of Joshua Tree, CA",earthquake,1.37,31.61,,12,reviewed,ci,ci
1992-06-28T12:40:53.570Z,34.3411667,-116.5106667,4.388,5.41,ml,23,219,,0.44,ci,ci2056980,2016-04-02T05:35:46.705Z,"26km NNW of Yucca Valley, CA",earthquake,2.66,31.61,,6,reviewed,ci,ci
1992-06-28T12:36:40.770Z,34.115,-116.4263333,7.502,5.49,ml,30,176,,0.41,ci,ci2056979,2022-04-28T18:45:26.552Z,"0km E of Yucca Valley, CA",earthquake,1.46,1.85,,11,reviewed,ci,ci
1992-06-28T12:02:58.610Z,34.1511667,-116.3546667,4.856,4.5,mh,4,240,0.2146,0.39,ci,ci12178459,2016-02-10T03:55:03.911Z,"4km WNW of Joshua Tree, California",earthquake,3.11,33.7,,0,reviewed,ci,ci
1992-06-28T12:02:31.080Z,34.1031667,-116.4246667,5.586,5,mh,3,285,0.1692,0.4,ci,ci12178455,2016-02-10T18:01:58.992Z,"1km SSE of Yucca Valley, California",earthquake,5.95,31.61,,0,reviewed,ci,ci
1992-06-28T12:02:16.960Z,34.0605,-116.4726667,5.378,5,mh,3,279,0.1441,0.14,ci,ci12178451,2016-02-10T03:55:02.486Z,"7km SSW of Yucca Valley, California",earthquake,2.4,31.61,,0,reviewed,ci,ci
1992-06-28T12:01:16.190Z,34.12,-116.323,5.706,5.7,ml,0,251.6,,0.224,ci,ci3043630,2020-07-09T21:19:16.170Z,"2km SSW of Joshua Tree, California",earthquake,,,,9,reviewed,ci,ci
1992-06-28T12:00:45.000Z,34.131,-116.408,-1.1,5.77,ml,0,158.7,,0.194,ci,ci3043549,2020-07-09T21:19:03.350Z,"3km NE of Yucca Valley, California",earthquake,,2.73,,11,reviewed,ci,ci
1992-06-28T11:57:34.130Z,34.2,-116.437,-0.097,7.3,mw,0,43.4,,0.194,ci,ci3031111,2025-08-22T20:50:18.015Z,"The 1992 Landers, California Earthquake",earthquake,,0.31,,0,reviewed,ci,ci
1992-06-05T21:46:43.070Z,40.3116667,-124.4065,19.606,4.89,md,18,243,0.0991,0.07,nc,nc288494,2022-04-28T18:42:57.265Z,"31 km SSW of Ferndale, California",earthquake,0.99,0.26,0.12,214,reviewed,nc,nc
1992-05-27T10:56:54.180Z,30.54,-114.519,5.974,4.6,ml,0,322,,1.795,ci,ci2053758,2016-02-10T14:23:50.416Z,"190km SSE of Estacion Coahuila, B.C., MX",earthquake,,,,5,reviewed,ci,ci
1992-05-26T20:42:49.600Z,25.983,-110.492,10,4.5,ms,,,,1,us,usp000584u,2014-11-07T00:50:41.575Z,"85 km E of Loreto, Mexico",earthquake,,,,5,reviewed,us,us
1992-05-25T20:40:30.990Z,26.214,-110.493,10,5.2,mb,,,,0.9,us,usp000582z,2016-02-10T00:11:58.870Z,"88 km ENE of Loreto, Mexico",earthquake,,,,30,reviewed,us,us
1992-05-25T19:01:12.620Z,26.31,-110.435,10,5.1,ms,,,,1,us,usp000582r,2016-02-10T21:35:15.543Z,"90 km SW of Pozo Dulce, Mexico",earthquake,,,,7,reviewed,us,us
1992-05-22T14:09:31.180Z,27.359,-115.019,10,5.3,mw,,,,1.1,us,usp00057wy,2022-04-28T18:48:02.231Z,"38 km SSW of Bahía Tortugas, Mexico",earthquake,,,,,reviewed,us,hrv
1992-05-18T15:44:17.970Z,33.951,-116.337,6.131,4.96,ml,0,30,,0.248,ci,ci2052730,2016-02-10T07:18:58.798Z,"15km E of Desert Hot Springs, California",earthquake,,0.309,,17,reviewed,ci,ci
1992-05-06T02:38:43.350Z,33.943,-116.314,6.206,4.83,ml,0,28.2,,0.226,ci,ci2050937,2016-02-10T07:14:44.728Z,"15km NNE of Thousand Palms, California",earthquake,,0.507,,18,reviewed,ci,ci
1992-05-04T16:19:49.720Z,33.941,-116.304,11.766,4.98,ml,0,41.2,,0.22,ci,ci2050647,2016-02-10T07:14:04.658Z,"16km NNE of Thousand Palms, California",earthquake,,0.226,,18,reviewed,ci,ci
1992-05-04T09:14:23.290Z,44.51,-113.978,10,4.6,mb,,,,1,us,usp00056wh,2014-11-07T00:50:34.821Z,"20 km E of Challis, Idaho",earthquake,,,,17,reviewed,us,us
1992-04-27T02:47:21.060Z,40.3238333,-124.6515,3.536,4.63,md,38,241,0.2739,0.08,nc,nc268261,2016-12-19T08:15:18.362Z,"43 km SW of Ferndale, California",earthquake,0.73,1.03,0.22,101,reviewed,nc,nc
1992-04-26T11:18:25.980Z,40.3828333,-124.555,21.713,6.57,mw,25,247,0.1901,0.07,nc,nc268078,2022-04-28T18:50:48.286Z,"32 km SW of Ferndale, California",earthquake,1.09,0.35,,1,reviewed,nc,nc
1992-04-26T07:41:40.090Z,40.4325,-124.566,18.824,6.45,mw,34,248,0.1802,0.12,nc,nc268031,2022-04-28T18:50:46.737Z,"30 km WSW of Ferndale, California",earthquake,1.31,0.34,,1,reviewed,nc,nc
1992-04-25T19:15:31.300Z,40.2995,-124.5601667,5.786,4.63,md,22,252,0.2,0.09,nc,nc267852,2016-12-19T07:22:29.753Z,"39 km SW of Ferndale, California",earthquake,1.72,0.96,0.3,74,reviewed,nc,nc
1992-04-25T19:14:51.140Z,40.3095,-124.573,-0.068,4.74,md,26,234,0.3622,0.08,nc,nc30500015,2016-12-19T07:22:25.055Z,"39 km SW of Ferndale, California",earthquake,1.17,2.91,0.1,20,automatic,nc,nc
1992-04-25T18:47:03.850Z,40.3158333,-124.4863333,-0.788,4.56,md,14,250,0.2973,0.18,nc,nc413292,2016-12-19T07:21:06.527Z,"34 km SSW of Ferndale, California",earthquake,3.27,5.67,0.69,6,automatic,nc,nc
1992-04-25T18:20:12.840Z,40.4406667,-124.406,-1.327,4.53,md,15,239,0.6423,0.1,nc,nc1194332,2016-12-19T07:20:18.861Z,"19 km SW of Ferndale, California",earthquake,1.25,4.31,0.45,11,reviewed,nc,nc
1992-04-25T18:06:05.180Z,40.3353333,-124.2286667,9.856,7.2,mh,9,115,0.1072,0.07,nc,nc269151,2024-02-25T07:25:06.580Z,"The 1992 Petrolia, California Earthquake",earthquake,0.33,0.64,,0,reviewed,nc,nc
1992-04-23T04:50:23.230Z,33.96,-116.317,11.629,6.1,mw,0,63.1,,0.256,ci,ci3019681,2024-02-24T11:39:08.891Z,"The 1992 Joshua Tree, California Earthquake",earthquake,,0.216,,0,reviewed,ci,ci
1992-04-23T02:25:29.870Z,33.956,-116.317,10.829,4.54,ml,0,62.7,,0.226,ci,ci2047709,2016-02-10T10:39:02.951Z,"17km NNE of Thousand Palms, California",earthquake,,0.263,,7,reviewed,ci,ci
1992-04-14T01:31:05.740Z,28.12,-112.493,10,4.5,mb,,,,1.3,us,usp00055rz,2016-02-10T14:05:13.055Z,"89 km NNW of Santa Rosalía, Mexico",earthquake,,,,10,reviewed,us,us
1992-03-26T16:30:00.000Z,37.272,-116.36,0,5.5,mb,,,,,us,usp00054w1,2016-04-02T08:38:56.423Z,"53 km NE of Beatty, Nevada",nuclear explosion,,,,81,reviewed,doe,us
1992-03-08T03:43:04.050Z,40.2326667,-124.2625,9.48,5.32,md,19,202,0.08108,0.06,nc,nc255182,2022-04-28T18:51:34.112Z,"27 km NW of Shelter Cove, California",earthquake,0.6,0.61,0.38,328,reviewed,nc,nc
1992-01-02T11:45:35.610Z,32.336,-103.101,5,4.6,mb,,,,0.8,us,usp000519d,2020-08-29T01:11:55.698Z,"12 km SSE of Eunice, New Mexico",earthquake,,,,8,reviewed,us,us
1991-12-26T00:54:21.340Z,25.212,-109.626,10,4.5,mb,,,,1.2,us,usp00050z0,2014-11-07T00:49:47.224Z,"68 km SSW of Campo Pesquero el Colorado, Mexico",earthquake,,,,4,reviewed,us,us
1991-12-26T00:25:37.210Z,24.969,-109.833,10,5.2,mb,,,,1.1,us,usp00050yx,2014-11-07T00:49:47.215Z,"101 km SSW of Campo Pesquero el Colorado, Mexico",earthquake,,,,15,reviewed,us,us
1991-12-26T00:24:46.850Z,25.268,-109.913,10,4.7,mb,,,,0.9,us,usp00050yw,2014-11-07T00:49:47.212Z,"81 km SW of Campo Pesquero el Colorado, Mexico",earthquake,,,,4,reviewed,us,us
1991-12-26T00:22:18.420Z,25.307,-109.693,10,5.6,ms,,,,1.4,us,usp00050yv,2022-04-28T18:58:16.632Z,"62 km SW of Campo Pesquero el Colorado, Mexico",earthquake,,,,6,reviewed,us,us
1991-12-26T00:04:58.930Z,25.275,-109.707,10,5.3,mw,,,,1.1,us,usp00050yu,2016-11-10T00:17:48.563Z,"66 km SW of Campo Pesquero el Colorado, Mexico",earthquake,,,,,reviewed,us,hrv
1991-12-03T17:54:36.380Z,31.759,-115.822,5.842,5.32,ml,60,246,,0.49,ci,ci2035965,2022-04-28T18:56:58.352Z,"71km E of Maneadero, B.C., MX",earthquake,88.54,31.61,0.148,5,reviewed,ci,ci
1991-11-26T18:35:00.070Z,37.096,-116.07,0,4.6,mb,,,,,us,usp0004zq2,2016-04-01T23:14:14.715Z,"64 km ENE of Beatty, Nevada",nuclear explosion,,,,11,reviewed,doe,us
1991-11-26T13:31:28.660Z,26.63,-110.912,10,4.6,mb,,,,1.1,us,usp0004zpg,2014-11-07T00:49:37.193Z,"81 km NNE of Loreto, Mexico",earthquake,,,,8,reviewed,us,us
1991-11-15T02:34:37.680Z,25.402,-109.763,19.8,4.6,mb,,,,1.2,us,usp0004z5v,2014-11-07T00:49:34.798Z,"59 km SW of Campo Pesquero el Colorado, Mexico",earthquake,,,,9,reviewed,us,us
1991-10-18T19:12:00.000Z,37.063,-116.045,0,5.2,mb,,,,,us,usp0004xzt,2016-04-02T08:49:26.081Z,"64 km NNW of Indian Springs, Nevada",nuclear explosion,,,,46,reviewed,doe,us
1991-09-17T21:10:29.020Z,35.8103333,-121.3348333,9.184,5.2,ml,61,167,0.04054,0.09,nc,nc231726,2020-07-10T14:20:55.015Z,"22 km NW of San Simeon, California",earthquake,0.22,0.4,,0,reviewed,nc,nc
1991-09-14T19:00:00.050Z,37.226,-116.428,0,5.5,mb,,,,,us,usp0004wmv,2016-02-04T22:36:59.500Z,"45 km NE of Beatty, Nevada",nuclear explosion,,,,75,reviewed,doe,us
1991-08-17T19:29:40.000Z,40.2516667,-124.2858333,8.32,6,ml,32,196,0.1063,0.09,nc,nc228027,2022-04-28T19:05:31.058Z,"30 km SSW of Scotia, California",earthquake,0.36,0.41,,0,reviewed,nc,nc
1991-08-14T06:38:34.210Z,29.45,-114.013,5,4.6,mb,,,,1.3,us,usp0004vb4,2014-11-07T00:49:05.082Z,"115 km NNW of San Luis, Mexico",earthquake,,,,10,reviewed,us,us
1991-07-17T05:12:48.360Z,27.808,-111.66,10,4.7,mb,,,,1.6,us,usp0004u8z,2014-11-07T00:48:55.494Z,"62 km WSW of San Carlos, Mexico",earthquake,,,,6,reviewed,us,us
1991-07-04T11:20:30.560Z,30.446,-113.857,10,4.5,mb,,,,1.7,us,usp0004tsd,2014-11-07T00:48:51.894Z,"101 km SSW of Puerto Peñasco, Mexico",earthquake,,,,1,reviewed,us,us
1991-06-28T14:43:54.660Z,34.27,-117.993,8.049,5.8,mw,0,14.3,,0.264,ci,ci2021449,2024-02-25T07:28:33.659Z,"The 1991 Sierra Madre, California Earthquake",earthquake,,0.304,,0,reviewed,ci,ci
1991-06-16T16:46:53.000Z,47,-76.7,18,4.5,mb,,,,,us,usp0004t1g,2014-11-07T00:48:45.458Z,"78 km NW of Saint-Boniface, Canada",earthquake,,,,2,reviewed,ott,us
1991-05-04T01:18:54.600Z,36.575,-89.825,11.2,4.5,md,,,,,nm,nm603867,2020-07-10T14:26:48.086Z,"2 km NNW of Risco, Missouri",earthquake,,,,,reviewed,nm,nm
1991-04-28T01:32:14.420Z,40.383,-124.5665,26.426,4.7,ml,49,228,0.3423,0.09,nc,nc211426,2016-12-18T08:25:31.600Z,"33 km SW of Ferndale, California",earthquake,0.56,1.37,,0,reviewed,nc,nc
1991-04-20T12:56:51.610Z,38.0723333,-112.7875,9.59,4.63,md,20,152,0.1689,0.35,uu,uu50057355,2018-08-28T04:21:40.510Z,"19 km SE of Minersville, Utah",earthquake,1.45,1.1,,4,reviewed,uu,uu
1991-04-16T15:30:00.070Z,37.245,-116.442,0,5.4,mb,,,,,us,usp0004qdt,2016-04-02T12:05:23.214Z,"46 km NE of Beatty, Nevada",nuclear explosion,,,,62,reviewed,doe,us
1991-04-04T19:00:00.000Z,37.296,-116.313,0,5.6,mb,,,,,us,usp0004py1,2016-04-01T23:08:58.232Z,"58 km NE of Beatty, Nevada",nuclear explosion,,,,70,reviewed,doe,us
1991-03-24T03:42:08.610Z,36.9651667,-121.7258333,14.562,4.6,ml,92,42,0.06126,0.08,nc,nc208480,2016-12-18T04:26:51.480Z,"1 km NNE of Interlaken, California",earthquake,0.18,0.31,,0,reviewed,nc,nc
1991-02-20T00:56:55.720Z,29.874,-113.592,10,4.6,mb,,,,1.2,us,usp0004n5d,2014-11-07T00:48:02.293Z,"87 km W of La Libertad, Mexico",earthquake,,,,5,reviewed,us,us
1991-02-16T21:03:15.360Z,29.483,-114.059,10,4.8,mb,,,,1.2,us,usp0004n11,2014-11-07T00:48:01.032Z,"120 km NNW of San Luis, Mexico",earthquake,,,,1,reviewed,us,us
1991-02-16T19:34:22.730Z,29.806,-113.781,10,4.6,mb,,,,1.4,us,usp0004n0y,2014-11-07T00:48:01.021Z,"105 km W of La Libertad, Mexico",earthquake,,,,4,reviewed,us,us
1991-02-16T06:06:01.390Z,29.43,-114.005,10,4.6,mb,,,,1.1,us,usp0004n07,2014-11-07T00:48:00.877Z,"113 km NNW of San Luis, Mexico",earthquake,,,,7,reviewed,us,us
1991-02-15T11:24:08.800Z,29.453,-113.644,10,4.8,mb,,,,1.4,us,usp0004myx,2014-11-07T00:48:00.171Z,"105 km WSW of La Libertad, Mexico",earthquake,,,,10,reviewed,us,us
1991-02-14T16:37:22.260Z,29.681,-113.858,10,5.4,mw,,,,1.3,us,usp0004mxt,2022-04-28T19:23:05.183Z,"115 km WSW of La Libertad, Mexico",earthquake,,,,,reviewed,us,hrv
1991-02-14T09:58:14.060Z,29.681,-113.769,10,4.6,mb,,,,1.6,us,usp0004mxj,2014-11-07T00:47:59.933Z,"107 km WSW of La Libertad, Mexico",earthquake,,,,5,reviewed,us,us
1991-02-04T16:38:36.110Z,36.0348333,-121.5673333,9.024,4.7,ml,133,179,0.1586,0.21,nc,nc205872,2016-12-18T01:52:27.780Z,"33 km SE of Big Sur, California",earthquake,0.26,0.32,,0,reviewed,nc,nc
1990-11-14T19:17:00.710Z,37.227,-116.371,0,5.4,mb,,,,,us,usp0004gy0,2016-04-01T23:15:52.136Z,"49 km NE of Beatty, Nevada",nuclear explosion,,,,56,reviewed,doe,us
1990-10-24T06:15:19.950Z,38.0618333,-119.1191667,10.903,5.8,ml,124,173,0.3577,0.13,nc,nc20092556,2022-04-28T19:36:13.102Z,"3 km NE of Mono City, California",earthquake,0.23,0.32,,0,reviewed,nc,nc
1990-10-19T07:01:57.400Z,46.47,-75.59,13,4.6,mb,,,,,us,usp0004fxg,2020-08-29T00:12:44.491Z,"11 km SW of Mont-Laurier, Canada",earthquake,,,,24,reviewed,ott,us
1990-10-12T17:30:00.080Z,37.248,-116.494,0,5.6,mb,,,,,us,usp0004fp1,2016-04-02T02:30:31.214Z,"44 km NNE of Beatty, Nevada",nuclear explosion,,,,75,reviewed,doe,us
1990-09-26T13:18:51.710Z,37.152,-89.613,1,4.8,md,,,,,nm,nm603773,2020-07-10T14:26:37.070Z,"4 km SE of Chaffee, Missouri",earthquake,,,,,reviewed,nm,nm
1990-07-25T15:00:00.060Z,37.207,-116.214,0,4.7,mb,,,,,us,usp0004chf,2016-04-01T23:16:48.228Z,"58 km NE of Beatty, Nevada",nuclear explosion,,,,24,reviewed,doe,us
1990-06-13T16:00:00.010Z,37.262,-116.42,0,5.7,mb,,,,,us,usp0004af6,2016-04-02T02:32:53.068Z,"49 km NE of Beatty, Nevada",nuclear explosion,,,,85,reviewed,doe,us
1990-06-11T04:52:52.050Z,27.394,-111.26,10,4.8,mb,,,,1.3,us,usp0004ach,2014-11-07T00:46:30.889Z,"65 km SSW of San Carlos, Mexico",earthquake,,,,19,reviewed,us,us
1990-04-18T15:46:03.450Z,36.9588333,-121.6845,6.641,5.1,ml,87,28,0.00991,0.09,nc,nc20091155,2016-12-17T05:06:53.470Z,"4 km E of Interlaken, California",earthquake,0.14,0.28,,0,reviewed,nc,nc
1990-04-18T13:53:51.300Z,36.9323333,-121.6568333,5.488,5.4,ml,100,36,0.004505,0.11,nc,nc20091154,2022-04-28T19:52:06.307Z,"5 km NNW of Aromas, California",earthquake,0.16,0.29,,0,reviewed,nc,nc
1990-04-18T13:41:38.640Z,36.9308333,-121.656,5.748,4.9,ml,97,45,0.004505,0.09,nc,nc20091172,2016-12-17T05:03:34.180Z,"4 km NNW of Aromas, California",earthquake,0.14,0.26,,0,reviewed,nc,nc
1990-04-18T13:38:10.170Z,36.9276667,-121.6421667,4.473,4.7,ml,16,85,0.06757,0.17,nc,nc20091171,2016-12-17T05:03:23.896Z,"4 km N of Aromas, California",earthquake,0.42,1.06,,0,reviewed,nc,nc
1990-04-17T22:32:27.290Z,34.106,-117.722,2.903,4.5,ml,0,42.7,,0.164,ci,ci1057313,2020-07-09T21:10:33.319Z,"1km N of Claremont, CA",earthquake,,0.005,,22,reviewed,ci,ci
1990-04-14T05:33:26.600Z,48.845,-122.1605,11.861,5,md,23,97,,0.21,uw,uw10257663,2020-09-21T18:40:14.259Z,"4 km ENE of Deming, Washington",earthquake,0.071,0.21,0.07,5,reviewed,uw,uw
1990-04-04T08:54:39.390Z,32.97,-117.814,5.74,4.52,ml,0,164.7,,0.467,ci,ci1056608,2016-02-04T22:06:36.710Z,"48km WSW of Carlsbad, CA",earthquake,,,,31,reviewed,ci,ci
1990-03-16T15:52:42.630Z,24.897,-109.035,10,6.1,mw,,,,1.3,us,usp00046pp,2022-04-28T19:55:56.345Z,"72 km SSW of El Huitusi, Mexico",earthquake,,,,,reviewed,us,hrv
1990-03-10T16:00:00.080Z,37.113,-116.055,0,5,mb,,,,,us,usp00046e0,2016-04-02T05:46:02.295Z,"65 km SSW of Rachel, Nevada",earthquake,,,,44,reviewed,doe,us
1990-03-01T03:23:03.030Z,34.153,-117.72,10.256,4.72,ml,0,28.2,,0.129,ci,ci676027,2016-02-04T22:28:13.460Z,"6km N of Claremont, CA",earthquake,,0.023,,10,reviewed,ci,ci
1990-02-28T23:43:36.750Z,34.144,-117.697,3.292,5.51,ml,0,30.9,,0.27,ci,ci1053635,2024-02-25T07:32:09.777Z,"The 1990 Upland, California Earthquake",earthquake,,0.155,,14,reviewed,ci,ci
1990-01-29T13:16:10.680Z,34.463,-106.879,12,4.5,mb,,,,,us,usp00044ve,2020-08-28T23:21:36.336Z,"6 km W of Abeytas, New Mexico",earthquake,,,,6,reviewed,snm,us
1990-01-26T02:20:17.440Z,26.083,-110.123,10,4.8,mb,,,,1.3,us,usp00044rd,2014-11-07T00:45:35.656Z,"80 km W of El Aguajito, Mexico",earthquake,,,,9,reviewed,us,us
1990-01-18T11:45:25.730Z,41.1711667,-123.7646667,34.76,4.9,ml,36,77,0.1964,0.12,nc,nc10090570,2016-12-16T19:31:27.560Z,"27 km ESE of Orick, California",earthquake,0.32,0.53,,0,reviewed,nc,nc
1990-01-16T20:08:20.460Z,40.2425,-124.2975,3.759,5.4,ml,147,247,0.6297,0.2,nc,nc10090568,2022-04-28T20:02:16.902Z,"30 km NW of Shelter Cove, California",earthquake,0.98,3.15,,0,reviewed,nc,nc
1990-01-13T20:05:10.390Z,27.602,-115.091,10,5.1,mb,,,,1.2,us,usp000447h,2014-11-07T00:45:32.659Z,"21 km WSW of Bahía Tortugas, Mexico",earthquake,,,,28,reviewed,us,us
1990-01-13T05:47:33.520Z,30.222,-114.44,10,4.6,mb,,,,1.3,us,usp000446d,2014-11-07T00:45:32.495Z,"96 km SSE of San Felipe, Mexico",earthquake,,,,6,reviewed,us,us
1989-12-24T08:45:58.900Z,46.65,-122.1161667,17.287,4.9,md,55,40,,0.19,uw,uw10250873,2018-06-04T20:43:45.000Z,"9 km SE of Mineral, Washington",earthquake,0.447,1.05,0.01,8,reviewed,uw,uw
1989-12-08T15:00:00.090Z,37.231,-116.409,0,5.5,mb,,,,,us,usp00042vm,2016-04-01T20:01:58.462Z,"47 km NE of Beatty, Nevada",nuclear explosion,,,,61,reviewed,doe,us
1989-11-29T06:54:38.500Z,34.455,-106.891,13,4.6,mb,,,,,us,usp00042j1,2018-06-04T20:43:45.000Z,"7 km W of Abeytas, New Mexico",earthquake,,,,5,reviewed,snm,us
1989-11-26T19:00:59.830Z,25.892,-110.076,10,5.6,mw,,,,1.3,us,usp00042ey,2022-04-28T20:08:14.903Z,"74 km W of Las Grullas Margen Derecha, Mexico",earthquake,,,,,reviewed,us,hrv
1989-11-12T00:14:39.690Z,30.871,-114.015,10,4.5,mb,,,,1.3,us,usp00041yj,2014-11-07T00:45:12.014Z,"67 km SW of Puerto Peñasco, Mexico",earthquake,,,,5,reviewed,us,us
1989-11-03T19:09:01.390Z,38.5973333,-119.6166667,-0.058,4.6,ml,175,100,0.4514,1.39,nc,nc10090166,2018-06-04T20:43:45.000Z,"8 km WSW of Topaz, California",earthquake,1.72,6.14,,6,reviewed,nc,nc
1989-11-02T05:50:10.690Z,37.0698333,-121.8031667,8.656,4.7,ml,92,39,0.01982,0.09,nc,nc10090165,2018-06-04T20:43:45.000Z,"6 km NE of Day Valley, California",earthquake,0.13,0.25,,7,reviewed,nc,nc
1989-10-31T15:30:00.090Z,37.263,-116.491,0,5.7,mb,,,,,us,usp00041hu,2016-04-02T18:30:19.105Z,"46 km NNE of Beatty, Nevada",nuclear explosion,,,,55,reviewed,doe,us
1989-10-25T01:27:26.220Z,37.0875,-121.8173333,9.453,4.7,ml,91,47,0.02613,0.07,nc,nc10090134,2018-06-04T20:43:45.000Z,"7 km NE of Day Valley, California",earthquake,0.12,0.26,,7,reviewed,nc,nc
1989-10-22T02:10:57.500Z,26.304,-110.377,10,5.3,mw,,,,1.4,us,usp0004137,2016-11-09T23:46:52.018Z,"86 km SW of Etchoropo, Mexico",earthquake,,,,,reviewed,us,hrv
1989-10-22T01:51:40.130Z,25.868,-110.313,10,4.8,mb,,,,0.9,us,usp0004136,2014-11-07T00:45:03.950Z,"97 km W of Las Grullas Margen Derecha, Mexico",earthquake,,,,3,reviewed,us,us
1989-10-22T01:42:05.630Z,26.28,-110.328,10,5.1,mb,,,,1.2,us,usp0004134,2014-11-07T00:45:03.941Z,"83 km SW of Etchoropo, Mexico",earthquake,,,,19,reviewed,us,us
1989-10-21T22:14:56.420Z,37.0676667,-121.8975,14.944,4.7,ml,94,85,0.04234,0.09,nc,nc10090142,2018-06-04T20:43:45.000Z,"4 km NW of Day Valley, California",earthquake,0.2,0.31,,7,reviewed,nc,nc
1989-10-21T21:09:03.450Z,25.458,-110.236,10,4.8,mb,,,,1.6,us,usp000412z,2014-11-07T00:45:03.929Z,"98 km WSW of Campo Pesquero el Colorado, Mexico",earthquake,,,,8,reviewed,us,us
1989-10-21T00:49:43.170Z,37.0558333,-121.8546667,12.577,4.5,ml,87,37,0.03333,0.09,nc,nc10090141,2018-06-04T20:43:45.000Z,"2 km NNE of Day Valley, California",earthquake,0.17,0.3,,7,reviewed,nc,nc
1989-10-20T05:56:02.050Z,26.144,-110.342,10,4.9,mb,,,,1.5,us,usp000410e,2014-11-07T00:45:03.110Z,"Gulf of California",earthquake,,,,6,reviewed,us,us
1989-10-19T10:14:34.810Z,36.9728333,-121.8336667,12.266,4.6,ml,59,89,0.004505,0.09,nc,nc10090126,2018-06-04T20:43:45.000Z,"1 km N of Aptos Hills-Larkin Valley, California",earthquake,0.22,0.45,,7,reviewed,nc,nc
1989-10-19T09:53:50.060Z,36.9445,-121.676,7.807,4.5,ml,57,95,0.01712,0.08,nc,nc10090128,2018-06-04T20:43:45.000Z,"5 km E of Interlaken, California",earthquake,0.21,0.34,,8,reviewed,nc,nc
1989-10-18T02:15:49.210Z,37.0233333,-121.7408333,-0.313,4.5,ml,34,85,0.06216,0.07,nc,nc10090144,2021-07-09T20:46:30.616Z,"6 km ENE of Corralitos, California",earthquake,0.28,0.47,,7,reviewed,nc,nc
1989-10-18T00:41:23.770Z,37.1901667,-122.052,15.306,5.1,ml,50,57,0.03063,0.09,nc,nc10090725,2018-06-04T20:43:45.000Z,"7 km SW of Monte Sereno, California",earthquake,0.16,0.53,,4,reviewed,nc,nc
1989-10-18T00:25:04.580Z,37.0523333,-121.7798333,5.494,4.8,ml,46,65,0.1189,0.09,nc,nc10090486,2018-06-04T20:43:45.000Z,"7 km NNE of Corralitos, California",earthquake,0.2,0.79,,5,reviewed,nc,nc
1989-10-18T00:12:42.300Z,37.176,-121.9781667,5.194,4.6,ml,19,183,0.02703,0.05,nc,nc10090513,2016-12-09T12:26:47.407Z,"1 km NNW of Lexington Hills, California",earthquake,0.52,0.56,,6,reviewed,nc,nc
1989-10-18T00:07:43.300Z,36.988,-121.7413333,15.257,4.7,ml,12,121,0.07477,0.06,nc,nc10090522,2016-12-09T12:26:25.182Z,"4 km N of Interlaken, California",earthquake,0.57,0.96,,4,reviewed,nc,nc
1989-10-18T00:07:15.290Z,37.2381667,-121.9445,9.372,4.7,ml,8,81,0.145,0.16,nc,nc10090521,2016-12-09T12:26:21.546Z,"2 km SSW of Cambrian Park, California",earthquake,0.64,2.97,,4,reviewed,nc,nc
1989-10-18T00:04:15.190Z,37.0361667,-121.8798333,17.214,6.9,mh,84,89,0.008108,0.08,nc,nc216859,2025-11-18T20:29:52.202Z,"The 1989 Loma Prieta, California Earthquake",earthquake,0.21,0.31,,0,reviewed,nc,nc
1989-09-30T09:58:01.300Z,24.838,-109.136,10,4.6,mb,,,,1.4,us,usp000406n,2014-11-07T00:44:55.258Z,"82 km SSW of El Huitusi, Mexico",earthquake,,,,2,reviewed,us,us
1989-09-21T17:41:18.430Z,40.3185,-124.646,16.29,4.9,ml,67,234,0.2838,0.08,nc,nc10090055,2018-06-04T20:43:45.000Z,"43 km SW of Ferndale, California",earthquake,0.52,0.39,,7,reviewed,nc,nc
1989-08-08T15:53:28.070Z,37.1613333,-121.9496667,14.849,4.5,ml,93,53,0.01622,0.1,nc,nc10089898,2018-06-04T20:43:45.000Z,"2 km E of Lexington Hills, California",earthquake,0.17,0.32,,1,reviewed,nc,nc
1989-08-08T08:13:27.390Z,37.1481667,-121.9268333,13.409,5.4,ml,92,51,0.02162,0.09,nc,nc10089897,2020-07-10T14:12:16.838Z,"4 km ESE of Lexington Hills, California",earthquake,0.16,0.34,,6,reviewed,nc,nc
1989-07-11T04:13:33.720Z,37.4291667,-118.6268333,12.103,4.6,ml,42,98,0.09189,0.05,nc,nc10089837,2016-12-09T05:28:20.280Z,"3 km WNW of Round Valley, California",earthquake,0.23,0.79,,8,reviewed,nc,nc
1989-07-05T22:51:56.530Z,41.7068333,-112.3805,6.15,4.5,ml,11,96,0.02994,0.22,uu,uu50043365,2018-08-28T03:52:49.890Z,"7 km WNW of Thatcher, Utah",earthquake,0.89,0.8,,2,reviewed,uu,uu
1989-06-27T15:30:00.020Z,37.275,-116.354,0,4.9,mb,,,,,us,usp0003wqd,2016-04-02T12:12:50.883Z,"54 km NE of Beatty, Nevada",nuclear explosion,,,,25,reviewed,doe,us
1989-06-23T00:51:45.990Z,30.188,-114.292,10,4.5,mb,,,,1.3,us,usp0003whq,2014-11-07T00:44:23.822Z,"106 km SSE of San Felipe, Mexico",earthquake,,,,5,reviewed,us,us
1989-06-22T22:15:45.830Z,30.333,-114.252,10,4.5,mb,,,,0.9,us,usp0003whj,2014-11-07T00:44:23.807Z,"95 km SE of San Felipe, Mexico",earthquake,,,,1,reviewed,us,us
1989-06-22T21:15:00.830Z,37.283,-116.412,0,5.3,mb,,,,,us,usp0003whe,2016-04-02T08:57:09.106Z,"51 km NE of Beatty, Nevada",nuclear explosion,,,,54,reviewed,doe,us
1989-06-22T21:06:01.840Z,30.395,-114.262,10,4.6,mb,,,,1.3,us,usp0003whd,2014-11-07T00:44:23.774Z,"89 km SE of San Felipe, Mexico",earthquake,,,,3,reviewed,us,us
1989-06-12T16:57:18.490Z,34.028,-118.18,15.365,4.82,ml,0,56.6,,0.169,ci,ci1032113,2020-07-09T21:10:14.130Z,"1km WSW of East Los Angeles, CA",earthquake,,0.008,,13,reviewed,ci,ci
1989-05-25T07:43:18.510Z,30.846,-109.332,5,4.6,mb,,,,1,us,usp0003vmb,2014-11-07T00:44:14.564Z,"22 km ESE of Fronteras, Mexico",earthquake,,,,11,reviewed,us,us
1989-05-09T18:28:45.500Z,48.2305,-119.8538333,14.594,4.5,md,24,175,0.2516,0.48,uw,uw10240943,2020-09-21T18:39:53.426Z,"12 km WSW of Malott, Washington",earthquake,3.457,2.76,0.03,8,reviewed,uw,uw
1989-04-07T20:07:30.300Z,33.619,-117.902,12.599,4.8,ml,0,79.5,,0.241,ci,ci657729,2020-07-09T21:46:16.168Z,"2km E of Newport Beach, CA",earthquake,,0.044,,10,reviewed,ci,ci
1989-04-03T17:46:34.230Z,37.4318333,-121.7713333,11.317,4.5,ml,91,18,0.02973,0.08,nc,nc10089455,2020-07-10T14:11:52.968Z,"6 km NE of East Foothills, California",earthquake,0.13,0.38,,7,reviewed,nc,nc
1989-03-09T14:05:00.090Z,37.143,-116.067,0,5,mb,,,,,us,usp0003ssf,2016-04-02T05:44:53.812Z,"62 km SSW of Rachel, Nevada",nuclear explosion,,,,19,reviewed,doe,us
1989-03-06T22:16:47.630Z,33.181,-115.599,1.117,4.58,ml,0,52.2,,0.216,ci,ci1022950,2016-02-04T01:45:20.060Z,"10km SW of Niland, CA",earthquake,,0.116,,14,reviewed,ci,ci
1989-03-05T06:42:00.660Z,47.8128333,-123.3568333,45.287,4.5,md,38,53,,0.32,uw,uw10239378,2018-06-04T20:43:45.000Z,"32 km S of Port Angeles East, Washington",earthquake,0.992,1.91,0.01,13,reviewed,uw,uw
1989-02-10T20:06:00.060Z,37.077,-116.001,0,5.2,mb,,,,,us,usp0003rrz,2016-04-01T23:14:42.117Z,"63 km NNW of Indian Springs, Nevada",earthquake,,,,54,reviewed,doe,us
1989-01-30T04:06:23.000Z,38.8306667,-111.62,18.96,5.15,md,32,91,0.3517,0.34,uu,uu50040800,2022-08-09T07:16:16.952Z,"25 km SE of Salina, Utah",earthquake,0.9,0.69,,22,reviewed,uu,uu
1989-01-19T06:53:28.840Z,33.919,-118.627,11.634,4.96,ml,0,47.5,,0.174,ci,ci1018595,2020-07-09T21:10:01.016Z,"13km S of Las Flores, CA",earthquake,,0.133,,13,reviewed,ci,ci
1988-12-16T05:53:04.100Z,33.979,-116.681,6.894,5.03,ml,0,24.5,,0.109,ci,ci651401,2018-06-04T20:43:45.000Z,"12km SW of Morongo Valley, CA",earthquake,,0.02,,13,reviewed,ci,ci
1988-12-10T20:30:00.060Z,37.199,-116.209,0,5,mb,,,,,us,usp0003prf,2016-04-02T12:12:58.661Z,"58 km ENE of Beatty, Nevada",earthquake,,,,33,reviewed,doe,us
1988-12-03T11:38:26.450Z,34.151,-118.13,13.719,5.02,ml,0,21.2,,0.318,ci,ci650799,2020-07-09T21:46:02.503Z,"1km SSE of Pasadena, CA",earthquake,,0.091,,11,reviewed,ci,ci
1988-11-25T23:46:04.500Z,48.117,-71.183,28.9,5.9,mw,,,,,us,usp0003p6p,2022-04-28T20:31:44.994Z,"33 km S of Jonquière, Canada",earthquake,,,,,reviewed,ott,hrv
1988-11-20T05:39:28.670Z,33.507,-118.071,5.79,4.83,ml,0,84.1,,0.29,ci,ci1013254,2018-06-04T20:43:45.000Z,"18km SW of Newport Beach, CA",earthquake,,,,8,reviewed,ci,ci
1988-11-10T05:08:02.840Z,37.3746667,-121.7301667,8.387,4.8,ml,99,30,0.02703,0.06,nc,nc10088153,2018-06-04T20:43:45.000Z,"7 km E of East Foothills, California",earthquake,0.11,0.34,,6,reviewed,nc,nc
1988-10-13T16:18:07.850Z,37.089,-116.049,0,4.5,mb,,,,,us,usp0003msz,2014-11-07T00:42:57.885Z,"66 km ENE of Beatty, Nevada",earthquake,,,,3,reviewed,spe,us
1988-10-13T14:00:00.080Z,37.089,-116.049,0,5.9,mb,,,,,us,usp0003msv,2016-04-02T18:30:37.298Z,"66 km ENE of Beatty, Nevada",nuclear explosion,,,,82,reviewed,doe,us
1988-09-19T02:56:31.770Z,38.461,-118.342,9,4.5,mb,,,,,us,usp0003m33,2018-06-04T20:43:45.000Z,"21 km WNW of Mina, Nevada",earthquake,,,,5,reviewed,ren,us
1988-09-07T02:28:08.600Z,38.142,-83.834,10,4.6,mb_lg,,102,1.65475,0.3,se,se60823,2022-06-28T14:19:16.061Z,"6 km W of Owingsville, Kentucky",earthquake,,1.8,,,reviewed,se,se
1988-08-31T16:45:17.220Z,31.822,-115.775,5.351,5.25,ml,0,103.1,,0.556,ci,ci645853,2022-04-28T20:39:52.072Z,"73km SW of Alberto Oviedo Mota, B.C., MX",earthquake,,,,12,reviewed,ci,ci
1988-08-30T18:00:00.090Z,37.086,-116.069,0,5,mb,,,,,us,usp0003kha,2016-04-02T12:13:01.411Z,"64 km ENE of Beatty, Nevada",nuclear explosion,,,,47,reviewed,doe,us
1988-08-17T17:00:00.090Z,37.297,-116.307,0,5.5,mb,,,,,us,usp0003k3a,2016-02-04T05:34:57.020Z,"58 km NE of Beatty, Nevada",nuclear explosion,,,,82,reviewed,doe,us
1988-08-14T20:03:04.210Z,39.145,-110.883,9.1,5.17,ml,27,195,0.5384,0.41,uu,uu50037505,2022-04-28T20:38:11.838Z,"13 km ESE of Castle Dale, Utah",earthquake,1.82,1.18,,2,reviewed,uu,uu
1988-07-26T03:26:55.640Z,36.5768333,-121.1501667,3.182,4.7,ml,74,22,0.03243,0.06,nc,nc10087527,2018-06-04T20:43:45.000Z,"23 km NE of Soledad, California",earthquake,0.1,0.3,,1,reviewed,nc,nc
1988-07-14T17:31:33.070Z,44.456,-114.083,5,4.9,mb,,,,0.8,us,usp0003hvd,2018-06-04T20:43:45.000Z,"13 km ESE of Challis, Idaho",earthquake,,,,33,reviewed,us,us
1988-07-07T15:05:30.070Z,37.252,-116.377,0,5.6,mb,,,,,us,usp0003hpc,2016-04-02T02:33:56.621Z,"51 km NE of Beatty, Nevada",nuclear explosion,,,,65,reviewed,doe,us
1988-06-27T18:43:22.330Z,37.1283333,-121.895,12.634,5.3,ml,91,45,0.04775,0.09,nc,nc10139668,2018-06-04T20:43:45.000Z,"8 km ESE of Lexington Hills, California",earthquake,0.16,0.36,,4,reviewed,nc,nc
1988-06-26T15:04:58.480Z,34.136,-117.709,6.579,4.66,ml,0,30,,0.161,ci,ci136984,2018-06-04T20:43:45.000Z,"4km NNE of Claremont, CA",earthquake,,0.041,,12,reviewed,ci,ci
1988-06-21T07:34:32.110Z,26.298,-110.961,10,4.5,mb,,,,1.1,us,usp0003h5e,2014-11-07T00:42:20.450Z,"50 km NE of Loreto, Mexico",earthquake,,,,5,reviewed,us,us
1988-06-18T22:49:42.370Z,26.856,-110.996,10,6.7,mw,,,,1.2,us,usp0003h35,2022-04-28T20:44:43.672Z,"76 km SW of Bahía de Lobos, Mexico",earthquake,,,,,reviewed,us,hrv
1988-06-13T01:45:36.530Z,37.3926667,-121.7415,9.087,5.3,ml,98,29,0.03604,0.06,nc,nc10087352,2022-04-28T20:44:16.053Z,"6 km E of East Foothills, California",earthquake,0.11,0.37,,5,reviewed,nc,nc
1988-06-11T08:58:35.260Z,30.774,-109.334,5,4.5,mb,,,,1,us,usp0003gw5,2014-11-07T00:42:19.047Z,"25 km ENE of Esqueda, Mexico",earthquake,,,,2,reviewed,us,us
1988-06-10T23:06:43.050Z,34.943,-118.743,5.898,5.37,ml,0,31,,0.175,ci,ci640798,2022-04-28T20:43:55.996Z,"16km NE of Lebec, CA",earthquake,,0.052,,11,reviewed,ci,ci
1988-06-02T13:00:00.090Z,37.26,-116.441,0,5.4,mb,,,,,us,usp0003gn1,2016-04-02T05:47:28.739Z,"48 km NE of Beatty, Nevada",nuclear explosion,,,,68,reviewed,doe,us
1988-05-14T00:58:07.680Z,25.57,-109.7,10,4.9,mb,,,,1,us,usp0003fy7,2014-11-07T00:42:09.071Z,"43 km WSW of Campo Pesquero el Colorado, Mexico",earthquake,,,,21,reviewed,us,us
1988-05-13T15:35:00.110Z,37.124,-116.072,0,4.8,mb,,,,,us,usp0003fxz,2016-04-02T18:30:33.959Z,"64 km SSW of Rachel, Nevada",nuclear explosion,,,,20,reviewed,doe,us
1988-02-20T08:39:57.260Z,36.7958333,-121.3111667,9.181,5.1,ml,88,26,0.02342,0.07,nc,nc10086194,2018-06-04T20:43:45.000Z,"1 km NE of Tres Pinos, California",earthquake,0.14,0.19,,8,reviewed,nc,nc
1988-02-15T18:10:00.090Z,37.314,-116.471,0,5.3,mb,,,,,us,usp0003d1q,2016-04-02T08:57:01.001Z,"51 km NNE of Beatty, Nevada",nuclear explosion,,,,60,reviewed,doe,us
1988-02-12T05:50:46.940Z,29.857,-114.091,10,5.1,mb,,,,1.5,us,usp0003cyv,2014-11-07T00:41:39.304Z,"135 km W of La Libertad, Mexico",earthquake,,,,5,reviewed,us,us
1988-02-12T05:23:56.470Z,30.105,-113.896,10,5.8,mw,,,,1.7,us,usp0003cyu,2022-04-28T20:53:49.098Z,"118 km W of La Libertad, Mexico",earthquake,,,,,reviewed,us,hrv
1988-02-11T15:25:55.650Z,34.077,-118.047,11.978,4.69,ml,0,40,,0.163,ci,ci743060,2020-08-25T22:23:56.351Z,"2km WNW of El Monte, CA",earthquake,,0.012,,9,reviewed,ci,ci
1988-01-28T08:38:28.000Z,48,-65.58,18,4.9,mblg,,,,,us,usp0003cgu,2020-08-28T21:50:16.624Z,"8 km SW of Bonaventure, Canada",earthquake,,,,,reviewed,ott,us
1988-01-28T02:54:02.340Z,32.919,-115.678,3.752,4.67,ml,0,52.8,,0.145,ci,ci742130,2018-06-04T20:43:45.000Z,"13km NW of Imperial, CA",earthquake,,0.011,,10,reviewed,ci,ci
1988-01-25T13:20:30.010Z,31.875,-115.816,5.455,4.62,ml,0,213.1,,0.31,ci,ci135780,2016-02-04T04:14:26.320Z,"72km WSW of Alberto Oviedo Mota, B.C., MX",earthquake,,,,4,reviewed,ci,ci
1988-01-25T13:17:51.170Z,31.7451667,-115.6963333,5.094,5.49,ml,19,271,0.9679,0.64,ci,ci741859,2016-04-01T20:01:43.681Z,"73km SW of Alberto Oviedo Mota, B.C., MX",earthquake,5.71,31.61,,8,reviewed,ci,ci
1988-01-25T13:17:09.650Z,31.6603333,-115.7601667,5.842,4.8,mh,23,275,0.9937,0.48,ci,ci13381759,2016-02-03T21:41:34.990Z,"77km E of Maneadero, B.C., MX",earthquake,4.13,31.61,,0,reviewed,ci,ci
1988-01-10T23:22:19.510Z,44.84,-114.377,5,4.8,mb,,,,1.2,us,usp0003byz,2018-06-04T20:43:45.000Z,"39 km NNW of Challis, Idaho",earthquake,,,,7,reviewed,us,us
1988-01-06T22:49:48.260Z,36.7773333,-120.8793333,4.465,4.5,ml,73,97,0.08108,0.07,nc,nc110574,2018-06-04T20:43:45.000Z,"28 km SW of South Dos Palos, California",earthquake,0.19,0.6,,6,reviewed,nc,nc
1987-12-02T04:03:06.190Z,32.995,-115.813,1.721,4.57,ml,0,39,,0.149,ci,ci737585,2016-02-03T23:37:59.540Z,"18km WSW of Westmorland, CA",earthquake,,0.026,,12,reviewed,ci,ci
1987-12-02T03:59:46.660Z,31.782,-115.826,5.094,4.63,ml,0,254,,0.438,ci,ci737584,2016-02-03T20:21:00.870Z,"70km E of Maneadero, B.C., MX",earthquake,,,,11,reviewed,ci,ci
1987-11-26T17:39:01.990Z,33.029,-115.888,1.812,4.53,ml,0,59.2,,0.123,ci,ci736607,2018-06-04T20:43:45.000Z,"25km W of Westmorland, CA",earthquake,,0.029,,12,reviewed,ci,ci
1987-11-24T13:34:39.920Z,32.942,-115.764,13.967,4.71,ml,0,118.7,,0.129,ci,ci134915,2018-06-04T20:43:45.000Z,"17km SW of Westmorland, CA",earthquake,,3.959,,8,reviewed,ci,ci
1987-11-24T13:15:56.710Z,33.015,-115.852,11.181,6.6,mw,0,51.3,,0.388,ci,ci628016,2024-02-24T11:25:30.935Z,"The 1987 Superstition Hills, California Earthquake",earthquake,,0.765,,0,reviewed,ci,ci
1987-11-24T02:53:00.740Z,33.04,-115.812,3.511,4.66,ml,0,37.6,,0.211,ci,ci627860,2018-06-04T20:43:45.000Z,"18km W of Westmorland, CA",earthquake,,0.062,,11,reviewed,ci,ci
1987-11-24T02:15:23.170Z,33.048,-115.798,5.113,4.82,ml,0,84.5,,0.177,ci,ci134901,2018-06-04T20:43:45.000Z,"16km W of Westmorland, CA",earthquake,,0.124,,11,reviewed,ci,ci
1987-11-24T02:14:35.450Z,33.036,-115.82,4.731,4.54,ml,0,37.4,,0.167,ci,ci735670,2018-06-04T20:43:45.000Z,"18km W of Westmorland, CA",earthquake,,0.034,,9,reviewed,ci,ci
1987-11-24T01:54:14.660Z,33.09,-115.792,10.853,6.2,mw,0,35.4,,0.321,ci,ci134894,2024-02-24T11:30:05.033Z,"The 1987 Elmore Ranch, California Earthquake",earthquake,,0.453,,0,reviewed,ci,ci
1987-10-27T00:54:58.200Z,30.87,-116.89,6,4.5,mb,,,,,us,usp00039n2,2014-11-07T00:41:07.338Z,"70 km W of Las Brisas, Mexico",earthquake,,,,3,reviewed,pas,us
1987-10-26T04:16:00.730Z,41.2041667,-113.1806667,10.21,4.57,ml,21,125,,0.2,uu,uu50034135,2018-08-28T03:34:53.340Z,"85 km E of Montello, Nevada",earthquake,0.78,0.47,,2,reviewed,uu,uu
1987-10-23T16:00:00.090Z,37.142,-116.079,0,5.2,mb,,,,,us,usp00039hj,2016-04-02T12:13:29.503Z,"63 km SSW of Rachel, Nevada",nuclear explosion,,,,53,reviewed,doe,us
1987-10-15T05:11:32.530Z,27.906,-111.311,10,4.8,mb,,,,1.2,us,usp000399e,2014-11-07T00:41:05.319Z,"26 km WSW of San Carlos, Mexico",earthquake,,,,8,reviewed,us,us
1987-10-04T10:59:38.190Z,34.074,-118.098,7.719,5.25,ml,0,31.1,,0.175,ci,ci732031,2022-04-27T21:31:35.802Z,"2km WSW of Rosemead, CA",earthquake,,0.017,,7,reviewed,ci,ci
1987-10-01T15:12:31.760Z,34.052,-118.091,10.239,4.62,ml,0,47.8,,0.187,ci,ci134294,2018-06-04T20:43:45.000Z,"3km ESE of Monterey Park, CA",earthquake,,0.024,,7,reviewed,ci,ci
1987-10-01T14:49:49.100Z,36.1575,-120.7141667,27.499,4.77,md,15,320,0.1252,0.51,nc,nc1152960,2016-12-07T11:41:33.781Z,"22 km NE of San Ardo, California",earthquake,35.83,40.65,,1,reviewed,nc,nc
1987-10-01T14:49:05.920Z,34.06,-118.1,11.03,4.75,ml,0,90.4,,0.049,ci,ci624580,2018-06-04T20:43:45.000Z,"2km E of Monterey Park, CA",earthquake,,0.046,,9,reviewed,ci,ci
1987-10-01T14:45:41.450Z,34.049,-118.1,12.874,4.7,ml,0,79.5,,0.046,ci,ci624578,2018-06-04T20:43:45.000Z,"3km SE of Monterey Park, CA",earthquake,,0.088,,8,reviewed,ci,ci
1987-10-01T14:42:20.020Z,34.061,-118.079,14.6,5.9,mw,0,44.4,,0.178,ci,ci731691,2025-10-04T04:05:27.600Z,"The 1987 Whittier Narrows, California Earthquake",earthquake,,0.023,,0,reviewed,ci,ci
1987-09-25T04:27:57.800Z,41.2218333,-113.1605,8.99,4.71,ml,19,236,0.5963,0.25,uu,uu50033595,2018-08-28T03:33:42.610Z,"86 km E of Montello, Nevada",earthquake,2.93,0.89,,2,reviewed,uu,uu
1987-09-24T15:00:00.060Z,37.228,-116.375,0,5.7,mb,,,,,us,usp00038p8,2016-04-02T08:57:59.754Z,"Nevada",nuclear explosion,,,,67,reviewed,doe,us
1987-08-13T14:00:00.090Z,37.061,-116.045,0,5.9,mb,,,,,us,usp00037ga,2016-04-01T23:18:10.413Z,"63 km NNW of Indian Springs, Nevada",nuclear explosion,,,,71,reviewed,doe,us
1987-08-08T09:10:47.800Z,25.776,-109.922,10,4.9,ms,,,,1.3,us,usp00037bu,2014-11-07T00:40:47.537Z,"59 km W of Las Grullas Margen Derecha, Mexico",earthquake,,,,1,reviewed,us,us
1987-07-31T23:56:57.830Z,40.4156667,-124.3826667,16.895,5.6,ml,20,243,0.06937,0.06,nc,nc10083966,2022-04-27T21:41:01.061Z,"20 km SSW of Ferndale, California",earthquake,0.84,0.21,,4,reviewed,nc,nc
1987-07-16T19:00:00.080Z,37.104,-116.023,0,4.8,mb,,,,,us,usp00036pt,2016-04-02T15:22:15.607Z,"64 km SSW of Rachel, Nevada",nuclear explosion,,,,33,reviewed,doe,us
1987-06-20T11:29:20.980Z,29.196,-112.893,10,4.5,mb,,,,1.6,us,usp00035xy,2014-11-07T00:40:33.361Z,"81 km SSW of La Libertad, Mexico",earthquake,,,,3,reviewed,us,us
1987-06-20T11:00:18.870Z,29.333,-112.945,10,4.5,mb,,,,1.3,us,usp00035xw,2014-11-07T00:40:33.355Z,"68 km SSW of La Libertad, Mexico",earthquake,,,,11,reviewed,us,us
1987-06-10T23:48:53.900Z,38.71,-87.95,4.6,5.2,md,,,,,nm,nm603116,2022-08-07T11:06:49.368Z,"2 km ESE of Claremont, Illinois",earthquake,,,,,reviewed,nm,nm
1987-04-30T13:30:00.090Z,37.233,-116.423,0,5.5,mb,,,,,us,usp00034ku,2016-04-02T08:57:10.651Z,"46 km NE of Beatty, Nevada",nuclear explosion,,,,67,reviewed,doe,us
1987-04-18T13:40:00.600Z,37.248,-116.509,0,5.5,mb,,,,,us,usp000348v,2016-04-02T02:33:42.921Z,"43 km NNE of Beatty, Nevada",nuclear explosion,,,,72,reviewed,doe,us
1987-02-14T07:26:50.290Z,36.1723333,-120.3405,15.271,5.3,ml,52,51,0.07658,0.1,nc,nc10089611,2022-04-27T21:52:31.548Z,"4 km NNE of Coalinga, California",earthquake,0.22,0.55,,1,reviewed,nc,nc
1987-02-11T16:45:00.060Z,37.011,-116.045,0,4.5,mb,,,,,us,usp00032d8,2016-04-02T05:47:24.193Z,"59 km NW of Indian Springs, Nevada",nuclear explosion,,,,4,reviewed,doe,us
1987-02-08T18:25:34.890Z,29.737,-67.507,10,4.7,mb,,,,0.9,us,usp000329g,2014-11-07T00:39:48.674Z,"North Atlantic Ocean",earthquake,,,,13,reviewed,us,us
1987-02-07T03:45:14.850Z,32.388,-115.305,5.993,5.38,ml,0,110.6,,0.408,ci,ci716756,2022-04-27T21:51:06.019Z,"11km WNW of Delta, B.C., MX",earthquake,,,,12,reviewed,ci,ci
1986-12-13T17:50:05.090Z,37.263,-116.412,0,5.5,mb,,,,,us,usp00030v1,2016-04-02T08:58:52.315Z,"50 km NE of Beatty, Nevada",nuclear explosion,,,,73,reviewed,doe,us
1986-11-30T09:41:09.160Z,26.465,-111.076,10,4.7,mb,,,,1,us,usp00030gz,2014-11-07T00:39:23.594Z,"57 km NNE of Loreto, Mexico",earthquake,,,,11,reviewed,us,us
1986-11-21T23:34:18.970Z,40.359,-124.3978333,15.305,5.1,ml,4,240,0.1252,0,nc,nc88509,2018-06-04T20:43:45.000Z,"26 km SSW of Ferndale, California",earthquake,2.26,0.93,,7,reviewed,nc,nc
1986-11-21T23:33:01.700Z,40.3605,-124.4061667,15.295,5.1,ml,22,225,0.1261,0.08,nc,nc88508,2022-04-27T22:01:02.965Z,"26 km SSW of Ferndale, California",earthquake,0.77,0.31,,7,reviewed,nc,nc
1986-11-14T16:00:00.070Z,37.1,-116.048,0,5.8,mb,,,,,us,usp0002zzw,2016-04-02T05:49:07.823Z,"66 km SSW of Rachel, Nevada",nuclear explosion,,,,79,reviewed,doe,us
1986-11-01T19:23:38.300Z,38.715,-119.54,17,4.6,ml,,,,,us,usp0002zk7,2018-06-04T20:43:45.000Z,"California-Nevada border region",earthquake,,,,,reviewed,brk,brk
1986-10-31T03:57:27.910Z,38.4641667,-119.263,8.191,4.6,ml,169,174,0.6387,0.4,nc,nc87087,2018-06-04T20:43:45.000Z,"19 km ESE of Walker, California",earthquake,0.6,0.58,,6,reviewed,nc,nc
1986-10-16T19:25:00.090Z,37.22,-116.462,0,5.6,mb,,,,,us,usp0002z08,2016-04-01T23:19:40.252Z,"43 km NE of Beatty, Nevada",nuclear explosion,,,,80,reviewed,doe,us
1986-09-30T22:30:00.100Z,37.3,-116.307,0,5.5,mb,,,,,us,usp0002yj1,2016-04-01T23:19:10.951Z,"59 km NE of Beatty, Nevada",nuclear explosion,,,,73,reviewed,doe,us
1986-09-26T22:48:57.940Z,44.043,-114.756,5,4.6,mb,,,,0.9,us,usp0002ydz,2018-06-04T20:43:45.000Z,"24 km SE of Stanley, Idaho",earthquake,,,,1,reviewed,us,us
1986-09-05T14:22:09.110Z,28.124,-111.396,10,5,mb,,,,1.2,us,usp0002xux,2014-11-07T00:38:58.552Z,"39 km WNW of San Carlos, Mexico",earthquake,,,,29,reviewed,us,us
1986-08-01T14:28:18.150Z,37.5103333,-118.399,7.964,5.1,ml,26,50,0.05135,0.08,nc,nc85660,2018-06-04T20:43:45.000Z,"13 km N of Dixon Lane-Meadow Creek, California",earthquake,0.29,1.21,,5,reviewed,nc,nc
1986-08-01T14:27:15.890Z,37.5141667,-118.3928333,4.324,4.8,ml,42,54,0.05225,0.07,nc,nc85659,2018-06-04T20:43:45.000Z,"14 km N of Dixon Lane-Meadow Creek, California",earthquake,0.17,0.43,,2,reviewed,nc,nc
1986-08-01T05:30:01.520Z,40.8936667,-123.9956667,18.112,4.88,md,7,155,0.2658,0.19,nc,nc1142006,2016-12-06T00:18:59.859Z,"1 km NW of Blue Lake, California",earthquake,1.75,2.11,0.09,10,reviewed,nc,nc
1986-08-01T04:53:28.990Z,39.4885,-123.3615,58.145,4.67,md,5,216,0.1586,0.19,nc,nc1142000,2016-12-06T00:18:00.687Z,"5 km NNE of Brooktrails, California",earthquake,5.55,8.69,0.45,5,reviewed,nc,nc
1986-07-31T07:28:03.820Z,37.4446667,-118.347,6.794,4.5,ml,37,103,0.05946,0.05,nc,nc10085942,2018-06-04T20:43:45.000Z,"8 km NE of Dixon Lane-Meadow Creek, California",earthquake,0.4,1.41,,3,reviewed,nc,nc
1986-07-31T07:22:39.770Z,37.4731667,-118.3686667,5.754,5.8,ml,45,81,0.05405,0.07,nc,nc78895,2022-04-27T22:11:26.062Z,"10 km NNE of Dixon Lane-Meadow Creek, California",earthquake,0.26,0.63,,7,reviewed,nc,nc
1986-07-30T06:41:52.330Z,37.5846667,-118.4565,6.585,4.8,ml,42,42,0.03784,0.04,nc,nc77679,2018-06-04T20:43:45.000Z,"18 km ENE of Swall Meadows, California",earthquake,0.18,0.54,,5,reviewed,nc,nc
1986-07-29T09:57:56.670Z,37.5998333,-118.467,6.405,4.6,ml,45,36,0.05495,0.05,nc,nc89211,2018-06-04T20:43:45.000Z,"18 km NE of Swall Meadows, California",earthquake,0.18,0.55,,4,reviewed,nc,nc
1986-07-23T15:39:11.360Z,37.537,-118.4373333,12.124,4.7,ml,22,116,0.1081,0.04,nc,nc77040,2018-06-04T20:43:45.000Z,"16 km NE of Mesa, California",earthquake,0.33,0.89,,5,reviewed,nc,nc
1986-07-22T18:29:43.240Z,37.4981667,-118.3753333,4.241,4.7,ml,37,57,0.05495,0.05,nc,nc92872,2018-06-04T20:43:45.000Z,"12 km NNE of Dixon Lane-Meadow Creek, California",earthquake,0.19,0.72,,2,reviewed,nc,nc
1986-07-22T13:48:59.150Z,37.5258333,-118.4715,10.653,5,ml,34,65,0.08018,0.04,nc,nc92934,2018-06-04T20:43:45.000Z,"13 km NNE of Mesa, California",earthquake,0.34,1.12,,5,reviewed,nc,nc
1986-07-22T13:33:59.320Z,37.5276667,-118.4731667,8.744,4.7,ml,39,46,0.07838,0.06,nc,nc93040,2018-06-04T20:43:45.000Z,"13 km NNE of Mesa, California",earthquake,0.22,0.67,,5,reviewed,nc,nc
1986-07-22T00:09:53.210Z,37.6063333,-118.4321667,2.445,4.5,ml,37,42,0.07207,0.04,nc,nc94559,2018-06-04T20:43:45.000Z,"California-Nevada border region",earthquake,0.17,0.82,,2,reviewed,nc,nc
1986-07-21T22:07:15.640Z,37.6213333,-118.3425,-0.076,5.6,ml,18,296,0.2495,0.05,nc,nc95459,2022-04-27T22:10:26.056Z,"24 km WSW of Dyer, Nevada",earthquake,3,7.22,,6,reviewed,nc,nc
1986-07-21T17:19:59.930Z,37.4653333,-118.3778333,6.751,4.5,ml,27,167,0.05405,0.07,nc,nc97380,2018-06-04T20:43:45.000Z,"9 km NNE of Dixon Lane-Meadow Creek, California",earthquake,0.75,1.05,,2,reviewed,nc,nc
1986-07-21T17:05:33.100Z,37.529,-118.4738333,9.974,4.5,ml,35,56,0.07658,0.04,nc,nc97418,2021-03-09T23:57:20.923Z,"13 km NNE of Mesa, California",earthquake,0.21,0.56,,2,reviewed,nc,nc
1986-07-21T16:26:44.110Z,37.4866667,-118.383,5.136,4.6,ml,36,123,0.06126,0.06,nc,nc97702,2018-06-04T20:43:45.000Z,"11 km NNE of Dixon Lane-Meadow Creek, California",earthquake,0.4,1.07,,2,reviewed,nc,nc
1986-07-21T15:46:23.200Z,37.6058333,-118.446,5.962,4.5,ml,21,174,0.109,0.08,nc,nc1139705,2016-12-05T17:02:16.238Z,"20 km ENE of Swall Meadows, California",earthquake,0.45,1.18,,2,reviewed,nc,nc
1986-07-21T15:26:48.260Z,37.5128333,-118.4418333,9.872,4.6,ml,29,180,0.1072,0.05,nc,nc97382,2018-06-04T20:43:45.000Z,"13 km NE of Mesa, California",earthquake,0.44,0.74,,2,reviewed,nc,nc
1986-07-21T15:19:34.650Z,37.525,-118.4376667,-0.482,4.7,ml,49,162,0.3252,0.2,nc,nc10085769,2018-06-04T20:43:45.000Z,"14 km NE of Mesa, California",earthquake,0.65,2.62,,3,reviewed,nc,nc
1986-07-21T14:57:48.500Z,37.5036667,-118.3918333,2.48,4.8,ml,26,259,0.2631,0.03,nc,nc10085765,2018-06-04T20:43:45.000Z,"13 km N of Dixon Lane-Meadow Creek, California",earthquake,3.06,8.33,,3,reviewed,nc,nc
1986-07-21T14:53:58.100Z,37.58,-118.42,6,4.9,ml,,,,,us,usp0002w9q,2018-06-04T20:43:45.000Z,"20 km NNE of Mesa, California",earthquake,,,,,reviewed,pas,pas
1986-07-21T14:53:35.620Z,37.493,-118.302,4.803,4.54,ml,0,345.9,0.4417,0.051,ci,ci127728,2016-02-04T04:02:19.660Z,"16km NE of Dixon Lane-Meadow Creek, CA",earthquake,,,,12,reviewed,ci,ci
1986-07-21T14:51:09.370Z,37.4931667,-118.4538333,8.482,5.7,ml,28,198,0.1126,0.04,nc,nc10085764,2020-07-07T22:29:38.484Z,"11 km NE of Mesa, California",earthquake,0.71,1.28,,6,reviewed,nc,nc
1986-07-21T14:45:21.000Z,37.58,-118.42,6,4.6,ml,,,,,us,usp0002w9n,2018-06-04T20:43:45.000Z,"20 km NNE of Mesa, California",earthquake,,,,,reviewed,pas,pas
1986-07-21T14:42:26.000Z,37.538,-118.4428333,8.804,6.4,ml,42,55,0.09369,0.06,nc,nc10085763,2024-02-25T07:37:19.727Z,"The 1986 Chalfant Valley, California Earthquake",earthquake,0.22,0.77,,7,reviewed,nc,nc
1986-07-20T18:38:52.360Z,37.5353333,-118.436,7.124,4.7,ml,37,65,0.09459,0.04,nc,nc10085761,2018-06-04T20:43:45.000Z,"15 km NE of Mesa, California",earthquake,0.22,0.8,,1,reviewed,nc,nc
1986-07-20T14:29:45.440Z,37.5666667,-118.4381667,5.044,5.9,ml,41,54,0.08108,0.04,nc,nc99451,2022-04-27T22:10:17.257Z,"18 km NNE of Mesa, California",earthquake,0.19,0.85,,7,reviewed,nc,nc
1986-07-17T21:00:00.060Z,37.279,-116.356,0,5.7,mb,,,,,us,usp0002w4a,2016-04-02T18:32:27.191Z,"54 km NE of Beatty, Nevada",nuclear explosion,,,,81,reviewed,doe,us
1986-07-13T13:47:08.210Z,32.971,-117.874,5.828,5.45,ml,0,166.2,,0.431,ci,ci127298,2024-02-25T07:47:42.534Z,"The 1986 Oceanside, California Earthquake",earthquake,,,,8,reviewed,ci,ci
1986-07-12T08:19:37.950Z,40.537,-84.371,10,4.5,mb,,,,0.8,us,usp0002vyk,2020-08-28T20:30:37.348Z,"1 km ESE of Saint Marys, Ohio",earthquake,,,,12,reviewed,us,us
1986-07-08T09:20:44.560Z,33.999,-116.608,9.468,6,mw,0,26.6,,0.092,ci,ci700917,2024-02-25T07:51:42.086Z,"The 1986 North Palm Springs, California Earthquake",earthquake,,0.015,,0,reviewed,ci,ci
1986-06-25T20:27:45.100Z,37.265,-116.499,0,5.5,mb,,,,,us,usp0002vdk,2016-02-04T01:25:04.400Z,"45 km NNE of Beatty, Nevada",earthquake,,,,77,reviewed,doe,us
1986-06-05T15:04:00.060Z,37.098,-116.016,0,5.3,mb,,,,,us,usp0002utq,2016-04-01T23:18:20.803Z,"65 km SSW of Rachel, Nevada",nuclear explosion,,,,62,reviewed,doe,us
1986-05-31T08:47:55.590Z,36.6373333,-121.2496667,5.264,4.7,ml,66,40,0.009009,0.05,nc,nc73777,2018-06-04T20:43:45.000Z,"18 km SSE of Tres Pinos, California",earthquake,0.1,0.21,,8,reviewed,nc,nc
1986-04-27T16:14:29.100Z,30.518,-113.885,10,5,mb,,,,1,us,usp0002t8q,2014-11-07T00:38:15.902Z,"94 km SSW of Puerto Peñasco, Mexico",earthquake,,,,37,reviewed,us,us
1986-04-22T14:30:00.090Z,37.264,-116.44,0,5.3,mb,,,,,us,usp0002t40,2016-04-02T08:57:49.539Z,"48 km NE of Beatty, Nevada",nuclear explosion,,,,56,reviewed,doe,us
1986-04-10T14:08:30.100Z,37.218,-116.183,0,4.9,mb,,,,,us,usp0002str,2016-04-01T23:18:25.953Z,"61 km SW of Rachel, Nevada",nuclear explosion,,,,43,reviewed,doe,us
1986-03-31T11:55:39.810Z,37.4791667,-121.6866667,8.502,5.7,ml,87,65,0.02703,0.06,nc,nc68932,2022-04-27T22:23:44.508Z,"15 km NE of East Foothills, California",earthquake,0.13,0.41,,6,reviewed,nc,nc
1986-03-22T16:15:00.080Z,37.083,-116.066,0,5.1,mb,,,,,us,usp0002s3j,2016-04-02T02:34:06.583Z,"64 km ENE of Beatty, Nevada",nuclear explosion,,,,49,reviewed,doe,us
1986-02-21T18:31:18.500Z,30.656,-113.709,10,4.5,mb,,,,1.2,us,usp0002r6m,2014-11-07T00:37:56.396Z,"75 km SSW of Puerto Peñasco, Mexico",earthquake,,,,10,reviewed,us,us
1986-02-01T10:10:25.160Z,29.822,-113.883,10,4.5,mb,,,,1.3,us,usp0002qmt,2014-11-07T00:37:51.421Z,"115 km W of La Libertad, Mexico",earthquake,,,,4,reviewed,us,us
1986-01-31T16:46:43.330Z,41.65,-81.162,10,5,mw,,,,,us,usp0002qkz,2022-04-27T22:28:05.517Z,"4 km NNW of Chardon, Ohio",earthquake,,,,,reviewed,spe,hrv
1986-01-26T19:20:50.950Z,36.8043333,-121.285,8.153,5.5,ml,91,27,0.05946,0.05,nc,nc64626,2022-04-27T22:27:13.812Z,"3 km ENE of Tres Pinos, California",earthquake,0.12,0.21,,8,reviewed,nc,nc
1986-01-14T03:09:36.040Z,36.5828333,-121.1781667,6.2,4.8,ml,82,31,0.01261,0.06,nc,nc63490,2018-06-04T20:43:45.000Z,"22 km NE of Soledad, California",earthquake,0.11,0.25,,4,reviewed,nc,nc
1986-01-09T23:07:19.750Z,26.312,-110.88,10,4.6,mb,,,,1.3,us,usp0002px9,2014-11-07T00:37:46.179Z,"57 km NE of Loreto, Mexico",earthquake,,,,1,reviewed,us,us
1985-12-28T19:01:58.350Z,39.484,-120.5666667,6.179,4.62,md,11,263,0.336,0.44,nc,nc1134252,2016-12-03T17:50:31.640Z,"10 km SSE of Sierra City, California",earthquake,5.96,5.11,0.21,12,reviewed,nc,nc
1985-12-28T19:01:00.090Z,37.238,-116.473,0,5.3,mb,,,,,us,usp0002phg,2016-04-02T18:32:52.949Z,"44 km NE of Beatty, Nevada",nuclear explosion,,,,57,reviewed,doe,us
1985-12-05T15:00:00.070Z,37.053,-116.045,0,5.7,mb,,,,,us,usp0002nju,2016-04-02T09:01:23.095Z,"63 km NNW of Indian Springs, Nevada",nuclear explosion,,,,89,reviewed,doe,us
1985-11-28T15:13:56.790Z,36.5828333,-121.0366667,9.802,4.6,ml,97,69,0.005405,0.24,nc,nc60069,2018-06-04T20:43:45.000Z,"31 km NE of Soledad, California",earthquake,0.29,0.4,,0,reviewed,nc,nc
1985-11-24T19:21:39.460Z,36.0263333,-120.8765,15.162,4.5,ml,74,37,0.01081,0.12,nc,nc59768,2016-12-03T15:14:51.850Z,"2 km ENE of San Ardo, California",earthquake,0.19,0.5,,0,reviewed,nc,nc
1985-10-16T21:35:00.090Z,37.11,-116.121,0,4.6,mb,,,,,us,usp0002kut,2016-04-01T20:04:25.689Z,"61 km ENE of Beatty, Nevada",nuclear explosion,,,,12,reviewed,doe,us
1985-10-02T23:44:12.450Z,34.023,-117.245,14.698,4.58,ml,0,34.6,,0.285,ci,ci107945,2018-06-04T20:43:45.000Z,"3km SSE of Loma Linda, CA",earthquake,,0.166,,7,reviewed,ci,ci
1985-09-27T14:15:00.090Z,37.09,-116.002,0,4.6,mb,,,,,us,usp0002k6u,2016-04-02T15:23:57.332Z,"64 km NNW of Indian Springs, Nevada",nuclear explosion,,,,16,reviewed,doe,us
1985-09-07T03:47:29.200Z,43.156,-110.724,5,4.6,mb,,,,1.2,us,usp0002jg7,2018-06-04T20:43:45.000Z,"14 km SSE of Hoback, Wyoming",earthquake,,,,8,reviewed,us,us
1985-08-27T03:04:06.340Z,37.411,-118.6215,9.955,4.5,ml,30,94,0.03514,0.05,nc,nc1130778,2018-06-04T20:43:45.000Z,"3 km WSW of Round Valley, California",earthquake,0.28,0.8,,0,reviewed,nc,nc
1985-08-21T18:05:38.310Z,43.168,-110.781,5,4.8,mb,,,,0.9,us,usp0002hzh,2014-11-07T00:37:02.265Z,"12 km S of Hoback, Wyoming",earthquake,,,,8,reviewed,us,us
1985-08-17T16:25:00.090Z,37.002,-116.043,0,4.6,mb,,,,,us,usp0002hv4,2016-04-02T12:14:48.792Z,"58 km NW of Indian Springs, Nevada",nuclear explosion,,,,4,reviewed,doe,us
1985-08-04T12:01:55.870Z,36.143,-120.1563333,15.89,5.6,ml,45,163,0.09009,0.08,nc,nc52348,2022-04-27T22:38:43.744Z,"8 km SW of Huron, California",earthquake,0.27,0.55,,0,reviewed,nc,nc
1985-08-04T11:29:15.010Z,36.1385,-120.159,13.183,4.7,ml,67,130,0.1252,0.08,nc,nc52202,2021-07-09T20:03:38.162Z,"8 km SW of Huron, California",earthquake,0.19,0.32,,0,reviewed,nc,nc
1985-07-28T20:30:49.550Z,26.224,-111.831,10,4.6,mb,,,,1.1,us,usp0002h5m,2014-11-07T00:36:53.912Z,"53 km WNW of Loreto, Mexico",earthquake,,,,5,reviewed,us,us
1985-07-26T23:49:08.430Z,40.3285,-124.9328333,4.326,4.97,md,8,327,0.5973,0.08,nc,nc52413,2016-12-03T07:17:02.816Z,"63 km WSW of Ferndale, California",earthquake,7.83,6.7,0.07,4,reviewed,nc,nc
1985-07-25T14:00:00.090Z,37.297,-116.438,0,5.2,mb,,,,,us,usp0002h2w,2016-04-02T05:49:41.249Z,"51 km NNE of Beatty, Nevada",nuclear explosion,,,,57,reviewed,doe,us
1985-06-12T15:15:00.080Z,37.248,-116.489,0,5.5,mb,,,,,us,usp0002fs6,2016-04-02T12:15:07.977Z,"44 km NNE of Beatty, Nevada",nuclear explosion,,,,67,reviewed,doe,us
1985-05-10T05:39:39.180Z,31.887,-115.787,5.87,4.63,ml,0,181.9,,0.47,ci,ci65992,2016-02-03T21:17:23.750Z,"69km WSW of Alberto Oviedo Mota, B.C., MX",earthquake,,,,12,reviewed,ci,ci
1985-05-08T23:40:21.260Z,31.897,-115.856,5.681,4.87,ml,0,198.7,,0.536,ci,ci64704,2022-04-27T22:46:48.501Z,"70km ENE of Maneadero, B.C., MX",earthquake,,,,12,reviewed,ci,ci
1985-05-04T03:22:45.530Z,37.473,-118.607,10.177,4.7,ml,43,48,0.03784,0.04,nc,nc47204,2018-06-04T20:43:45.000Z,"4 km SE of Swall Meadows, California",earthquake,0.22,0.67,,0,reviewed,nc,nc
1985-05-02T15:20:00.080Z,37.253,-116.325,0,5.7,mb,,,,,us,usp0002ed1,2016-04-02T18:32:34.648Z,"54 km NE of Beatty, Nevada",nuclear explosion,,,,81,reviewed,doe,us
1985-04-06T23:15:00.090Z,37.201,-116.207,0,4.8,mb,,,,,us,usp0002dj7,2016-04-02T02:36:11.391Z,"58 km ENE of Beatty, Nevada",nuclear explosion,,,,28,reviewed,doe,us
1985-04-02T20:39:12.520Z,37.112,-116.063,0,4.8,mb,,,,1.3,us,usp0002ddf,2014-11-07T00:36:23.701Z,"65 km SSW of Rachel, Nevada",explosion,,,,1,reviewed,us,us
1985-04-02T20:00:00.090Z,37.095,-116.032,0,5.7,mb,,,,,us,usp0002dde,2016-04-02T08:59:28.528Z,"66 km SSW of Rachel, Nevada",earthquake,,,,87,reviewed,doe,us
1985-04-01T09:13:14.210Z,47.276,-113.233,10,4.8,mb,,,,1,us,usp0002dc3,2019-03-28T19:52:21.692Z,"21 km ENE of Seeley Lake, Montana",earthquake,,,,11,reviewed,us,us
1985-03-25T16:05:12.750Z,37.4525,-118.6116667,5.757,5.1,ml,45,57,0.02252,0.05,nc,nc44669,2018-06-04T20:43:45.000Z,"4 km NNW of Round Valley, California",earthquake,0.22,0.56,,0,reviewed,nc,nc
1985-03-23T18:30:00.080Z,37.18,-116.089,0,5.3,mb,,,,,us,usp0002d5a,2016-04-02T12:14:54.720Z,"59 km SSW of Rachel, Nevada",nuclear explosion,,,,68,reviewed,doe,us
1985-03-17T06:56:17.150Z,44.553,-114.182,10,4.5,mb,,,,1.2,us,usp0002cz0,2018-06-04T20:43:45.000Z,"6 km NE of Challis, Idaho",earthquake,,,,8,reviewed,us,us
1985-03-15T16:31:00.100Z,37.058,-116.045,0,4.8,mb,,,,,us,usp0002cx3,2016-04-02T03:42:35.339Z,"63 km NNW of Indian Springs, Nevada",nuclear explosion,,,,28,reviewed,doe,us
1985-03-13T19:35:57.550Z,41.2103333,-123.0205,4.024,4.56,md,5,272,0.3315,0.31,nc,nc1126577,2016-12-02T22:50:56.562Z,"29 km SSW of Etna, California",earthquake,10.91,25.11,0.17,5,reviewed,nc,nc
1985-03-07T00:26:02.170Z,26.323,-109.968,10,4.5,mb,,,,1.3,us,usp0002chx,2014-11-07T00:36:17.309Z,"56 km SSW of Etchoropo, Mexico",earthquake,,,,6,reviewed,us,us
1985-02-08T06:58:16.860Z,35.457,-118.906,5.041,4.61,ml,0,90.1,,0.304,ci,ci58486,2020-07-09T21:45:34.518Z,"11km ENE of Oildale, CA",earthquake,,,,11,reviewed,ci,ci
1985-02-06T19:34:19.490Z,44.551,-114.176,10,4.7,mb,,,,0.8,us,usp0002bpc,2018-06-04T20:43:45.000Z,"6 km NE of Challis, Idaho",earthquake,,,,14,reviewed,us,us
1985-01-24T11:27:20.990Z,38.1565,-118.8155,10.093,5.2,ml,59,68,0.1568,0.07,nc,nc38526,2018-06-04T20:43:45.000Z,"31 km ENE of Mono City, California",earthquake,0.2,1.06,,0,reviewed,nc,nc
1984-12-15T14:45:00.000Z,37.281,-116.305,0,5.4,mb,,,,,us,usp0002a2j,2016-04-02T12:22:29.031Z,"57 km NE of Beatty, Nevada",nuclear explosion,,,,65,reviewed,doe,us
1984-12-09T19:40:00.090Z,37.27,-116.498,0,5.5,mb,,,,,us,usp00029ws,2016-04-02T12:22:25.242Z,"46 km NNE of Beatty, Nevada",nuclear explosion,,,,89,reviewed,doe,us
1984-11-28T16:57:37.570Z,37.4681667,-118.6005,4.252,4.6,ml,15,210,0.2667,0.04,nc,nc41141,2018-06-04T20:43:45.000Z,"5 km NNW of Round Valley, California",earthquake,1.14,6.57,,0,reviewed,nc,nc
1984-11-28T16:23:25.770Z,37.412,-118.6191667,0.187,4.7,ml,28,296,0.2315,0.04,nc,nc41068,2018-06-04T20:43:45.000Z,"2 km WSW of Round Valley, California",earthquake,2.32,1.7,,0,reviewed,nc,nc
1984-11-26T16:31:20.970Z,37.443,-118.6696667,1.646,4.5,ml,18,280,0.2315,0.02,nc,nc40358,2018-06-04T20:43:45.000Z,"7 km SSW of Swall Meadows, California",earthquake,1.82,2.01,,0,reviewed,nc,nc
1984-11-26T16:31:14.250Z,37.4456667,-118.6508333,5.905,4.61,ml,35,127,0.08739,0.05,nc,nc39755,2016-12-02T04:52:11.583Z,"6 km WNW of Round Valley, California",earthquake,0.32,1.06,,5,reviewed,nc,nc
1984-11-26T16:21:40.810Z,37.4473333,-118.6476667,5.955,5.6,ml,35,125,0.09009,0.05,nc,nc39753,2021-02-18T19:01:44.263Z,"6 km WNW of Round Valley, California",earthquake,0.34,1.24,,0,reviewed,nc,nc
1984-11-25T23:10:08.930Z,37.455,-118.6093333,6.016,4.8,ml,47,68,0.02523,0.06,nc,nc39124,2018-06-04T20:43:45.000Z,"4 km NNW of Round Valley, California",earthquake,0.22,0.55,,0,reviewed,nc,nc
1984-11-23T19:12:34.680Z,37.4321667,-118.6071667,10.516,5.5,ml,47,80,0.02613,0.06,nc,nc32650,2022-04-27T23:09:05.002Z,"2 km NW of Round Valley, California",earthquake,0.25,0.68,,8,reviewed,nc,nc
1984-11-23T18:08:25.360Z,37.4596667,-118.6071667,8.096,6.1,ml,31,66,0.1135,0.08,nc,nc32321,2022-04-27T23:08:57.643Z,"4 km NNW of Round Valley, California",earthquake,0.39,0.84,,0,reviewed,nc,nc
1984-11-10T16:40:00.090Z,37,-116.017,0,4.5,mb,,,,,us,usp00028ys,2016-04-01T23:27:28.842Z,"56 km NNW of Indian Springs, Nevada",nuclear explosion,,,,5,reviewed,doe,us
1984-11-03T09:30:08.550Z,42.494,-108.854,5,5,mb,,,,1,us,usp00028rr,2020-08-26T23:47:03.561Z,"10 km W of Atlantic City, Wyoming",earthquake,,,,18,reviewed,us,us
1984-10-26T17:20:43.540Z,34.016,-118.988,12.902,4.56,ml,0,84.3,,0.296,ci,ci53124,2018-06-04T20:43:45.000Z,"16km W of Malibu, CA",earthquake,,0.384,,10,reviewed,ci,ci
1984-10-25T10:36:02.370Z,34.737,-120.147,5.041,4.53,ml,0,88.9,,0.288,ci,ci52453,2020-07-09T21:45:16.483Z,"8km NNW of Los Olivos, CA",earthquake,,,,9,reviewed,ci,ci
1984-10-25T08:18:12.690Z,26.182,-110.276,10,5.2,mb,,,,1.2,us,usp00028g5,2014-11-07T00:35:36.372Z,"87 km SW of Etchoropo, Mexico",earthquake,,,,7,reviewed,us,us
1984-10-25T08:15:45.620Z,26.22,-110.291,10,5.2,mw,,,,1.2,us,usp00028g4,2016-11-09T23:48:19.260Z,"85 km SW of Etchoropo, Mexico",earthquake,,,,,reviewed,us,hrv
1984-10-18T15:57:37.380Z,42.365,-105.805,33,4.5,mb,,,,1,us,usp000289a,2014-11-07T00:35:35.421Z,"36 km W of Esterbrook, Wyoming",earthquake,,,,2,reviewed,us,us
1984-10-18T15:30:23.060Z,42.375,-105.72,33,5.3,mw,,,,0.8,us,usp0002899,2022-04-27T23:10:52.850Z,"29 km W of Esterbrook, Wyoming",earthquake,,,,,reviewed,us,hrv
1984-10-10T21:22:58.860Z,33.138,-116.501,10.841,4.5,ml,0,51.8,,0.276,ci,ci51982,2018-06-04T20:43:45.000Z,"12km NE of Julian, CA",earthquake,,0.557,,10,reviewed,ci,ci
1984-10-09T23:02:28.820Z,24.886,-109.01,10,5.6,mw,,,,1.1,us,usp000281e,2022-04-27T23:10:29.962Z,"72 km SSW of El Huitusi, Mexico",earthquake,,,,,reviewed,us,hrv
1984-10-03T12:46:23.030Z,28.854,-112.779,10,4.5,mb,,,,0.8,us,usp00027w5,2014-11-07T00:35:32.363Z,"81 km W of Bahía de Kino, Mexico",earthquake,,,,1,reviewed,us,us
1984-09-13T14:00:00.000Z,37.087,-116.071,0,5,mb,,,,,us,usp00027bt,2016-04-02T09:07:18.719Z,"64 km ENE of Beatty, Nevada",nuclear explosion,,,,39,reviewed,doe,us
1984-09-08T06:16:40.180Z,44.439,-114.154,10,5.1,mw,,,,0.7,us,usp000276a,2022-04-27T23:12:19.729Z,"9 km SE of Challis, Idaho",earthquake,,,,,reviewed,us,hrv
1984-09-08T00:59:31.100Z,44.24,-106.019,20,4.9,mw,,,,1,us,usp0002762,2020-04-16T19:56:21.753Z,"41 km W of Gillette, Wyoming",earthquake,,,,,reviewed,us,hrv
1984-09-06T20:34:25.490Z,30.614,-113.966,10,5.4,mw,,,,1,us,usp000274j,2016-11-09T23:25:19.364Z,"88 km SSW of Puerto Peñasco, Mexico",earthquake,,,,,reviewed,us,hrv
1984-09-05T12:37:05.030Z,31.078,-113.746,10,4.8,mb,,,,1.1,us,usp000273e,2014-11-07T00:35:24.908Z,"33 km SW of Puerto Peñasco, Mexico",earthquake,,,,1,reviewed,us,us
1984-08-30T14:45:00.100Z,37.09,-115.998,0,4.5,mb,,,,,us,usp00026vh,2016-04-02T02:43:40.098Z,"64 km NNW of Indian Springs, Nevada",nuclear explosion,,,,4,reviewed,doe,us
1984-08-22T09:46:30.250Z,44.467,-114.008,10,5.6,mw,,,,1,us,usp00026m2,2022-04-27T23:15:04.769Z,"18 km ESE of Challis, Idaho",earthquake,,,,,reviewed,us,hrv
1984-08-04T21:45:54.380Z,40.329,-124.6493333,19.917,4.7,ml,52,233,0.2802,0.1,nc,nc24939,2022-04-27T23:13:53.313Z,"42 km SW of Ferndale, California",earthquake,0.86,0.33,,0,reviewed,nc,nc
1984-08-02T15:00:00.090Z,37.017,-116.008,0,4.7,mb,,,,,us,usp000265y,2016-04-02T12:15:17.050Z,"58 km NNW of Indian Springs, Nevada",nuclear explosion,,,,9,reviewed,doe,us
1984-07-25T15:30:00.080Z,37.268,-116.411,0,5.3,mb,,,,,us,usp00025zj,2016-04-02T05:49:52.188Z,"50 km NE of Beatty, Nevada",nuclear explosion,,,,55,reviewed,doe,us
1984-07-20T22:08:38.210Z,30.682,-113.802,10,4.6,mb,,,,0.7,us,usp00025vs,2014-11-07T00:35:12.254Z,"74 km SSW of Puerto Peñasco, Mexico",earthquake,,,,3,reviewed,us,us
1984-06-30T02:08:48.710Z,30.575,-113.644,10,4.7,mb,,,,1.1,us,usp00025dg,2014-11-07T00:35:05.705Z,"82 km S of Puerto Peñasco, Mexico",earthquake,,,,2,reviewed,us,us
1984-06-27T20:12:43.380Z,29.918,-114.06,10,5.2,mw,,,,1.1,us,usp00025be,2016-11-09T22:51:22.831Z,"132 km W of La Libertad, Mexico",earthquake,,,,,reviewed,us,hrv
1984-06-20T15:15:00.090Z,37,-116.043,0,4.6,mb,,,,,us,usp000254t,2016-04-02T12:15:20.291Z,"58 km NW of Indian Springs, Nevada",nuclear explosion,,,,7,reviewed,doe,us
1984-05-31T13:04:00.100Z,37.103,-116.048,0,5.8,mb,,,,,us,usp00024s3,2016-04-01T23:20:39.265Z,"65 km SSW of Rachel, Nevada",nuclear explosion,,,,85,reviewed,doe,us
1984-05-29T20:18:32.680Z,44.232,-105.965,18,5,mb,,,,,us,usp00024q9,2022-04-27T23:25:24.044Z,"37 km W of Gillette, Wyoming",earthquake,,,,18,reviewed,spe,us
1984-05-06T12:30:47.160Z,25.658,-109.732,10,4.6,mb,,,,0.5,us,usp0002463,2014-11-07T00:34:52.689Z,"43 km WSW of Campo Pesquero el Colorado, Mexico",earthquake,,,,4,reviewed,us,us
1984-05-01T19:05:00.090Z,37.106,-116.022,0,5.3,mb,,,,,us,usp000241u,2016-04-02T02:36:26.167Z,"64 km SSW of Rachel, Nevada",nuclear explosion,,,,55,reviewed,doe,us
1984-04-28T22:48:20.450Z,37.6276667,-118.8885,1.771,4.7,ml,28,63,0.01081,0.05,nc,nc16900,2018-06-04T20:43:45.000Z,"7 km ESE of Mammoth Lakes, California",earthquake,0.2,0.27,,0,reviewed,nc,nc
1984-04-24T21:15:18.760Z,37.3096667,-121.6788333,8.193,6.2,ml,101,26,0.05135,0.06,nc,nc17204,2024-02-25T07:56:43.159Z,"The 1984 Morgan Hill, California Earthquake",earthquake,0.11,0.31,,0,reviewed,nc,nc
1984-03-02T00:29:45.180Z,44.35,-114.186,10,4.5,mb,,,,0.7,us,usp00022cw,2014-11-07T00:34:34.730Z,"17 km SSE of Challis, Idaho",earthquake,,,,4,reviewed,us,us
1984-03-01T17:45:00.090Z,37.066,-116.046,0,5.9,mb,,,,,us,usp00022cq,2016-02-02T20:12:59.080Z,"64 km NNW of Indian Springs, Nevada",nuclear explosion,,,,75,reviewed,doe,us
1984-02-27T01:36:20.400Z,37.3843333,-118.5868333,7.666,4.5,ml,32,237,0.07117,0.05,nc,nc7943,2018-06-04T20:43:45.000Z,"3 km S of Round Valley, California",earthquake,0.88,0.77,,0,reviewed,nc,nc
1984-02-16T11:14:57.530Z,39.933,-117.759,8.3,4.8,mb,,,,0.9,us,usp0002214,2022-04-27T23:35:27.777Z,"66 km ESE of Lovelock, Nevada",earthquake,,1.8,,9,reviewed,us,us
1984-02-15T17:00:00.100Z,37.221,-116.181,0,5,mb,,,,,us,usp000220a,2016-04-01T23:23:01.472Z,"60 km SW of Rachel, Nevada",nuclear explosion,,,,41,reviewed,doe,us
1984-02-11T13:38:27.000Z,49.19,-114.41,18,4.5,mb,,,,,us,usp00021wq,2014-11-07T00:34:30.047Z,"46 km SW of Pincher Creek, Canada",earthquake,,,,7,reviewed,pgc,us
1984-02-10T16:51:20.890Z,28.271,-112.144,10,6,mw,,,,1.1,us,usp00021vn,2022-04-27T23:34:34.606Z,"64 km SSW of Bahía de Kino, Mexico",earthquake,,,,,reviewed,us,hrv
1984-01-24T21:07:57.550Z,44.047,-114.442,10,4.5,mb,,,,0.6,us,usp00021hp,2018-06-04T20:43:45.000Z,"23 km S of Clayton, Idaho",earthquake,,,,3,reviewed,us,us
1984-01-23T06:59:50.830Z,36.389,-121.884,7.194,4.5,ml,103,193,0.1829,0.19,nc,nc1110298,2018-06-04T20:43:45.000Z,"14 km NNW of Big Sur, California",earthquake,0.45,1.01,,0,reviewed,nc,nc
1984-01-23T05:40:19.610Z,36.3766667,-121.8956667,6.634,5.1,ml,150,192,0.1775,0.21,nc,nc1110293,2022-04-27T23:39:24.529Z,"14 km NW of Big Sur, California",earthquake,0.43,0.62,,0,reviewed,nc,nc
1983-12-20T22:52:23.770Z,43.294,-110.767,5,4.5,mb,,,,0.7,us,usp00020nv,2018-06-04T20:43:45.000Z,"1 km NE of Hoback, Wyoming",earthquake,,,,1,reviewed,us,us
1983-12-16T18:30:00.090Z,37.14,-116.072,0,5.1,mb,,,,,us,usp00020hf,2016-04-01T20:30:27.686Z,"63 km SSW of Rachel, Nevada",nuclear explosion,,,,30,reviewed,doe,us
1983-12-12T04:55:36.480Z,44.428,-114.102,10,4.5,mb,,,,1,us,usp00020ek,2014-11-07T00:34:15.026Z,"13 km SE of Challis, Idaho",earthquake,,,,5,reviewed,us,us
1983-10-29T23:39:05.530Z,44.281,-114.115,10,5.5,mb,,,,0.8,us,usp0001zda,2022-04-27T23:49:13.946Z,"22 km E of Clayton, Idaho",earthquake,,,,57,reviewed,us,us
1983-10-29T23:29:11.520Z,44.231,-114.105,9.3,5.4,mb,,,,1,us,usp0001zd9,2022-04-27T23:49:12.172Z,"23 km E of Clayton, Idaho",earthquake,,1.5,,54,reviewed,us,us
1983-10-28T19:51:24.430Z,44.073,-113.911,7.4,5.4,mb,,,,1.1,us,usp0001zcc,2022-04-27T23:49:10.097Z,"29 km NW of Mackay, Idaho",earthquake,,1.5,,42,reviewed,us,us
1983-10-28T14:06:06.610Z,44.058,-113.857,10,6.9,mw,,,,1.1,us,usp0001zbv,2025-08-03T03:24:16.167Z,"The 1983 Borah Peak Earthquake, Idaho",earthquake,,,,,reviewed,us,nc
1983-10-21T22:44:13.530Z,35.92,-118.333,0.132,4.52,ml,0,141.8,0.1544,0.134,ci,ci19003,2018-06-04T20:43:45.000Z,"20km NNE of Kernville, CA",earthquake,,0.737,,12,reviewed,ci,ci
1983-10-07T10:18:46.150Z,43.938,-74.258,12.5,5.1,mb,,,,,us,usp0001yuv,2020-07-07T23:39:14.629Z,"8 km WSW of Newcomb, New York",earthquake,,,,35,reviewed,pal,us
1983-09-30T16:14:00.360Z,37.5563333,-118.8195,8.192,4.8,ml,21,110,0.03423,0.03,nc,nc1104032,2018-06-04T20:43:45.000Z,"9 km W of Aspen Springs, California",earthquake,0.39,0.58,,0,reviewed,nc,nc
1983-09-11T11:48:06.540Z,36.2371667,-120.3871667,9.345,4.76,md,52,40,0.03784,0.08,nc,nc1102488,2018-06-04T20:43:45.000Z,"11 km NNW of Coalinga, California",earthquake,0.16,0.32,0.23,100,reviewed,nc,nc
1983-09-09T09:16:13.510Z,36.2198333,-120.2796667,6.887,5.47,md,53,125,0.05946,0.05,nc,nc1102223,2022-04-27T23:50:05.615Z,"11 km NE of Coalinga, California",earthquake,0.17,0.27,0.35,21,reviewed,nc,nc
1983-09-01T14:00:00.080Z,37.273,-116.355,0,5.4,mb,,,,,us,usp0001y3m,2016-04-02T12:39:58.488Z,"54 km NE of Beatty, Nevada",nuclear explosion,,,,56,reviewed,doe,us
1983-08-29T10:10:30.830Z,35.83,-121.3555,9.638,5.2,ml,105,180,0.06667,0.19,nc,nc1101424,2022-04-27T23:53:42.164Z,"25 km NW of San Simeon, California",earthquake,0.37,0.3,,0,reviewed,nc,nc
1983-08-29T06:25:11.560Z,28.311,-112.287,10,4.7,mb,,,,1.1,us,usp0001y0t,2014-11-07T00:33:40.491Z,"66 km SSW of Bahía de Kino, Mexico",earthquake,,,,10,reviewed,us,us
1983-08-28T13:10:19.980Z,28.101,-112.199,10,4.8,mb,,,,1.1,us,usp0001y09,2014-11-07T00:33:40.455Z,"83 km SSW of Bahía de Kino, Mexico",earthquake,,,,3,reviewed,us,us
1983-08-24T13:36:28.830Z,40.372,-124.9245,11.188,5.5,ml,41,257,0.4604,0.14,nc,nc1100970,2022-04-27T23:53:32.460Z,"60 km WSW of Ferndale, California",earthquake,1.65,2.18,,0,reviewed,nc,nc
1983-07-25T22:31:39.480Z,36.2245,-120.4023333,8.215,5.04,md,48,41,0.05405,0.08,nc,nc1099288,2022-04-27T23:56:03.177Z,"10 km NNW of Coalinga, California",earthquake,0.14,0.3,0.18,8,reviewed,nc,nc
1983-07-22T03:43:00.910Z,36.2178333,-120.41,7.985,4.82,md,48,42,0.06306,0.08,nc,nc1098996,2022-04-27T23:55:54.093Z,"9 km NNW of Coalinga, California",earthquake,0.15,0.32,0.05,7,reviewed,nc,nc
1983-07-22T02:39:53.960Z,36.2356667,-120.4138333,7.265,5.37,ma,50,47,0.05946,0.09,nc,nc1098982,2022-04-27T23:55:51.683Z,"11 km NNW of Coalinga, California",earthquake,0.14,0.33,0.23,4,reviewed,nc,nc
1983-07-15T22:03:10.300Z,38.515,-118.253,13,4.6,ml,,,,,us,usp0001wu8,2016-04-01T21:26:24.978Z,"18 km NW of Mina, Nevada",earthquake,,,,,reviewed,brk,brk
1983-07-09T07:40:51.200Z,36.245,-120.4051667,8.025,4.72,md,49,46,0.05045,0.08,nc,nc1098304,2022-04-27T23:54:47.449Z,"12 km NNW of Coalinga, California",earthquake,0.15,0.31,0.1,5,reviewed,nc,nc
1983-07-05T14:27:26.230Z,38.0648333,-118.9963333,8.419,4.8,ml,25,75,0.1459,0.07,nc,nc1098125,2018-06-04T20:43:45.000Z,"13 km ENE of Mono City, California",earthquake,0.29,1.19,,0,reviewed,nc,nc
1983-07-03T18:40:07.630Z,37.557,-118.8458333,8.706,5.3,ml,21,113,0.03694,0.04,nc,nc1098008,2022-04-27T23:54:19.518Z,"11 km W of Aspen Springs, California",earthquake,0.32,0.57,,0,reviewed,nc,nc
1983-06-29T08:08:35.420Z,32.5353333,-117.418,9.472,4.65,ml,89,175,,0.36,ci,ci2218291,2020-07-09T21:16:23.384Z,"28km SW of Coronado, CA",earthquake,1.37,31.61,0.075,26,reviewed,ci,ci
1983-06-11T03:09:52.450Z,36.2503333,-120.457,4.987,4.53,ma,58,65,0.09279,0.13,nc,nc1096559,2022-04-27T23:57:18.588Z,"15 km NW of Coalinga, California",earthquake,0.19,0.46,0.14,50,reviewed,nc,nc
1983-06-09T17:10:00.090Z,37.158,-116.089,0,4.5,mb,,,,,us,usp0001vzq,2016-04-02T07:07:50.881Z,"62 km SSW of Rachel, Nevada",nuclear explosion,,,,13,reviewed,doe,us
1983-05-09T02:49:11.540Z,36.2463333,-120.3008333,12.916,5.2,ml,66,32,0.03063,0.09,nc,nc1093715,2022-04-28T00:00:27.612Z,"12 km NNE of Coalinga, California",earthquake,0.13,0.15,,0,reviewed,nc,nc
1983-05-05T15:20:00.080Z,37.012,-116.089,0,4.5,mb,,,,,us,usp0001v36,2016-04-02T13:21:36.993Z,"60 km E of Beatty, Nevada",nuclear explosion,,,,6,reviewed,doe,us
1983-05-03T15:41:41.280Z,36.2406667,-120.2871667,7.898,4.72,md,61,210,0.04595,0.13,nc,nc1091814,2018-06-04T20:43:45.000Z,"12 km NNE of Coalinga, California",earthquake,0.45,0.28,0.11,18,reviewed,nc,nc
1983-05-03T06:04:22.940Z,36.2701667,-120.4293333,4.669,4.65,md,25,142,0.07297,0.25,nc,nc1091396,2016-12-11T01:10:04.008Z,"15 km NNW of Coalinga, California",earthquake,0.57,1.01,,3,reviewed,nc,nc
1983-05-03T04:32:32.080Z,36.274,-120.375,10.404,4.76,md,48,173,0.03604,0.1,nc,nc1091328,2016-12-11T01:04:26.550Z,"14 km N of Coalinga, California",earthquake,0.38,0.3,0.1,6,reviewed,nc,nc
1983-05-02T23:46:06.000Z,36.23,-120.29,8,5.5,mb,,,,,us,usp0001uxb,2021-03-09T23:55:28.978Z,"11 km NNE of Coalinga, California",earthquake,,,,3,reviewed,brk,us
1983-05-02T23:42:38.060Z,36.2316667,-120.312,9.578,6.7,ml,64,137,0.03063,0.07,nc,nc1091100,2025-03-19T22:52:44.241Z,"The 1983 Coalinga, California Earthquake",earthquake,0.28,0.24,,0,reviewed,nc,nc
1983-04-17T06:03:30.930Z,30.39,-114.048,10,4.6,mb,,,,0.9,us,usp0001uh9,2016-02-02T19:59:37.470Z,"103 km SE of San Felipe, Mexico",earthquake,,,,2,reviewed,us,us
1983-04-14T19:05:00.120Z,37.073,-116.046,0,5.7,mb,,,,,us,usp0001ufa,2016-02-02T20:10:21.200Z,"65 km NNW of Indian Springs, Nevada",nuclear explosion,,,,73,reviewed,doe,us
1983-03-26T20:20:00.070Z,37.301,-116.46,0,5.1,mb,,,,,us,usp0001tzq,2016-02-03T00:06:23.780Z,"51 km NNE of Beatty, Nevada",earthquake,,,,35,reviewed,doe,us
1983-02-24T05:32:58.850Z,25.281,-109.898,10,4.5,mb,,,,1.2,us,usp0001t9n,2014-11-07T00:32:43.414Z,"78 km SW of Campo Pesquero el Colorado, Mexico",earthquake,,,,7,reviewed,us,us
1983-02-06T20:25:16.590Z,44.571,-110.643,5,4.7,mb,,,,0.9,us,usp0001svp,2018-06-04T20:43:45.000Z,"37 km ESE of West Yellowstone, Montana",earthquake,,,,5,reviewed,us,us
1983-01-25T10:10:40.530Z,37.5096667,-118.8743333,3.176,4.8,ml,15,163,0.09009,0.02,nc,nc1086705,2018-06-04T20:43:45.000Z,"15 km WSW of Aspen Springs, California",earthquake,0.43,0.88,,0,reviewed,nc,nc
1983-01-17T19:35:51.000Z,49.11,-66.98,18,4.5,mb,,,,,us,usp0001sb4,2014-11-07T00:32:30.637Z,"21 km W of Cap-Chat, Canada",earthquake,,,,2,reviewed,ott,us
1983-01-07T03:24:18.970Z,37.6286667,-118.935,3.681,5.3,ml,13,110,0.02252,0.04,nc,nc1084069,2022-04-28T00:15:19.128Z,"3 km SE of Mammoth Lakes, California",earthquake,0.22,1.45,,0,reviewed,nc,nc
1983-01-07T01:38:10.040Z,37.6215,-118.9018333,4.706,5.4,ml,7,188,0.05225,0,nc,nc1084017,2022-04-27T23:00:49.995Z,"6 km ESE of Mammoth Lakes, California",earthquake,1.1,5.18,,0,reviewed,nc,nc
1982-12-28T19:06:24.000Z,38.03,-118.35,18,4.7,mb,,,,,us,usp0001rub,2018-06-04T20:43:45.000Z,"25 km NNE of Benton, California",earthquake,,,,19,reviewed,brk,us
1982-12-10T15:20:00.090Z,37.03,-116.072,0,4.6,mb,,,,,us,usp0001rbz,2016-04-02T06:16:44.258Z,"62 km NW of Indian Springs, Nevada",nuclear explosion,,,,7,reviewed,doe,us
1982-10-26T08:26:29.910Z,44.747,-111.749,5,4.6,ml,,,,0.9,us,usp0001qhg,2019-03-28T19:49:57.663Z,"44 km W of Hebgen Lake Estates, Montana",earthquake,,,,,reviewed,us,oth
1982-10-25T22:26:03.600Z,36.3198333,-120.5061667,11.37,5.4,ml,68,88,0.1108,0.11,nc,nc1080773,2022-04-28T00:24:09.245Z,"22 km SSW of Three Rocks, California",earthquake,0.27,0.46,,0,reviewed,nc,nc
1982-10-14T04:10:24.380Z,42.59,-111.431,7,4.6,mb,,,,,us,usp0001q7j,2018-06-04T20:43:45.000Z,"12 km NNW of Georgetown, Idaho",earthquake,,,,3,reviewed,slc,us
1982-10-01T14:29:01.700Z,35.743,-117.756,2.995,5.12,mc,0,45.8,,0.173,ci,ci508442,2022-04-28T00:22:34.705Z,"12km NNE of Inyokern, CA",earthquake,,0.705,,43,reviewed,ci,ci
1982-09-24T07:40:24.300Z,37.852,-118.123,5,5,mb,,,,,us,usp0001psv,2022-04-28T00:26:52.573Z,"21 km NNW of Dyer, Nevada",earthquake,,,,16,reviewed,brk,us
1982-09-23T17:00:00.080Z,37.175,-116.088,0,4.9,mb,,,,,us,usp0001psg,2016-04-02T03:02:01.611Z,"60 km SSW of Rachel, Nevada",nuclear explosion,,,,28,reviewed,doe,us
1982-09-23T16:00:00.090Z,37.212,-116.207,0,4.9,mb,,,,,us,usp0001pse,2016-04-01T20:31:42.578Z,"59 km NE of Beatty, Nevada",nuclear explosion,,,,33,reviewed,doe,us
1982-08-18T08:43:49.550Z,37.0346667,-121.7303333,11.846,4.5,ml,100,36,0.01982,0.09,nc,nc1077693,2018-06-04T20:43:45.000Z,"8 km NE of Corralitos, California",earthquake,0.16,0.31,,0,reviewed,nc,nc
1982-08-11T07:46:42.940Z,36.6498333,-121.2755,10.144,4.6,ml,83,39,0.01532,0.08,nc,nc1077307,2018-06-04T20:43:45.000Z,"16 km SSE of Tres Pinos, California",earthquake,0.16,0.23,,0,reviewed,nc,nc
1982-08-10T02:11:29.500Z,36.6061667,-121.205,5.771,4.5,ml,73,31,0.03333,0.13,nc,nc1077185,2018-06-04T20:43:45.000Z,"22 km SSE of Tres Pinos, California",earthquake,0.19,0.47,,0,reviewed,nc,nc
1982-08-05T14:00:00.090Z,37.084,-116.007,0,5.7,mb,,,,,us,usp0001nv7,2016-02-02T21:07:54.080Z,"64 km NNW of Indian Springs, Nevada",nuclear explosion,,,,93,reviewed,doe,us
1982-07-29T20:05:00.080Z,37.102,-116.075,0,4.5,mb,,,,,us,usp0001nrc,2016-04-02T15:42:34.597Z,"64 km ENE of Beatty, Nevada",earthquake,,,,3,reviewed,doe,us
1982-07-11T18:02:23.570Z,27.6,-112.242,10,4.9,mb,,,,1,us,usp0001nc8,2016-11-09T22:57:44.946Z,"28 km N of Santa Rosalía, Mexico",earthquake,,,,24,reviewed,us,us
1982-07-08T15:41:17.430Z,27.475,-112.237,10,4.9,mb,,,,0.9,us,usp0001nb1,2014-11-07T00:31:36.217Z,"15 km NNE of Santa Rosalía, Mexico",earthquake,,,,12,reviewed,us,us
1982-06-24T14:15:00.090Z,37.236,-116.37,0,5.6,mb,,,,,us,usp0001n3x,2016-04-01T23:47:59.529Z,"50 km NE of Beatty, Nevada",nuclear explosion,,,,74,reviewed,doe,us
1982-06-16T11:43:30.000Z,46.97,-66.99,5,4.7,mb,,,,,us,usp0001myx,2014-11-07T00:31:28.336Z,"62 km E of Hamlin, Maine",earthquake,,,,20,reviewed,ott,us
1982-06-15T23:49:21.280Z,33.549,-116.677,11.473,4.81,ml,0,35,,0.253,ci,ci532392,2018-06-04T20:43:45.000Z,"1km SSW of Anza, CA",earthquake,,0.423,,9,reviewed,ci,ci
1982-05-25T12:45:25.600Z,31.25,-115.7,16,4.5,ml,,,,,us,usp0001mh6,2016-02-03T01:29:06.020Z,"52 km E of San Vicente, Mexico",earthquake,,,,,reviewed,pas,pas
1982-05-07T18:17:00.110Z,37.069,-116.045,0,5.7,mb,,,,,us,usp0001m5d,2016-04-02T12:40:41.370Z,"64 km NNW of Indian Springs, Nevada",nuclear explosion,,,,76,reviewed,doe,us
1982-04-25T18:05:00.080Z,37.256,-116.422,0,5.4,mb,,,,,us,usp0001kxs,2016-04-02T15:50:18.458Z,"48 km NE of Beatty, Nevada",nuclear explosion,,,,77,reviewed,doe,us
1982-04-17T18:00:00.090Z,37.017,-116.01,0,4.5,mb,,,,,us,usp0001ksx,2016-04-01T23:48:08.732Z,"58 km NNW of Indian Springs, Nevada",nuclear explosion,,,,4,reviewed,doe,us
1982-04-15T21:52:08.600Z,38.035,-118.502,20,4.5,mb,,,,,us,usp0001krd,2018-06-04T20:43:45.000Z,"24 km N of Benton, California",earthquake,,,,5,reviewed,brk,us
1982-04-05T11:54:44.200Z,27.392,-112.256,10,4.6,mb,,,,0.9,us,usp0001kj9,2014-11-07T00:31:05.815Z,"5 km NNE of Santa Rosalía, Mexico",earthquake,,,,3,reviewed,us,us
1982-03-31T21:02:20.000Z,47,-66.6,5,5,mb,,,,,us,usp0001kfx,2014-11-07T00:31:03.009Z,"83 km W of Miramichi, Canada",earthquake,,,,31,reviewed,ott,us
1982-03-07T20:51:00.660Z,35.747,-117.766,4.91,4.62,ml,0,199,0.1532,0.27,ci,ci106913,2018-06-04T20:43:45.000Z,"12km NNE of Inyokern, CA",earthquake,,,,13,reviewed,ci,ci
1982-02-20T21:50:55.320Z,24.855,-108.787,10,5.1,ms,,,,1.5,us,usp0001jr8,2014-11-07T00:30:52.288Z,"66 km SSW of El Progreso, Mexico",earthquake,,,,1,reviewed,us,us
1982-02-12T15:25:00.090Z,37.348,-116.316,0,5.6,mb,,,,,us,usp0001jkz,2016-04-02T19:31:37.433Z,"60 km WSW of Rachel, Nevada",nuclear explosion,,,,78,reviewed,doe,us
1982-02-12T14:55:00.080Z,37.224,-116.463,0,5.4,mb,,,,,us,usp0001jky,2015-06-16T15:41:08.176Z,"43 km NE of Beatty, Nevada",nuclear explosion,,,,58,reviewed,doe,us
1982-02-07T19:18:17.210Z,29.035,-113.053,10,5.6,ms,,,,1.1,us,usp0001jh9,2022-04-28T00:43:15.554Z,"95 km NE of San Luis, Mexico",earthquake,,,,2,reviewed,us,us
1982-02-02T09:28:33.730Z,25.828,-109.508,10,5.2,mb,,,,1.1,us,usp0001jet,2014-11-07T00:30:48.127Z,"17 km WSW of Las Grullas Margen Derecha, Mexico",earthquake,,,,30,reviewed,us,us
1982-01-28T22:51:02.060Z,38.543,-118.066,5,4.5,ml,,,,1.1,us,usp0001jcf,2018-06-04T20:43:45.000Z,"California-Nevada border region",earthquake,,,,,reviewed,us,brk
1982-01-28T16:00:00.100Z,37.091,-116.051,0,5.9,mb,,,,,us,usp0001jc9,2016-04-02T16:42:48.000Z,"66 km ENE of Beatty, Nevada",nuclear explosion,,,,84,reviewed,doe,us
1982-01-26T03:35:51.020Z,28.621,-112.111,10,4.5,mb,,,,1.5,us,usp0001jak,2014-11-07T00:30:43.932Z,"27 km SW of Bahía de Kino, Mexico",earthquake,,,,4,reviewed,us,us
1982-01-19T00:14:42.000Z,43.5,-71.6,8,4.5,mb,,,,,us,usp0001j3y,2020-08-26T21:53:44.500Z,"1 km NW of Sanbornton, New Hampshire",earthquake,,,,7,reviewed,wes,us
1982-01-11T21:41:07.990Z,46.975,-66.659,7,5.4,mb,,,,,us,usp0001hzu,2022-04-28T00:44:21.131Z,"86 km E of Hamlin, Maine",earthquake,,,,46,reviewed,spe,us
1982-01-09T16:36:42.930Z,47.023,-66.648,6,5.1,mb,,,,,us,usp0001hyn,2014-11-07T00:30:39.501Z,"87 km W of Miramichi, Canada",earthquake,,,,55,reviewed,spe,us
1982-01-09T12:53:51.880Z,46.984,-66.656,10.1,5.7,mb,,,,,us,usp0001hym,2022-04-28T00:44:13.196Z,"86 km E of Hamlin, Maine",earthquake,,,,49,reviewed,spe,us
1982-01-08T03:30:21.670Z,29.505,-112.629,10,4.7,mb,,,,0.9,us,usp0001hxq,2014-11-07T00:30:39.110Z,"45 km S of La Libertad, Mexico",earthquake,,,,2,reviewed,us,us
1981-12-20T03:06:21.590Z,30.937,-113.914,10,4.5,mb,,,,1.2,us,usp0001hhd,2014-11-07T00:30:32.509Z,"55 km SW of Puerto Peñasco, Mexico",earthquake,,,,3,reviewed,us,us
1981-12-03T15:00:00.100Z,37.148,-116.071,0,4.6,mb,,,,,us,usp0001h86,2016-04-02T16:43:19.470Z,"62 km SSW of Rachel, Nevada",nuclear explosion,,,,8,reviewed,doe,us
1981-12-01T16:18:50.000Z,38.62,-118.188,11,4.5,ml,,,,,us,usp0001h7b,2014-11-07T00:30:27.791Z,"26 km NNW of Mina, Nevada",earthquake,,,,,reviewed,brk,brk
1981-11-12T15:00:00.100Z,37.108,-116.049,0,5.3,mb,,,,,us,usp0001gxk,2016-04-02T06:23:02.288Z,"65 km SSW of Rachel, Nevada",nuclear explosion,,,,68,reviewed,doe,us
1981-11-11T20:00:00.040Z,37.076,-116.068,0,4.8,mb,,,,,us,usp0001gx6,2016-04-01T23:56:07.942Z,"64 km ENE of Beatty, Nevada",earthquake,,,,27,reviewed,doe,us
1981-11-10T22:34:35.730Z,35.0106667,-119.1335,6.631,4.71,ml,107,30,,0.42,ci,ci526822,2018-06-04T20:43:45.000Z,"18km N of Pine Mountain Club, CA",earthquake,0.41,0.87,0.096,11,reviewed,ci,ci
1981-10-29T19:31:01.160Z,31.688,-113.254,10,4.9,mb,,,,0.8,us,usp0001gqk,2014-11-07T00:30:16.592Z,"42 km WSW of Sonoita, Mexico",earthquake,,,,1,reviewed,us,us
1981-10-23T19:15:52.170Z,33.618,-119.017,14.597,4.61,ml,0,63.2,,0.162,ci,ci526013,2018-06-04T20:43:45.000Z,"17km NNE of Santa Barbara Is., CA",earthquake,,0.183,0.095,16,reviewed,ci,ci
1981-10-23T17:28:16.440Z,33.5898333,-119.0041667,9.777,4.76,ml,29,117,,0.53,ci,ci526000,2018-06-04T20:43:45.000Z,"14km NNE of Santa Barbara Is., CA",earthquake,1.51,31.61,0.147,12,reviewed,ci,ci
1981-10-01T19:00:00.100Z,37.082,-116.009,0,4.9,mb,,,,,us,usp0001g83,2016-04-02T03:53:20.309Z,"64 km NNW of Indian Springs, Nevada",nuclear explosion,,,,36,reviewed,doe,us
1981-10-01T07:01:54.930Z,37.5116667,-118.8736667,3.192,4.5,ml,13,112,0.08739,0.05,nc,nc1068143,2016-12-13T05:31:31.015Z,"14 km WSW of Aspen Springs, California",earthquake,0.31,0.99,,0,reviewed,nc,nc
1981-09-30T14:50:06.210Z,37.566,-118.8885,1.566,4.5,ml,19,89,0.05586,0.06,nc,nc1068088,2016-12-13T05:27:42.800Z,"11 km SE of Mammoth Lakes, California",earthquake,0.29,0.9,,0,reviewed,nc,nc
1981-09-30T13:05:47.850Z,37.6406667,-118.8445,4.196,4.9,ml,17,73,0.1198,0.07,nc,nc1068077,2022-04-28T00:56:10.757Z,"11 km E of Mammoth Lakes, California",earthquake,0.28,1.55,,0,reviewed,nc,nc
1981-09-30T11:53:26.190Z,37.5838333,-118.8645,3.126,5.9,ml,18,83,0.03243,0.07,nc,nc1068066,2022-04-28T00:56:09.385Z,"11 km SE of Mammoth Lakes, California",earthquake,0.27,0.49,,6,reviewed,nc,nc
1981-09-16T12:41:14.490Z,40.3318333,-124.5573333,27.607,4.74,ml,33,239,0,0.06,nc,nc1067679,2018-06-04T20:43:45.000Z,"36 km SW of Ferndale, California",earthquake,1.16,0.99,,5,reviewed,nc,nc
1981-09-04T15:50:48.700Z,33.5575,-119.1195,5.549,5.45,ml,106,88,,0.35,ci,ci522177,2022-04-28T00:53:26.972Z,"11km NNW of Santa Barbara Is., CA",earthquake,0.9,31.61,0.171,10,reviewed,ci,ci
1981-07-17T16:37:32.910Z,40.2283333,-124.1685,10.308,4.6,ml,31,180,0.1838,0.2,nc,nc1065656,2022-04-28T01:00:25.262Z,"23 km WSW of Weott, California",earthquake,0.64,0.69,,0,reviewed,nc,nc
1981-06-10T17:06:15.180Z,28.387,-114.806,10,4.5,mb,,,,1,us,usp0001e2u,2014-11-07T00:29:36.464Z,"77 km N of Bahía Tortugas, Mexico",earthquake,,,,2,reviewed,us,us
1981-06-06T18:00:00.080Z,37.303,-116.326,0,5.5,mb,,,,,us,usp0001e1c,2016-04-02T09:36:10.483Z,"58 km NE of Beatty, Nevada",nuclear explosion,,,,61,reviewed,doe,us
1981-05-30T05:08:33.410Z,25.558,-108.744,10,4.5,mb,,,,1.2,us,usp0001dxx,2014-11-07T00:29:31.850Z,"Sinaloa, Mexico",earthquake,,,,1,reviewed,us,us
1981-05-28T09:10:45.900Z,46.5253333,-121.394,2.136,5,md,60,29,,0.2,uw,uw10106318,2022-04-28T01:06:04.573Z,"23 km ESE of Packwood, Washington",earthquake,0.425,0.77,0.11,1,reviewed,uw,uw
1981-05-28T08:56:02.540Z,46.53,-121.3985,1.957,4.6,md,61,29,,0.21,uw,uw10106248,2016-07-24T22:15:05.310Z,"22 km ESE of Packwood, Washington",earthquake,0.453,0.82,0.05,5,reviewed,uw,uw
1981-05-26T11:41:04.380Z,40.3703333,-124.9045,1.854,4.6,ml,60,253,0.4459,0.6,nc,nc1064017,2018-06-04T20:43:45.000Z,"58 km WSW of Ferndale, California",earthquake,3.86,6.41,,0,reviewed,nc,nc
1981-05-13T05:00:36.180Z,46.3628333,-122.2481667,9.379,4.5,md,38,41,0.08679,0.28,uw,uw10101583,2020-09-21T18:39:19.774Z,"21 km S of Morton, Washington",earthquake,0.747,2.01,0.04,15,reviewed,uw,uw
1981-05-07T01:02:37.460Z,37.9241667,-118.5345,8.555,4.5,ml,10,119,0.1577,0.03,nc,nc1063372,2016-12-12T23:55:39.632Z,"12 km NNW of Benton, California",earthquake,0.4,1.35,,0,reviewed,nc,nc
1981-04-26T12:09:28.290Z,33.0955,-115.6245,18.904,5.75,ml,81,34,,0.34,ci,ci514869,2024-02-25T08:29:05.142Z,"The 1981 Westmorland, California Earthquake",earthquake,0.56,0.67,0.161,6,reviewed,ci,ci
1981-04-19T09:02:50.520Z,35.816,-117.8163333,4.766,4.7,ml,13,135,,0.66,ci,ci514609,2018-06-04T20:43:45.000Z,"16km SSE of Little Lake, CA",earthquake,2.51,31.61,0.424,9,reviewed,ci,ci
1981-02-14T06:10:40.660Z,41.3981667,-123.8048333,41.86,4.76,md,11,330,0.3505,0.14,nc,nc1060340,2016-12-12T20:06:12.361Z,"24 km SE of Klamath, California",earthquake,6.84,0.9,,1,reviewed,nc,nc
1981-02-14T06:09:27.210Z,46.3493333,-122.236,5.962,5.2,md,31,41,,0.16,uw,uw10098863,2022-04-28T01:11:37.545Z,"23 km S of Morton, Washington",earthquake,0.456,0.95,0.04,1,reviewed,uw,uw
1981-01-31T21:58:42.300Z,26.821,-110.973,15,4.6,mb,,,,,us,usp0001c06,2014-11-06T23:24:29.035Z,"78 km SW of Bahía de Lobos, Mexico",earthquake,,,,,reviewed,us,us
1981-01-28T20:08:50.500Z,38.168,-118.355,18,4.5,mb,,,,,us,usp0001bxs,2018-06-04T20:43:45.000Z,"32 km SW of Mina, Nevada",earthquake,,,,,reviewed,b,us
1981-01-21T18:10:47.700Z,29.449,-116.118,15,4.7,mb,,,,,us,usp0001bug,2014-11-06T23:24:28.779Z,"77 km SSW of El Rosario de Arriba, Mexico",earthquake,,,,,reviewed,us,us
1981-01-15T20:25:00.100Z,37.087,-116.045,0,5.6,mb,,,,,us,usp0001br5,2016-02-02T22:45:05.320Z,"66 km NNW of Indian Springs, Nevada",explosion,,,,,reviewed,a,us
1981-01-15T12:47:51.220Z,37.3745,-121.7288333,8.863,4.8,ml,72,48,0.02793,0.07,nc,nc1059310,2018-06-04T20:43:45.000Z,"7 km E of East Foothills, California",earthquake,0.16,0.38,,0,reviewed,nc,nc
1981-01-07T11:42:33.000Z,36.8735,-121.6161667,8.828,4.5,ml,76,60,0.02252,0.1,nc,nc1058966,2018-06-04T20:43:45.000Z,"2 km SE of Aromas, California",earthquake,0.19,0.34,,0,reviewed,nc,nc
1980-12-28T22:58:08.700Z,38.142,-118.265,23,4.6,mb,,,,,us,usp0001bgr,2018-06-04T20:43:45.000Z,"30 km SSW of Mina, Nevada",earthquake,,,,,reviewed,b,us
1980-12-24T15:48:33.230Z,37.579,-118.8633333,4.71,4.7,ml,10,159,0.03243,0.07,nc,nc1058487,2018-06-04T20:43:45.000Z,"12 km SE of Mammoth Lakes, California",earthquake,0.57,0.58,,0,reviewed,nc,nc
1980-12-24T13:29:31.640Z,41.299,-124.7443333,2.821,5,ml,13,317,0.6198,0.16,nc,nc1058482,2016-12-14T04:50:49.190Z,"53 km WNW of Big Lagoon, California",earthquake,10.94,8.22,,0,reviewed,nc,nc
1980-12-17T15:10:00.100Z,37.325,-116.312,0,5.1,mb,,,,,us,usp0001baw,2016-04-02T04:32:20.766Z,"60 km NE of Beatty, Nevada",nuclear explosion,,,,,reviewed,a,us
1980-11-28T18:21:13.040Z,39.2515,-120.4538333,5.921,5.1,ml,225,76,0.3396,0.33,nc,nc1057587,2020-07-10T14:18:12.171Z,"8 km SSW of Kingvale, California",earthquake,0.36,0.48,,0,reviewed,nc,nc
1980-11-11T10:19:02.900Z,38.008,-118.6,5,4.8,ml,,,,,us,usp0001arx,2018-06-04T20:43:45.000Z,"23 km NNW of Benton, California",earthquake,,,,,reviewed,b,brk
1980-11-10T20:42:20.600Z,41.225,-124.425,15,4.6,mb,,,,,us,usp0001arn,2014-11-06T23:24:27.173Z,"25 km WNW of Big Lagoon, California",earthquake,,,,,reviewed,us,us
1980-11-09T07:29:02.600Z,30.431,-113.789,15,4.6,mb,,,,,us,usp0001aqx,2014-11-06T23:24:27.147Z,"101 km SSW of Puerto Peñasco, Mexico",earthquake,,,,,reviewed,us,us
1980-11-08T23:07:10.400Z,40.535,-124.784,15,5,ms,,,,,us,usp0001aqn,2018-06-04T20:43:45.000Z,"44 km W of Ferndale, California",earthquake,,,,,reviewed,us,us
1980-11-08T23:05:32.200Z,40.998,-124.608,15,4.7,mb,,,,,us,usp0001aqm,2014-11-06T23:24:27.137Z,"39 km W of Trinidad, California",earthquake,,,,,reviewed,us,us
1980-11-08T11:20:38.700Z,40.247,-124.742,15,5,mb,,,,,us,usp0001aq5,2018-06-04T20:43:45.000Z,"54 km SW of Ferndale, California",earthquake,,,,,reviewed,us,us
1980-11-08T10:27:34.000Z,41.117,-124.253,19,7.2,mw,,,,,us,usp0001aq1,2024-02-25T08:53:47.192Z,"The 1980 Eureka, California Earthquake",earthquake,,,,,reviewed,us,01023
1980-10-31T18:00:00.100Z,37.211,-116.205,0,4.7,mb,,,,,us,usp0001ama,2016-02-02T21:37:21.710Z,"59 km NE of Beatty, Nevada",nuclear explosion,,,,,reviewed,a,us
1980-10-31T12:55:36.580Z,32.6535,-115.6006667,15,4.55,ml,14,187,0.1061,0.47,ci,ci9738986,2020-07-09T21:46:53.464Z,"8km N of Progreso, B.C., MX",earthquake,2.27,31.61,0.209,16,reviewed,ci,ci
1980-09-25T14:45:00.100Z,37.056,-116.048,0,4.6,mb,,,,,us,usp00019z5,2016-04-02T04:21:44.746Z,"63 km NNW of Indian Springs, Nevada",nuclear explosion,,,,,reviewed,a,us
1980-09-24T08:08:38.660Z,36.21,-120.2221667,10.896,4.5,ml,21,235,0.1054,0.16,nc,nc1055994,2018-06-04T20:43:45.000Z,"10 km W of Huron, California",earthquake,1.24,0.75,,0,reviewed,nc,nc
1980-09-21T02:11:33.700Z,29.694,-113.576,15,5.2,ms,,,,,us,usp00019wq,2022-04-28T01:28:07.691Z,"88 km WSW of La Libertad, Mexico",earthquake,,,,,reviewed,us,us
1980-09-08T04:26:19.900Z,38.028,-118.582,13,4.6,ml,,,,,us,usp00019qu,2018-06-04T20:43:45.000Z,"24 km NNW of Benton, California",earthquake,,,,,reviewed,b,brk
1980-09-07T06:48:30.200Z,38.078,-118.603,5,4.7,mb,,,,,us,usp00019q9,2018-06-04T20:43:45.000Z,"30 km NNW of Benton, California",earthquake,,,,,reviewed,b,us
1980-09-07T06:48:10.500Z,38.077,-118.603,5,4.5,ml,,,,,us,usp00019q8,2018-06-04T20:43:45.000Z,"30 km NNW of Benton, California",earthquake,,,,,reviewed,b,pas
1980-09-07T04:36:38.300Z,38.033,-118.578,15,5,ms,,,,,us,usp00019q5,2022-04-28T01:26:26.279Z,"25 km NNW of Benton, California",earthquake,,,,,reviewed,b,us
1980-09-05T19:53:27.900Z,29.659,-113.348,15,4.9,mb,,,,,us,usp00019pq,2014-11-06T23:24:25.849Z,"69 km WSW of La Libertad, Mexico",earthquake,,,,,reviewed,us,us
1980-09-04T21:03:33.900Z,38.057,-118.518,20,4.9,mb,,,,,us,usp00019pd,2018-06-04T20:43:45.000Z,"26 km N of Benton, California",earthquake,,,,,reviewed,b,us
1980-09-02T01:13:58.000Z,30.241,-113.398,15,4.5,mb,,,,,us,usp00019nd,2014-11-06T23:24:25.793Z,"77 km WNW of La Libertad, Mexico",earthquake,,,,,reviewed,us,us
1980-09-02T00:05:33.500Z,29.976,-113.453,15,4.5,mb,,,,,us,usp00019nb,2014-11-06T23:24:25.791Z,"Baja California, Mexico",earthquake,,,,,reviewed,us,us
1980-08-31T17:38:47.000Z,29.695,-113.583,15,4.6,mb,,,,,us,usp00019my,2014-11-06T23:24:25.779Z,"Baja California, Mexico",earthquake,,,,,reviewed,us,us
1980-08-30T04:17:22.400Z,29.603,-113.483,15,5.2,ms,,,,,us,usp00019kz,2022-04-28T01:31:39.318Z,"83 km WSW of La Libertad, Mexico",earthquake,,,,,reviewed,us,us
1980-08-30T03:22:54.000Z,29.747,-113.439,15,4.8,mb,,,,,us,usp00019kw,2014-11-06T23:24:25.745Z,"74 km WSW of La Libertad, Mexico",earthquake,,,,,reviewed,us,us
1980-08-29T20:09:11.600Z,30.013,-113.214,15,4.8,mb,,,,,us,usp00019kt,2014-11-06T23:24:25.742Z,"51 km WNW of La Libertad, Mexico",earthquake,,,,,reviewed,us,us
1980-08-29T08:57:55.200Z,30.211,-113.212,15,5,mb,,,,,us,usp00019kj,2014-11-06T23:24:25.735Z,"60 km WNW of La Libertad, Mexico",earthquake,,,,,reviewed,us,us
1980-08-03T14:43:04.200Z,42.498,-124.56,15,4.5,mb,,,,,us,usp000198p,2018-06-04T20:43:45.000Z,"12 km W of Nesika Beach, Oregon",earthquake,,,,,reviewed,us,us
1980-08-01T16:48:54.150Z,37.5465,-118.8798333,2.691,4.6,ml,11,168,0.06216,0.06,nc,nc1054755,2018-06-04T20:43:45.000Z,"13 km SE of Mammoth Lakes, California",earthquake,0.42,0.7,,0,reviewed,nc,nc
1980-08-01T16:38:55.880Z,37.5621667,-118.8731667,4.532,5.4,ml,12,180,0.04775,0.09,nc,nc1054751,2022-04-28T01:28:44.992Z,"12 km SE of Mammoth Lakes, California",earthquake,0.49,0.62,,0,reviewed,nc,nc
1980-07-27T18:52:21.800Z,38.17,-83.91,8,5.2,mb_lg,,,,,se,se60079,2022-06-28T13:45:31.526Z,"3 km SSE of Sharpsburg, Kentucky",earthquake,,,,,reviewed,se,se
1980-07-27T18:52:21.600Z,38.19,-83.95,10,5,md,,,,,se,se601214,2024-06-16T05:40:15.104Z,"2 km SW of Sharpsburg, Kentucky",earthquake,,,,,reviewed,se,se
1980-07-25T19:05:00.100Z,37.256,-116.477,0,5.5,mb,,,,,us,usp0001934,2016-02-03T00:16:28.180Z,"46 km NNE of Beatty, Nevada",nuclear explosion,,,,,reviewed,a,us
1980-06-29T07:46:13.240Z,38.0131667,-118.6633333,7.298,5,ml,20,78,0.1009,0.14,nc,nc1054082,2020-07-10T14:18:01.443Z,"27 km NW of Benton, California",earthquake,0.44,1.44,,0,reviewed,nc,nc
1980-06-13T01:04:36.300Z,26.094,-109.894,15,5,mb,,,,,us,usp000186c,2022-04-28T01:34:32.866Z,"58 km WNW of El Aguajito, Mexico",earthquake,,,,,reviewed,us,us
1980-06-12T17:15:00.100Z,37.282,-116.454,0,5.6,mb,,,,,us,usp000185x,2016-04-01T21:51:42.934Z,"49 km NNE of Beatty, Nevada",nuclear explosion,,,,,reviewed,a,us
1980-06-11T04:40:58.340Z,37.546,-118.8805,5.201,4.7,ml,19,74,0.04865,0.06,nc,nc1053669,2018-06-04T20:43:45.000Z,"13 km SE of Mammoth Lakes, California",earthquake,0.24,0.53,,0,reviewed,nc,nc
1980-06-09T03:28:19.140Z,32.1998333,-115.1221667,6,6.3,mw,16,233,0.5968,0.62,ci,ci9730174,2022-04-28T01:34:05.175Z,"5km SE of Alberto Oviedo Mota, B.C., MX",earthquake,4.51,31.61,,0,reviewed,ci,ci
1980-06-01T06:47:36.110Z,37.4728333,-118.8433333,4.149,4.7,ml,22,145,0.0973,0.09,nc,nc1053420,2018-06-04T20:43:45.000Z,"14 km SW of Aspen Springs, California",earthquake,0.32,0.79,,0,reviewed,nc,nc
1980-05-31T15:16:11.410Z,37.6025,-118.7821667,5.147,4.9,ml,25,67,0.03964,0.07,nc,nc1053399,2018-06-04T20:43:45.000Z,"8 km NW of Aspen Springs, California",earthquake,0.23,0.4,,0,reviewed,nc,nc
1980-05-31T00:58:17.300Z,37.4961667,-118.8481667,7.148,4.5,ml,20,219,0.08018,0.07,nc,nc1053381,2018-06-04T20:43:45.000Z,"California-Nevada border region",earthquake,0.37,0.52,,0,reviewed,nc,nc
1980-05-29T03:38:45.720Z,34.9071667,-120.8473333,-0.012,4.9,ml,216,177,0.3117,0.33,nc,nc1053288,2018-06-04T20:43:45.000Z,"26 km WSW of Guadalupe, California",earthquake,0.63,2.04,,0,reviewed,nc,nc
1980-05-28T05:48:23.020Z,37.6263333,-118.8646667,3.995,4.6,ml,18,113,0.02523,0.05,nc,nc1053235,2018-06-04T20:43:45.000Z,"9 km ESE of Mammoth Lakes, California",earthquake,0.26,0.6,,0,reviewed,nc,nc
1980-05-28T05:16:22.980Z,37.5771667,-118.889,2.596,4.9,ml,34,177,0.03153,0.05,nc,nc1053234,2018-06-04T20:43:45.000Z,"California-Nevada border region",earthquake,0.28,0.25,,0,reviewed,nc,nc
1980-05-27T19:01:07.840Z,37.595,-118.779,3.861,4.8,ml,20,57,0.03694,0.09,nc,nc1053204,2018-06-04T20:43:45.000Z,"7 km NW of Aspen Springs, California",earthquake,0.24,0.48,,0,reviewed,nc,nc
1980-05-27T14:50:56.810Z,37.5033333,-118.8055,13.795,6.2,ml,19,183,0.04685,0.12,nc,nc1053177,2022-04-28T01:38:22.383Z,"9 km SW of Aspen Springs, California",earthquake,0.71,0.45,,0,reviewed,nc,nc
1980-05-26T19:24:09.240Z,37.5115,-118.861,1.867,4.7,ml,7,209,0.08378,0.08,nc,nc1053108,2018-06-04T20:43:45.000Z,"13 km WSW of Aspen Springs, California",earthquake,0.98,2.51,,0,reviewed,nc,nc
1980-05-26T18:57:55.590Z,37.5206667,-118.8761667,2.063,5.7,ml,12,211,0.08018,0.03,nc,nc1053105,2022-04-28T01:38:07.277Z,"14 km WSW of Aspen Springs, California",earthquake,0.49,1.08,,0,reviewed,nc,nc
1980-05-26T16:20:21.280Z,37.5565,-118.8918333,1.319,4.8,ml,11,114,0.1766,0.18,nc,nc1053091,2022-04-28T01:38:02.445Z,"12 km SE of Mammoth Lakes, California",earthquake,1.56,2.15,,0,reviewed,nc,nc
1980-05-26T14:37:32.060Z,37.6055,-118.8083333,4.201,4.5,ml,7,146,0.01982,0.13,nc,nc1053086,2018-06-04T20:43:45.000Z,"10 km NW of Aspen Springs, California",earthquake,3.28,4.05,,0,reviewed,nc,nc
1980-05-26T12:24:24.970Z,37.5686667,-118.8671667,7.156,5.1,ml,12,204,0.05405,0.07,nc,nc1053083,2022-04-28T01:37:56.943Z,"12 km SE of Mammoth Lakes, California",earthquake,0.49,0.84,,0,reviewed,nc,nc
1980-05-26T10:20:31.020Z,37.6161667,-118.7838333,7.256,4.5,ml,6,160,0.04144,0.06,nc,nc1053078,2018-06-04T20:43:45.000Z,"9 km NW of Aspen Springs, California",earthquake,0.84,1.44,,0,reviewed,nc,nc
1980-05-26T05:56:26.790Z,37.6033333,-118.8448333,2.719,4.7,ml,5,237,0.02072,0.02,nc,nc1053070,2018-06-04T20:43:45.000Z,"12 km ESE of Mammoth Lakes, California",earthquake,6.39,5.53,,0,reviewed,nc,nc
1980-05-25T20:59:22.370Z,37.6018333,-118.8198333,14.359,5,ml,6,92,0.01261,0.02,nc,nc1053059,2018-06-04T20:43:45.000Z,"10 km WNW of Aspen Springs, California",earthquake,0.71,1.38,,0,reviewed,nc,nc
1980-05-25T20:38:41.600Z,37.567,-118.683,4,4.9,ml,,,,,us,usp00017fh,2018-06-04T20:43:45.000Z,"0 km WSW of Sunny Slopes, California",earthquake,,,,,reviewed,p,pas
1980-05-25T20:35:47.930Z,37.6186667,-118.8348333,4.833,5.7,ml,4,182,0.005405,0.04,nc,nc1053058,2022-04-28T01:37:55.433Z,"12 km ESE of Mammoth Lakes, California",earthquake,1.65,3.79,,0,reviewed,nc,nc
1980-05-25T20:23:25.430Z,37.6283333,-118.8695,3.209,4.5,ml,4,192,0.05225,0.03,nc,nc1053056,2018-06-04T20:43:45.000Z,"9 km ESE of Mammoth Lakes, CA",earthquake,5.09,6.47,,0,reviewed,nc,nc
1980-05-25T19:44:50.910Z,37.5538333,-118.807,11.856,6.1,ml,7,191,0.03964,0.1,nc,nc1053054,2022-04-28T01:37:53.969Z,"8 km W of Aspen Springs, California",earthquake,1.82,1.37,,0,reviewed,nc,nc
1980-05-25T18:34:15.110Z,37.5978333,-118.8543333,0.129,4.6,ml,5,223,0.02432,0.11,nc,nc1053050,2018-06-04T20:43:45.000Z,"California-Nevada border region",earthquake,5.84,5.07,,0,reviewed,nc,nc
1980-05-25T17:48:29.600Z,37.585,-118.9025,0.679,4.6,ml,4,262,0.06216,0.14,nc,nc1053049,2018-06-04T20:43:45.000Z,"9 km SE of Mammoth Lakes, CA",earthquake,11.85,7.39,,0,reviewed,nc,nc
1980-05-25T17:06:22.990Z,37.5925,-118.8621667,0.839,4.6,ml,5,141,0.03333,0.05,nc,nc1053046,2018-06-04T20:43:45.000Z,"11 km ESE of Mammoth Lakes, California",earthquake,0.58,8.92,,0,reviewed,nc,nc
1980-05-25T16:52:29.160Z,37.621,-118.726,4.29,4.6,mh,,,,,ci,ci9726818,2016-02-02T22:53:48.380Z,"22km E of Mammoth Lakes, CA",earthquake,,,,0,reviewed,ci,ci
1980-05-25T16:52:28.500Z,37.649,-118.733,5,4.5,ml,,,,,us,usp00017e5,2016-02-02T21:32:12.650Z,"10 km NNW of Sunny Slopes, California",earthquake,,,,,reviewed,p,pas
1980-05-25T16:49:27.160Z,37.6768333,-118.8996667,6.686,6,ml,42,55,0.06126,1.35,nc,nc1053045,2022-04-28T01:37:52.136Z,"7 km ENE of Mammoth Lakes, California",earthquake,1.99,2.52,,0,reviewed,nc,nc
1980-05-25T16:33:44.000Z,37.5903333,-118.831,6.806,6.1,ml,11,159,0.004505,0.15,nc,nc1053043,2022-04-28T01:37:50.349Z,"11 km WNW of Aspen Springs, California",earthquake,1.71,1.44,,0,reviewed,nc,nc
1980-05-24T10:03:36.300Z,39.937,-111.966,5,5,mb,,,,,us,usp00017d8,2014-11-06T23:24:22.039Z,"1 km SSW of Mount Nebo, Utah",earthquake,,,,,reviewed,u,us
1980-05-18T22:54:01.330Z,46.2265,-122.1803333,-0.757,4.5,md,0,128,,0.64,uw,uw10087768,2025-09-03T18:55:57.810Z,"37 km S of Morton, Washington",earthquake,0.644,0.94,0.05,1,reviewed,uw,uw
1980-05-18T15:32:11.430Z,46.2073333,-122.188,1.51,5.7,md,18,62,0.008296,0.22,uw,uw10084803,2022-04-28T01:36:51.038Z,"38 km NNE of Amboy, Washington",earthquake,0.682,0.56,0.08,1,reviewed,uw,uw
1980-05-16T12:34:54.120Z,46.2126667,-122.1966667,0.093,4.7,md,23,58,0.01569,0.29,uw,uw10082963,2018-06-04T20:43:45.000Z,"38 km NNE of Amboy, Washington",earthquake,0.998,0.91,0.12,1,reviewed,uw,uw
1980-05-14T02:18:57.710Z,46.2128333,-122.1765,0.166,4.6,md,22,63,0.006838,0.22,uw,uw10081608,2018-06-04T20:43:45.000Z,"39 km S of Morton, Washington",earthquake,0.617,0.53,0.1,1,reviewed,uw,uw
1980-05-12T20:33:39.610Z,46.2116667,-122.1755,-0.403,4.8,md,21,62,0.00569,0.14,uw,uw10081253,2018-06-04T20:43:45.000Z,"39 km S of Morton, Washington",earthquake,0.325,0.38,0.06,1,reviewed,uw,uw
1980-05-11T04:00:17.960Z,46.2111667,-122.1791667,0.647,4.6,md,20,61,0.005561,0.19,uw,uw10080473,2018-06-04T20:43:45.000Z,"39 km S of Morton, Washington",earthquake,0.502,0.36,0.07,1,reviewed,uw,uw
1980-05-10T12:31:47.590Z,46.2133333,-122.1781667,0.242,4.5,md,14,114,0.00746,0.2,uw,uw10080018,2016-07-24T21:28:11.000Z,"39 km S of Morton, Washington",earthquake,0.82,0.61,0.08,1,reviewed,uw,uw
1980-05-09T18:06:26.540Z,46.214,-122.1745,0.017,4.6,md,23,63,0.00809,0.19,uw,uw10079798,2018-06-04T20:43:45.000Z,"39 km SSE of Morton, Washington",earthquake,0.028,0.02,0.06,1,reviewed,uw,uw
1980-05-09T07:01:01.110Z,46.2158333,-122.1736667,-1.346,4.7,md,25,63,0.009993,0.2,uw,uw10079638,2018-06-04T20:43:45.000Z,"38 km SSE of Morton, Washington",earthquake,0.028,0.04,0.07,1,reviewed,uw,uw
1980-05-08T09:03:39.930Z,46.2141667,-122.1791667,0.018,4.6,md,23,62,0.008423,0.2,uw,uw10079238,2016-07-24T21:28:01.010Z,"38 km S of Morton, Washington",earthquake,0.538,0.46,0.05,1,reviewed,uw,uw
1980-05-08T07:48:46.200Z,46.2096667,-122.1766667,-0.323,4.7,md,24,61,0.003681,0.22,uw,uw10079183,2018-06-04T20:43:45.000Z,"39 km NNE of Amboy, Washington",earthquake,0.573,0.49,0.06,1,reviewed,uw,uw
1980-05-07T11:09:17.900Z,46.2165,-122.1948333,0.397,4.7,md,22,60,0.01666,0.21,uw,uw10078873,2018-06-04T20:43:45.000Z,"38 km S of Morton, Washington",earthquake,0.509,0.41,0.1,0,reviewed,uw,uw
1980-05-06T17:04:49.190Z,46.2103333,-122.174,0.689,4.6,md,18,62,0.004598,0.21,uw,uw10078678,2018-06-04T20:43:45.000Z,"39 km SSE of Morton, Washington",earthquake,0.587,0.47,0.07,1,reviewed,uw,uw
1980-05-05T05:43:04.080Z,46.2095,-122.1785,0.109,4.7,md,23,61,0.003845,0.17,uw,uw10078208,2018-06-04T20:43:45.000Z,"39 km NNE of Amboy, Washington",earthquake,0.424,0.42,0.05,1,reviewed,uw,uw
1980-05-04T11:58:27.430Z,46.2166667,-122.1863333,0.339,4.9,md,24,50,0.01278,0.3,uw,uw10077993,2018-06-04T20:43:45.000Z,"38 km S of Morton, Washington",earthquake,0.772,0.64,0.06,1,reviewed,uw,uw
1980-05-03T05:00:46.420Z,46.2038333,-122.1791667,-0.951,4.5,md,14,140,0.04105,0.26,uw,uw10077438,2018-06-04T20:43:45.000Z,"38 km NNE of Amboy, Washington",earthquake,0.064,0.07,0.06,1,reviewed,uw,uw
1980-05-03T00:17:38.100Z,41.939,-118.842,5,4.5,mb,,,,,us,usp000170w,2014-11-06T23:24:21.348Z,"18 km WSW of Denio, Nevada",earthquake,,,,,reviewed,us,us
1980-05-02T13:02:29.440Z,46.2151667,-122.19,-0.978,4.8,md,19,72,0.03882,0.27,uw,uw10077138,2018-06-04T20:43:45.000Z,"38 km S of Morton, Washington",earthquake,0.064,0.09,0.05,1,reviewed,uw,uw
1980-05-01T19:27:15.650Z,46.1886667,-122.1991667,-1.143,4.6,md,13,71,0.02627,0.17,uw,uw10076903,2016-07-24T21:27:25.810Z,"36 km NNE of Amboy, Washington",earthquake,0.135,0.19,0.13,1,reviewed,uw,uw
1980-05-01T04:46:15.450Z,46.2066667,-122.1793333,-0.873,4.6,md,15,87,0.04174,0.17,uw,uw10076793,2016-07-24T21:27:23.680Z,"38 km NNE of Amboy, Washington",earthquake,0.028,0.03,0.04,1,reviewed,uw,uw
1980-04-30T07:42:09.200Z,46.2095,-122.1816667,-0.036,4.5,md,13,75,0.04123,0.19,uw,uw10088283,2016-07-24T21:27:19.610Z,"39 km NNE of Amboy, Washington",earthquake,0.858,0.95,0.05,1,reviewed,uw,uw
1980-04-30T05:09:02.530Z,46.2096667,-122.1701667,-0.146,4.9,md,14,63,0.04874,0.08,uw,uw10088188,2018-06-04T20:43:45.000Z,"39 km NNE of Amboy, Washington",earthquake,0.241,0.31,0.04,1,reviewed,uw,uw
1980-04-29T06:22:38.510Z,46.2163333,-122.1833333,-0.87,4.6,md,16,73,0.04334,0.25,uw,uw10087848,2018-06-04T20:43:45.000Z,"38 km S of Morton, Washington",earthquake,0.05,0.07,0.08,1,reviewed,uw,uw
1980-04-29T04:24:30.040Z,46.2143333,-122.1796667,0.176,4.8,md,15,88,0.04456,0.1,uw,uw10087788,2018-06-04T20:43:45.000Z,"38 km S of Morton, Washington",earthquake,0.472,0.6,0.08,1,reviewed,uw,uw
1980-04-28T03:49:33.550Z,46.2083333,-122.1891667,0.847,4.9,md,17,71,0.03599,0.16,uw,uw10087353,2018-06-04T20:43:45.000Z,"38 km NNE of Amboy, Washington",earthquake,0.566,0.71,0.07,1,reviewed,uw,uw
1980-04-27T07:26:21.080Z,46.2105,-122.1786667,-0.797,4.9,md,18,61,0.04353,0.15,uw,uw10087028,2018-06-04T20:43:45.000Z,"39 km NNE of Amboy, Washington",earthquake,0.036,0.04,0.07,1,reviewed,uw,uw
1980-04-26T17:00:00.100Z,37.248,-116.422,0,5.4,mb,,,,,us,usp00016wg,2016-04-01T21:53:25.182Z,"48 km NE of Beatty, Nevada",nuclear explosion,,,,,reviewed,a,us
1980-04-25T23:20:27.900Z,46.257,-122.18,5,5,mb,,,,,us,usp00016w3,2018-06-04T20:43:45.000Z,"34 km SSE of Morton, Washington",earthquake,,,,,reviewed,us,us
1980-04-24T17:34:10.300Z,46.2126667,-122.1825,0.145,4.8,md,19,61,0.04204,0.17,uw,uw10085813,2018-06-04T20:43:45.000Z,"39 km S of Morton, Washington",earthquake,0.531,0.61,0.07,1,reviewed,uw,uw
1980-04-23T15:18:01.010Z,46.2078333,-122.1803333,-0.676,4.5,md,20,60,0.06398,0.2,uw,uw10085288,2016-07-24T21:26:48.750Z,"38 km NNE of Amboy, Washington",earthquake,0.072,0.09,0.1,1,reviewed,uw,uw
1980-04-23T12:30:53.100Z,46.26,-122.012,5,4.5,mb,,,,,us,usp00016u3,2018-06-04T20:43:45.000Z,"38 km SSE of Morton, Washington",earthquake,,,,,reviewed,us,us
1980-04-22T19:28:18.710Z,46.2026667,-122.182,-0.523,5,md,21,57,0.03886,0.18,uw,uw10084513,2018-06-04T20:43:45.000Z,"38 km NNE of Amboy, Washington",earthquake,0.439,0.62,0.07,1,reviewed,uw,uw
1980-04-21T15:13:54.630Z,46.2083333,-122.1738333,-0.679,4.8,md,16,61,0.05919,0.1,uw,uw10083803,2018-06-04T20:43:45.000Z,"39 km NNE of Amboy, Washington",earthquake,0.042,0.05,0.13,1,reviewed,uw,uw
1980-04-20T19:19:32.870Z,46.2106667,-122.1785,0.637,5.1,md,21,61,0.04371,0.21,uw,uw10083418,2018-06-04T20:43:45.000Z,"39 km NNE of Amboy, Washington",earthquake,0.509,0.56,0.08,1,reviewed,uw,uw
1980-04-19T22:28:28.200Z,46.2098333,-122.1811667,0.838,4.8,md,19,60,0.04168,0.18,uw,uw10082908,2018-06-04T20:43:45.000Z,"39 km NNE of Amboy, Washington",earthquake,0.516,0.74,0.13,1,reviewed,uw,uw
1980-04-18T22:27:14.480Z,46.2081667,-122.1778333,1.067,4.6,md,19,60,0.04322,0.16,uw,uw10082448,2018-06-04T20:43:45.000Z,"39 km NNE of Amboy, Washington",earthquake,0.524,0.52,0.09,1,reviewed,uw,uw
1980-04-18T21:16:02.120Z,46.208,-122.1825,-0.223,5,md,22,59,0.04013,0.19,uw,uw10082403,2018-06-04T20:43:45.000Z,"38 km NNE of Amboy, Washington",earthquake,0.46,0.73,0.09,1,reviewed,uw,uw
1980-04-18T00:53:40.440Z,46.2131667,-122.1835,-0.803,4.7,md,23,61,0.04166,0.21,uw,uw10081973,2018-06-04T20:43:45.000Z,"39 km S of Morton, Washington",earthquake,0.042,0.08,0.08,1,reviewed,uw,uw
1980-04-17T17:43:22.580Z,46.2131667,-122.186,-0.263,5,md,20,62,0.04014,0.16,uw,uw10081828,2018-06-04T20:43:45.000Z,"38 km S of Morton, Washington",earthquake,0.382,0.56,0.11,1,reviewed,uw,uw
1980-04-17T04:26:15.940Z,46.2076667,-122.1816667,-0.183,4.7,md,20,59,0.04055,0.2,uw,uw10081653,2016-07-24T21:26:15.710Z,"38 km NNE of Amboy, Washington",earthquake,0.446,0.75,0.12,1,reviewed,uw,uw
1980-04-16T20:00:00.100Z,37.101,-116.031,0,5.3,mb,,,,,us,usp00016pb,2016-04-02T14:05:59.234Z,"65 km SSW of Rachel, Nevada",explosion,,,,,reviewed,a,us
1980-04-16T15:40:23.540Z,46.2136667,-122.1761667,2.363,4.6,md,24,63,0.04642,0.22,uw,uw10081488,2018-06-04T20:43:45.000Z,"39 km S of Morton, Washington",earthquake,0.057,0.09,0.11,1,reviewed,uw,uw
1980-04-16T15:22:05.540Z,46.2118333,-122.186,-0.897,4.8,md,25,60,0.0395,0.2,uw,uw10081453,2018-06-04T20:43:45.000Z,"39 km NNE of Amboy, Washington",earthquake,0.042,0.07,0.09,1,reviewed,uw,uw
1980-04-15T17:54:54.160Z,46.2128333,-122.181,-0.517,5,md,22,62,0.04305,0.27,uw,uw10081238,2018-06-04T20:43:45.000Z,"39 km S of Morton, Washington",earthquake,0.608,0.87,0.08,1,reviewed,uw,uw
1980-04-15T06:58:22.280Z,46.2106667,-122.2008333,0.783,4.7,md,22,57,0.06416,0.36,uw,uw10081028,2018-06-04T20:43:45.000Z,"Washington",earthquake,0.907,1.02,0.13,1,reviewed,uw,uw
1980-04-15T00:37:05.370Z,46.2086667,-122.1838333,1.477,4.5,md,16,59,0.03952,0.22,uw,uw10080973,2016-07-24T21:26:07.490Z,"38 km NNE of Amboy, Washington",earthquake,0.072,0.14,0.11,1,reviewed,uw,uw
1980-04-14T13:49:03.760Z,46.2035,-122.1973333,0.515,5.2,md,21,55,0.0289,0.19,uw,uw10080808,2018-06-04T20:43:45.000Z,"37 km NNE of Amboy, Washington",earthquake,0.042,0.05,0.13,1,reviewed,uw,uw
1980-04-14T06:59:22.380Z,46.2095,-122.1921667,1.083,4.9,md,23,58,0.03462,0.26,uw,uw10080568,2018-06-04T20:43:45.000Z,"38 km NNE of Amboy, Washington",earthquake,0.729,0.74,0.12,1,reviewed,uw,uw
1980-04-13T18:58:21.630Z,46.2098333,-122.1833333,-0.728,4.9,md,21,60,0.05968,0.15,uw,uw10080288,2016-07-24T21:26:00.160Z,"39 km NNE of Amboy, Washington",earthquake,0.014,0.02,0.04,1,reviewed,uw,uw
1980-04-13T17:35:41.650Z,46.2036667,-122.1931667,-0.785,4.5,md,21,56,0.03168,0.2,uw,uw10080253,2016-07-24T21:25:59.880Z,"38 km NNE of Amboy, Washington",earthquake,0.46,0.61,0.04,1,reviewed,uw,uw
1980-04-13T08:36:18.750Z,46.2115,-122.1803333,1.003,4.8,md,21,61,0.04288,0.15,uw,uw10080038,2018-06-04T20:43:45.000Z,"39 km S of Morton, Washington",earthquake,0.396,0.4,0.08,1,reviewed,uw,uw
1980-04-13T06:15:56.300Z,36.7856667,-121.509,8.169,4.7,ml,89,43,0.03153,0.15,nc,nc1052105,2018-06-04T20:43:45.000Z,"7 km SSE of San Juan Bautista, California",earthquake,0.22,0.42,,0,reviewed,nc,nc
1980-04-12T22:29:12.020Z,46.2185,-122.1978333,0.984,4.6,md,20,60,0.03664,0.23,uw,uw10079868,2016-07-24T21:25:55.740Z,"38 km S of Morton, Washington",earthquake,0.05,0.07,0.07,1,reviewed,uw,uw
1980-04-12T05:16:22.210Z,46.2165,-122.1745,-0.877,4.7,md,24,63,0.04874,0.28,uw,uw10079688,2016-07-24T21:25:53.840Z,"38 km SSE of Morton, Washington",earthquake,0.092,0.11,0.1,1,reviewed,uw,uw
1980-04-11T23:51:59.860Z,46.2081667,-122.168,-0.907,5,md,22,63,0.0497,0.24,uw,uw10079573,2018-06-04T20:43:45.000Z,"39 km NNE of Amboy, Washington",earthquake,0.064,0.08,0.11,1,reviewed,uw,uw
1980-04-11T04:45:22.020Z,46.2183333,-122.1778333,1.063,4.7,md,21,64,0.04764,0.21,uw,uw10079038,2016-07-24T21:25:44.640Z,"38 km S of Morton, Washington",earthquake,0.65,0.63,0.13,1,reviewed,uw,uw
1980-04-10T14:16:15.120Z,46.2086667,-122.1831667,-0.887,4.7,md,25,47,0.03994,0.4,uw,uw10078648,2018-06-04T20:43:45.000Z,"38 km NNE of Amboy, Washington",earthquake,0.064,0.1,0.09,1,reviewed,uw,uw
1980-04-10T00:44:15.510Z,46.2216667,-122.1845,-0.907,4.9,md,26,61,0.04574,0.25,uw,uw10078448,2018-06-04T20:43:45.000Z,"38 km S of Morton, Washington",earthquake,0.042,0.06,0.06,1,reviewed,uw,uw
1980-04-10T00:25:47.890Z,46.2146667,-122.168,-0.935,4.8,md,18,65,0.05199,0.22,uw,uw10078418,2016-07-24T21:25:39.820Z,"39 km SSE of Morton, Washington",earthquake,0.117,0.16,0.08,1,reviewed,uw,uw
1980-04-09T18:19:26.900Z,46.214,-122.1725,-0.844,4.7,md,12,102,0.1908,0.17,uw,uw10078363,2018-06-04T20:43:45.000Z,"39 km SSE of Morton, Washington",earthquake,0.103,1.37,0.13,1,reviewed,uw,uw
1980-04-09T10:13:19.820Z,46.1921667,-122.1845,-0.902,4.7,md,15,84,0.03604,0.34,uw,uw10078313,2018-06-04T20:43:45.000Z,"37 km NNE of Amboy, WA",earthquake,0.184,0.21,0.12,1,reviewed,uw,uw
1980-04-09T09:01:44.220Z,46.202,-122.1836667,1.16,4.5,md,19,57,0.03757,0.23,uw,uw10078288,2016-07-24T21:25:37.970Z,"38 km NNE of Amboy, Washington",earthquake,0.722,0.81,0.12,1,reviewed,uw,uw
1980-04-08T19:29:02.910Z,46.2098333,-122.1958333,-0.561,5.1,md,19,63,0.03255,0.39,uw,uw10077923,2016-07-24T21:25:35.450Z,"38 km NNE of Amboy, Washington",earthquake,1.374,1.85,0.07,1,reviewed,uw,uw
1980-04-08T06:07:04.520Z,46.2058333,-122.1801667,-0.605,4.8,md,16,59,0.06277,0.14,uw,uw10077733,2018-06-04T20:43:45.000Z,"38 km NNE of Amboy, Washington",earthquake,0.432,0.64,0.05,1,reviewed,uw,uw
1980-04-08T00:13:41.800Z,39.499,-119.178,5,4.7,ml,,,,,us,usp00016gk,2018-06-04T20:43:45.000Z,"10 km NNE of Silver Springs, Nevada",earthquake,,,,,reviewed,us,brk
1980-04-07T15:05:32.700Z,46.2171667,-122.1816667,2.732,5.1,md,15,72,0.09119,0.24,uw,uw10077483,2018-06-04T20:43:45.000Z,"38 km S of Morton, Washington",earthquake,1.018,8.13,0.14,1,reviewed,uw,uw
1980-04-07T06:45:18.910Z,46.213,-122.1823333,-0.752,4.8,md,20,61,0.0423,0.29,uw,uw10077303,2018-06-04T20:43:45.000Z,"39 km S of Morton, Washington",earthquake,0.072,0.09,0.06,1,reviewed,uw,uw
1980-04-06T06:58:04.310Z,46.2105,-122.1871667,-0.776,5.1,md,18,59,0.03817,0.29,uw,uw10077058,2018-06-04T20:43:45.000Z,"38 km NNE of Amboy, Washington",earthquake,0.05,0.07,0.05,1,reviewed,uw,uw
1980-04-05T16:42:05.530Z,46.2156667,-122.1998333,1.136,4.7,md,20,48,0.03371,0.48,uw,uw10076998,2018-06-04T20:43:45.000Z,"38 km S of Morton, Washington",earthquake,0.106,0.13,0.11,1,reviewed,uw,uw
1980-04-05T13:46:55.910Z,46.2061667,-122.1998333,0.906,4.5,md,14,81,0.02837,0.22,uw,uw10076983,2016-07-24T21:25:22.710Z,"38 km NNE of Amboy, Washington",earthquake,0.786,0.91,0.03,1,reviewed,uw,uw
1980-04-04T21:40:44.700Z,46.2216667,-122.1855,-0.376,4.9,md,20,64,0.04519,0.18,uw,uw10076833,2016-07-24T21:25:20.790Z,"38 km S of Morton, Washington",earthquake,0.028,0.04,0.05,1,reviewed,uw,uw
1980-04-04T13:45:05.690Z,46.2086667,-122.181,-0.027,4.9,md,16,60,0.04134,0.18,uw,uw10076803,2018-06-04T20:43:45.000Z,"39 km NNE of Amboy, Washington",earthquake,0.532,0.75,0.12,1,reviewed,uw,uw
1980-04-03T23:57:51.930Z,46.2123333,-122.1865,-0.886,5,md,20,60,0.03943,0.36,uw,uw10076748,2018-06-04T20:43:45.000Z,"39 km S of Morton, Washington",earthquake,0.071,0.11,0.07,1,reviewed,uw,uw
1980-04-03T23:40:21.500Z,25.306,-109.768,15,4.8,mb,,,,,us,usp00016ec,2014-11-06T23:24:19.940Z,"67 km SW of Campo Pesquero el Colorado, Mexico",earthquake,,,,,reviewed,us,us
1980-04-03T14:00:00.100Z,37.15,-116.082,0,4.7,mb,,,,,us,usp00016e1,2016-04-02T10:54:10.018Z,"62 km SSW of Rachel, Nevada",nuclear explosion,,,,,reviewed,a,us
1980-04-03T09:35:26.880Z,46.2268333,-122.1718333,-0.886,5.1,md,18,69,0.04099,0.35,uw,uw10076633,2018-06-04T20:43:45.000Z,"Washington",earthquake,0.057,0.09,0.06,1,reviewed,uw,uw
1980-04-03T02:43:19.370Z,46.2083333,-122.189,-0.876,4.8,md,20,57,0.03609,0.29,uw,uw10076588,2018-06-04T20:43:45.000Z,"Washington",earthquake,0.05,0.08,0.06,1,reviewed,uw,uw
1980-04-02T18:48:20.660Z,46.2078333,-122.1826667,-0.825,4.6,md,20,59,0.03996,0.23,uw,uw10076538,2016-07-24T21:25:16.050Z,"38 km NNE of Amboy, Washington",earthquake,0.042,0.06,0.06,1,reviewed,uw,uw
1980-04-02T09:37:12.960Z,46.2095,-122.1911667,-0.887,4.9,md,21,58,0.03524,0.31,uw,uw10076518,2018-06-04T20:43:45.000Z,"38 km NNE of Amboy, Washington",earthquake,0.057,0.11,0.07,1,reviewed,uw,uw
1980-04-01T23:14:38.560Z,46.2085,-122.1933333,-0.508,4.9,md,22,86,0.06361,0.29,uw,uw10076483,2018-06-04T20:43:45.000Z,"38 km NNE of Amboy, Washington",earthquake,0.714,1.02,0.05,1,reviewed,uw,uw
1980-04-01T12:30:46.670Z,46.2081667,-122.1818333,0.363,4.9,md,20,60,0.04062,0.19,uw,uw10076398,2018-06-04T20:43:45.000Z,"Washington",earthquake,0.447,0.49,0.11,1,reviewed,uw,uw
1980-04-01T08:54:25.420Z,46.213,-122.1871667,-0.675,4.9,md,21,82,0.05773,0.21,uw,uw10076383,2018-06-04T20:43:45.000Z,"38 km S of Morton, Washington",earthquake,0.028,0.05,0.05,1,reviewed,uw,uw
1980-04-01T04:24:30.570Z,46.2153333,-122.1798333,-1.084,4.9,md,15,63,0.04493,0.27,uw,uw10076353,2018-06-04T20:43:45.000Z,"38 km S of Morton, Washington",earthquake,0.156,0.26,0.07,1,reviewed,uw,uw
1980-03-31T14:49:01.210Z,46.2151667,-122.1906667,-0.897,4.5,md,22,60,0.03844,0.29,uw,uw10079578,2016-07-24T21:25:11.960Z,"38 km S of Morton, Washington",earthquake,0.036,0.05,0.04,1,reviewed,uw,uw
1980-03-31T11:34:09.840Z,46.2101667,-122.1936667,-0.897,4.6,md,20,85,0.03403,0.33,uw,uw10079533,2018-06-04T20:43:45.000Z,"38 km NNE of Amboy, Washington",earthquake,0.05,0.07,0.05,1,reviewed,uw,uw
1980-03-31T07:49:42.020Z,46.2096667,-122.1883333,-0.793,4.7,md,13,81,0.03708,0.11,uw,uw10079513,2016-07-24T21:25:11.020Z,"38 km NNE of Amboy, Washington",earthquake,0.014,0.02,0.03,1,reviewed,uw,uw
1980-03-31T02:44:06.130Z,46.2076667,-122.1935,0.074,4.5,md,17,57,0.03298,0.2,uw,uw10079473,2016-07-24T21:25:10.590Z,"38 km NNE of Amboy, Washington",earthquake,0.594,0.75,0.05,1,reviewed,uw,uw
1980-03-30T22:47:11.760Z,46.2105,-122.195,-0.897,4.7,md,18,53,0.03339,0.24,uw,uw10079448,2016-07-24T21:25:10.250Z,"38 km NNE of Amboy, Washington",earthquake,0.042,0.06,0.04,1,reviewed,uw,uw
1980-03-30T17:55:10.050Z,46.2083333,-122.183,-0.787,4.6,md,18,58,0.03993,0.25,uw,uw10079418,2018-06-04T20:43:45.000Z,"38 km NNE of Amboy, Washington",earthquake,0.728,1.05,0.04,1,reviewed,uw,uw
1980-03-30T13:32:25.330Z,46.2103333,-122.1931667,-0.907,4.6,md,16,54,0.03441,0.21,uw,uw10079343,2016-07-24T21:25:09.550Z,"38 km NNE of Amboy, Washington",earthquake,0.028,0.05,0.04,1,reviewed,uw,uw
1980-03-30T09:16:53.150Z,46.2035,-122.1931667,1.095,4.5,md,14,64,0.03163,0.16,uw,uw10079278,2016-07-24T21:25:08.860Z,"38 km NNE of Amboy, Washington",earthquake,0.028,0.04,0.05,1,reviewed,uw,uw
1980-03-29T15:05:24.780Z,46.2023333,-122.1865,-0.542,4.5,md,12,103,0.06748,0.2,uw,uw10078993,2016-07-24T21:25:05.890Z,"38 km NNE of Amboy, Washington",earthquake,0.791,0.88,0.04,1,reviewed,uw,uw
1980-03-28T08:28:25.610Z,46.2141667,-122.178,-0.907,4.9,md,17,53,0.04551,0.42,uw,uw10078598,2016-07-24T21:25:02.000Z,"38 km S of Morton, Washington",earthquake,0.064,0.1,0.03,1,reviewed,uw,uw
1980-03-27T22:00:05.430Z,46.2148333,-122.194,-0.847,4.7,md,17,58,0.03636,0.3,uw,uw10078473,2018-06-04T20:43:45.000Z,"38 km S of Morton, Washington",earthquake,0.846,1.23,0.04,1,reviewed,uw,uw
1980-03-18T12:26:11.000Z,29.8471667,-113.818,6,4.54,ml,13,331,2.771,44.51,ci,ci10075182,2016-04-02T10:56:37.576Z,"284km SSE of Estacion Coahuila, B.C., MX",earthquake,99,31.61,0.356,7,reviewed,ci,ci
1980-03-18T12:25:35.300Z,30.169,-113.966,15,4.8,mb,,,,,us,usp000162r,2014-11-06T23:24:19.278Z,"126 km WNW of La Libertad, Mexico",earthquake,,,,,reviewed,us,us
1980-02-25T10:47:38.410Z,33.4753333,-116.4996667,19.41,5.34,ml,88,33,,0.45,ci,ci3326333,2022-04-28T01:45:25.296Z,"18km ESE of Anza, CA",earthquake,0.6,0.91,0.271,10,reviewed,ci,ci
1980-02-22T10:18:27.700Z,44.808,-110.9,1,4.5,mb,,,,,us,usp00015m7,2018-06-04T20:43:45.000Z,"22 km NE of West Yellowstone, Montana",earthquake,,,,,reviewed,gl,us
1980-01-27T02:33:35.340Z,37.749,-121.7063333,14.166,5.4,ml,82,102,0.07658,0.1,nc,nc1050437,2022-04-28T01:48:54.321Z,"9 km NE of Livermore, California",earthquake,0.18,0.33,,0,reviewed,nc,nc
1980-01-25T05:24:35.740Z,37.8683333,-121.7803333,9.294,4.6,ml,22,180,0.06036,0.07,nc,nc1050206,2018-06-04T20:43:45.000Z,"10 km SW of Brentwood, California",earthquake,0.36,1.15,,0,reviewed,nc,nc
1980-01-24T19:03:18.440Z,37.8341667,-121.781,3.682,4.8,ml,8,161,0.1135,0.21,nc,nc1050043,2018-06-04T20:43:45.000Z,"11 km E of Blackhawk, California",earthquake,0.81,1.76,,0,reviewed,nc,nc
1980-01-24T19:01:01.540Z,37.811,-121.775,6.523,5.1,ml,9,149,0.02252,0.21,nc,nc1050041,2018-06-04T20:43:45.000Z,"11 km E of Blackhawk, California",earthquake,0.85,1.41,,0,reviewed,nc,nc
1980-01-24T19:00:08.580Z,37.84,-121.7678333,14.488,5.8,ml,83,69,0.04054,0.13,nc,nc1050040,2025-07-01T23:16:21.425Z,"The 1980 Livermore, California Earthquake",earthquake,0.22,0.35,,0,reviewed,nc,nc
1979-12-21T20:40:22.440Z,32.4408333,-115.221,15,4.75,ml,66,204,,0.68,ci,ci10067842,2020-07-09T21:09:34.244Z,"10km NNW of Delta, B.C., MX",earthquake,2.53,31.61,0.239,14,reviewed,ci,ci
1979-10-24T15:23:51.450Z,40.4631667,-124.6458333,26.207,4.5,ml,28,248,0.2829,0.05,nc,nc1048463,2018-06-04T20:43:45.000Z,"34 km WSW of Ferndale, California",earthquake,0.92,1.31,,0,reviewed,nc,nc
1979-10-17T22:45:33.900Z,33.0545,-115.522,10,4.62,ml,51,45,0.02545,0.51,ci,ci12281947,2022-04-27T14:52:20.740Z,"8km S of Calipatria, CA",earthquake,0.77,31.61,0.235,15,reviewed,ci,ci
1979-10-16T23:16:32.120Z,33.0446667,-115.5273333,10,4.92,ml,75,47,,0.58,ci,ci3352470,2022-04-27T14:52:07.218Z,"7km N of Brawley, CA",earthquake,0.81,31.61,0.287,16,reviewed,ci,ci
1979-10-16T11:46:55.870Z,32.9298333,-115.589,10,4.7,ml,79,73,,0.61,ci,ci3352292,2018-06-04T20:43:45.000Z,"8km SW of Brawley, CA",earthquake,0.93,31.61,0.318,8,reviewed,ci,ci
1979-10-16T06:58:43.450Z,32.9986667,-115.5575,14.19,5.8,ml,7,79,0.05768,0.17,ci,ci3310205,2022-04-27T14:51:22.762Z,"3km NW of Brawley, CA",earthquake,1.03,1.78,,0,reviewed,ci,ci
1979-10-16T06:55:23.850Z,32.992,-115.5603333,10,4.54,ml,40,62,0.05774,0.4,ci,ci3352203,2018-06-04T20:43:45.000Z,"3km WNW of Brawley, CA",earthquake,0.62,31.61,0.32,8,reviewed,ci,ci
1979-10-16T06:19:49.490Z,32.9478333,-115.5478333,10,5.04,ml,35,71,0.09241,0.42,ci,ci3352194,2022-04-27T14:51:17.571Z,"4km SSW of Brawley, CA",earthquake,0.84,31.61,0.22,7,reviewed,ci,ci
1979-10-16T05:49:10.830Z,32.9536667,-115.5595,10,5.06,ml,75,69,,0.57,ci,ci3352186,2018-06-04T20:43:45.000Z,"4km SW of Brawley, CA",earthquake,0.81,31.61,0.43,8,reviewed,ci,ci
1979-10-16T03:39:34.830Z,32.9568333,-115.5793333,10,4.58,ml,65,75,0.06897,0.6,ci,ci12264523,2018-06-04T20:43:45.000Z,"5km WSW of Brawley, CA",earthquake,0.98,31.61,0.337,8,reviewed,ci,ci
1979-10-16T03:10:47.740Z,32.9546667,-115.5645,10,4.5,ml,48,75,0.07803,0.49,ci,ci3352140,2018-06-04T20:43:45.000Z,"4km SW of Brawley, CA",earthquake,0.83,31.61,0.29,8,reviewed,ci,ci
1979-10-16T01:00:14.430Z,32.8808333,-115.5105,10,4.59,ml,20,135,0.06548,0.39,ci,ci3352106,2018-06-04T20:43:45.000Z,"7km NE of Imperial, CA",earthquake,1.36,31.61,0.353,8,reviewed,ci,ci
1979-10-15T23:19:29.980Z,32.766,-115.441,9.25,5.2,mh,0,,0.9534,,ci,ci9712718,2018-06-04T20:43:45.000Z,"8km SW of Holtville, CA",earthquake,,,,,reviewed,ci,ci
1979-10-15T23:16:53.910Z,32.6673333,-115.3591667,15,6.4,mw,78,168,,0.5,ci,ci3352060,2024-09-14T00:39:23.841Z,"The 1979 Imperial Valley Earthquake, California-Baja California",earthquake,1.26,31.61,0.288,2,reviewed,ci,ci
1979-10-08T03:34:23.810Z,38.2686667,-119.3373333,18.147,4.6,ml,253,49,0.4892,0.46,nc,nc1048196,2018-06-04T20:43:45.000Z,"9 km W of Bridgeport, California",earthquake,0.4,0.64,,0,reviewed,nc,nc
1979-10-07T20:54:40.750Z,38.2481667,-119.3256667,3.053,5,ml,12,139,0.473,0.06,nc,nc1048177,2018-06-04T20:43:45.000Z,"8 km W of Bridgeport, California",earthquake,0.53,9.15,,0,reviewed,nc,nc
1979-09-26T15:00:00.100Z,37.229,-116.364,0,5.6,mb,,,,,us,usp000134x,2016-04-02T10:43:36.068Z,"50 km NE of Beatty, Nevada",nuclear explosion,,,,,reviewed,a,us
1979-09-06T15:00:00.100Z,37.088,-116.053,0,5.8,mb,,,,,us,usp00012tq,2016-04-02T17:03:15.638Z,"65 km ENE of Beatty, Nevada",nuclear explosion,,,,,reviewed,a,us
1979-08-29T15:08:00.200Z,37.121,-116.066,0,4.7,mb,,,,,us,usp00012pw,2016-04-02T04:10:34.274Z,"64 km SSW of Rachel, Nevada",nuclear explosion,,,,,reviewed,a,us
1979-08-19T22:49:31.000Z,47.64,-69.959,18,4.6,mb,,,,,us,usp00012hb,2020-04-16T20:25:05.935Z,"14 km E of La Malbaie, Canada",earthquake,,,,,reviewed,o,us
1979-08-17T11:42:57.800Z,25.994,-109.647,15,4.7,mb,,,,,us,usp00012fy,2014-11-06T23:22:04.845Z,"32 km W of El Aguajito, Mexico",earthquake,,,,,reviewed,us,us
1979-08-08T15:00:00.100Z,37.015,-116.008,0,4.8,mb,,,,,us,usp000129x,2016-04-02T00:55:34.890Z,"57 km NNW of Indian Springs, Nevada",nuclear explosion,,,,,reviewed,a,us
1979-08-06T17:05:22.930Z,37.1038333,-121.5123333,8.315,5.8,ml,95,97,0.05225,0.06,nc,nc1046962,2025-07-08T16:32:36.173Z,"The 1979 Coyote Lake, California Earthquake",earthquake,0.15,0.36,,0,reviewed,nc,nc
1979-08-03T15:07:30.200Z,37.083,-116.07,0,4.5,mb,,,,,us,usp000127c,2016-04-02T17:06:17.339Z,"64 km ENE of Beatty, Nevada",nuclear explosion,,,,,reviewed,a,us
1979-07-10T14:02:34.100Z,24.935,-108.471,15,4.7,mb,,,,,us,usp00011t4,2014-11-06T23:22:03.762Z,"38 km WSW of Costa Azul, Mexico",earthquake,,,,,reviewed,us,us
1979-06-30T00:34:11.590Z,34.2415,-116.8823333,12.55,4.83,ml,101,31,,0.38,ci,ci3350295,2020-07-09T21:35:49.701Z,"3km E of Big Bear Lake, CA",earthquake,0.48,0.72,0.309,8,reviewed,ci,ci
1979-06-28T14:44:00.200Z,37.142,-116.088,0,5,mb,,,,,us,usp00011kn,2016-04-02T07:25:38.410Z,"63 km SSW of Rachel, Nevada",nuclear explosion,,,,,reviewed,e,us
1979-06-14T07:39:28.100Z,35.7358333,-117.9743333,5.77,4.54,ml,98,91,,0.43,ci,ci3349792,2020-07-09T21:35:18.782Z,"18km NW of Inyokern, CA",earthquake,0.52,1.24,0.172,9,reviewed,ci,ci
1979-06-11T14:00:00.200Z,37.29,-116.455,0,5.5,mb,,,,,us,usp000117a,2016-02-01T23:08:45.420Z,"50 km NNE of Beatty, Nevada",nuclear explosion,,,,,reviewed,e,us
1979-05-08T05:11:07.320Z,37.2926667,-121.6635,7.083,4.8,ml,76,67,0.03604,0.06,nc,nc1045698,2020-07-10T14:16:41.595Z,"15 km E of Seven Trees, California",earthquake,0.17,0.35,,0,reviewed,nc,nc
1979-05-08T00:58:44.800Z,44.747,-111.382,5,4.6,ml,,,,,us,usp00010gn,2019-05-01T20:54:14.717Z,"15 km W of Hebgen Lake Estates, Montana",earthquake,,,,,reviewed,us,gs
1979-04-07T06:18:54.620Z,41.1228333,-124.994,4.496,5.34,md,10,318,0.7685,0.13,nc,nc1045303,2016-12-16T00:59:24.906Z,"71 km W of Trinidad, California",earthquake,10.35,13.58,,1,reviewed,nc,nc
1979-04-05T12:27:30.800Z,26.424,-110.78,15,4.7,mb,,,,,us,usp0000zur,2014-11-06T23:21:59.568Z,"72 km NE of Loreto, Mexico",earthquake,,,,,reviewed,us,us
1979-03-31T21:37:00.070Z,31.9748333,-117.2968333,6,4.6,ml,68,247,,0.49,ci,ci3348066,2016-04-02T17:05:50.353Z,"45km SW of Primo Tapia, B.C., MX",earthquake,1.59,31.61,0.218,8,reviewed,ci,ci
1979-03-23T18:11:54.400Z,26.472,-110.859,15,4.6,mb,,,,,us,usp0000zmm,2014-11-06T23:21:59.055Z,"70 km NE of Loreto, Mexico",earthquake,,,,,reviewed,us,us
1979-03-23T17:21:55.400Z,26.74,-110.806,15,5.6,ms,,,,,us,usp0000zmk,2022-04-27T15:12:45.332Z,"76 km SSW of Bahía de Lobos, Mexico",earthquake,,,,,reviewed,us,us
1979-03-15T23:07:57.640Z,34.3436667,-116.407,2,4.77,ml,93,72,,0.51,ci,ci3346693,2018-06-04T20:43:45.000Z,"25km NNW of Joshua Tree, CA",earthquake,0.71,31.61,0.295,8,reviewed,ci,ci
1979-03-15T21:07:16.780Z,34.3258333,-116.416,9.27,5.23,ml,110,59,,0.41,ci,ci3346646,2022-04-27T15:12:06.984Z,"23km NNW of Joshua Tree, CA",earthquake,0.54,0.82,0.288,9,reviewed,ci,ci
1979-03-15T20:17:50.280Z,34.305,-116.4125,8.26,4.83,ml,113,52,,0.42,ci,ci3346630,2022-04-27T15:12:01.581Z,"21km NNW of Joshua Tree, CA",earthquake,0.51,0.84,0.311,9,reviewed,ci,ci
1979-02-22T22:53:18.900Z,27.696,-112.374,15,5.3,mb,,,,,us,usp0000yyz,2022-04-27T15:15:19.705Z,"40 km NNW of Santa Rosalía, Mexico",earthquake,,,,,reviewed,us,us
1979-02-22T15:57:28.600Z,39.9861667,-120.1126667,7.08,5.3,ml,46,77,0.1838,0.13,nc,nc1044768,2022-04-27T15:15:17.433Z,"4 km S of Doyle, California",earthquake,0.29,0.66,,0,reviewed,nc,nc
1979-02-15T18:05:00.200Z,37.152,-116.072,0,4.8,mb,,,,,us,usp0000yve,2016-04-02T10:47:40.558Z,"61 km SSW of Rachel, Nevada",nuclear explosion,,,,,reviewed,a,us
1979-02-08T20:00:00.100Z,37.102,-116.055,0,5.5,mb,,,,,us,usp0000yrh,2016-04-02T07:22:56.148Z,"66 km SSW of Rachel, Nevada",nuclear explosion,,,,,reviewed,a,us
1979-02-03T09:58:16.990Z,40.874,-124.3248333,23.592,5.2,ml,15,236,0.1793,0.08,nc,nc1044459,2020-07-10T14:16:18.281Z,"13 km WNW of Samoa, California",earthquake,1.45,0.93,,0,reviewed,nc,nc
1979-01-24T21:14:26.740Z,37.5351667,-118.5918333,16.879,4.6,ml,47,178,0.4793,0.19,nc,nc1044335,2018-06-04T20:43:45.000Z,"5 km NE of Swall Meadows, California",earthquake,0.63,0.5,,0,reviewed,nc,nc
1979-01-24T18:00:00.100Z,37.104,-116.012,0,4.5,mb,,,,,us,usp0000yjw,2016-04-02T00:56:47.158Z,"64 km SSW of Rachel, Nevada",nuclear explosion,,,,,reviewed,a,us
1979-01-20T05:29:49.700Z,24.648,-112.421,15,4.5,mb,,,,,us,usp0000ygx,2014-11-06T23:21:55.907Z,"35 km WSW of Puerto San Carlos, Mexico",earthquake,,,,,reviewed,us,us
1979-01-01T23:14:38.620Z,33.9165,-118.6871667,13.3,5.21,ml,93,54,,0.43,ci,ci12228815,2020-07-09T21:11:34.437Z,"13km S of Malibu Beach, CA",earthquake,0.7,0.91,0.387,8,reviewed,ci,ci
1978-12-16T15:30:00.200Z,37.273,-116.41,0,5.5,mb,,,,,us,usp0000xya,2016-02-01T21:54:48.090Z,"50 km NE of Beatty, Nevada",nuclear explosion,,,,,reviewed,a,us
1978-12-10T06:39:55.300Z,25.607,-109.643,15,5.3,mb,,,,,us,usp0000xvb,2022-04-27T14:43:58.987Z,"36 km WSW of Campo Pesquero el Colorado, Mexico",earthquake,,,,,reviewed,us,us
1978-11-30T06:53:40.100Z,42.11,-112.494,4,4.6,mb,,,,,us,usp0000xpr,2018-06-04T20:43:45.000Z,"22 km WSW of Malad City, Idaho",earthquake,,,,,reviewed,u,us
1978-11-29T14:37:40.300Z,30.177,-113.956,15,5.4,mb,,,,,us,usp0000xp2,2016-11-10T00:05:07.781Z,"125 km WNW of La Libertad, Mexico",earthquake,,,,,reviewed,us,us
1978-11-26T07:44:02.300Z,27.989,-111.511,15,5.4,ms,,,,,us,usp0000xmv,2022-04-27T15:22:26.555Z,"46 km W of San Carlos, Mexico",earthquake,,,,,reviewed,us,us
1978-11-18T19:00:00.000Z,37.126,-116.084,0,5.1,mb,,,,,us,usp0000xgv,2016-02-01T21:54:22.780Z,"64 km ENE of Beatty, Nevada",nuclear explosion,,,,,reviewed,a,us
1978-10-06T21:26:33.420Z,40.4688333,-124.4355,24.949,4.6,ml,15,250,0.136,0.05,nc,nc1042626,2020-07-10T14:16:06.251Z,"18 km SW of Ferndale, California",earthquake,1.81,0.82,,0,reviewed,nc,nc
1978-10-05T01:17:46.840Z,37.5271667,-118.6561667,2.649,4.6,ml,7,287,0.5126,0.06,nc,nc1042610,2016-12-15T22:00:47.384Z,"2 km NNW of Swall Meadows, California",earthquake,3.01,9.26,,0,reviewed,nc,nc
1978-10-04T17:39:02.460Z,37.5528333,-118.6553333,15.629,5.1,ml,160,89,0.491,0.4,nc,nc1042593,2018-06-04T20:43:45.000Z,"2 km SE of Sunny Slopes, California",earthquake,0.4,0.74,,0,reviewed,nc,nc
1978-10-04T16:42:47.750Z,37.5188333,-118.7038333,3.078,5.18,md,29,174,0.5405,0.2,nc,nc1042591,2022-04-27T15:23:42.313Z,"4 km SSE of Aspen Springs, California",earthquake,1.16,15.3,0.33,5,reviewed,nc,nc
1978-09-27T17:20:00.000Z,37.07,-116.019,0,5.7,mb,,,,,us,usp0000wry,2016-02-01T22:45:07.130Z,"63 km NNW of Indian Springs, Nevada",nuclear explosion,,,,,reviewed,a,us
1978-09-27T17:00:00.000Z,37.08,-116.05,0,5,mb,,,,,us,usp0000wrw,2016-02-01T21:53:22.830Z,"65 km ENE of Beatty, Nevada",nuclear explosion,,,,,reviewed,a,us
1978-09-13T15:15:00.200Z,37.209,-116.211,0,4.6,mb,,,,,us,usp0000whg,2016-02-01T22:09:53.770Z,"59 km NE of Beatty, Nevada",nuclear explosion,,,,,reviewed,a,us
1978-09-04T21:54:53.350Z,38.795,-119.7888333,4.607,4.5,md,35,110,0.1432,0.07,nc,nc1042087,2020-07-10T14:15:44.588Z,"1 km SSE of Mesa Vista, California",earthquake,0.29,0.94,0.24,31,reviewed,nc,nc
1978-08-31T14:00:00.200Z,37.275,-116.357,0,5.6,mb,,,,,us,usp0000w9y,2016-02-01T21:18:28.880Z,"54 km NE of Beatty, Nevada",nuclear explosion,,,,,reviewed,a,us
1978-08-24T15:37:18.500Z,26.427,-110.36,33,4.9,mb,,,,,us,usp0000w6t,2014-11-06T23:21:51.641Z,"76 km SW of Pozo Dulce, Mexico",earthquake,,,,,reviewed,us,us
1978-08-24T15:00:18.700Z,26.191,-110.5,33,4.9,mb,,,,,us,usp0000w6q,2014-11-06T23:21:51.638Z,"87 km ENE of Loreto, Mexico",earthquake,,,,,reviewed,us,us
1978-08-13T22:54:52.910Z,34.3136667,-119.706,18,5.08,ml,78,74,,0.48,ci,ci10012262,2024-02-25T10:05:24.822Z,"The 1978 Santa Barbara, California Earthquake",earthquake,1,31.61,0.084,7,reviewed,ci,ci
1978-08-01T09:46:45.150Z,41.3646667,-121.8608333,-1.162,4.5,ml,30,234,0.8495,0.36,nc,nc1041317,2018-06-04T20:43:45.000Z,"24 km S of Tennant, California",earthquake,2.5,4.74,,0,reviewed,nc,nc
1978-08-01T09:02:34.290Z,41.4298333,-121.8496667,1.148,4.6,ml,79,127,0.9108,0.13,nc,nc1041316,2018-06-04T20:43:45.000Z,"17 km SSE of Tennant, California",earthquake,0.36,0.95,,0,reviewed,nc,nc
1978-07-24T08:06:17.600Z,26.729,-88.743,33,4.9,mb,,,,,us,usp0000vra,2016-11-09T23:03:32.388Z,"288 km SSE of Venice, Louisiana",earthquake,,,,,reviewed,us,us
1978-07-21T10:18:17.300Z,27.584,-112.416,33,4.7,mb,,,,,us,usp0000vp2,2014-11-06T23:21:50.451Z,"30 km NNW of Santa Rosalía, Mexico",earthquake,,,,,reviewed,us,us
1978-07-12T17:00:00.100Z,37.079,-116.044,0,5.5,mb,,,,,us,usp0000vhz,2016-02-01T23:17:46.560Z,"65 km NNW of Indian Springs, Nevada",nuclear explosion,,,,,reviewed,a,us
1978-05-30T13:35:31.600Z,24.676,-109.159,10,4.7,mb,,,,,us,usp0000uuc,2014-11-06T23:21:49.444Z,"100 km SSW of El Huitusi, Mexico",earthquake,,,,,reviewed,us,us
1978-05-30T11:15:41.000Z,24.807,-109.056,10,5,mb,,,,,us,usp0000uu8,2014-11-06T23:21:49.440Z,"82 km SSW of El Huitusi, Mexico",earthquake,,,,,reviewed,us,us
1978-05-30T09:40:28.200Z,24.753,-108.982,10,4.7,mb,,,,,us,usp0000uu7,2014-11-06T23:21:49.439Z,"84 km SSW of El Progreso, Mexico",earthquake,,,,,reviewed,us,us
1978-05-23T21:42:07.630Z,40.3425,-124.4858333,29.221,4.6,ml,25,235,0.1604,0.05,nc,nc1040389,2018-06-04T20:43:45.000Z,"32 km SW of Ferndale, California",earthquake,1.04,0.77,,0,reviewed,nc,nc
1978-05-05T21:03:15.770Z,32.2641667,-115.3096667,10,5.03,ml,55,226,,0.72,ci,ci3339262,2022-04-27T15:38:53.014Z,"14km WNW of Alberto Oviedo Mota, B.C., MX",earthquake,3.68,31.61,0.427,9,reviewed,ci,ci
1978-05-04T05:44:47.200Z,29.934,-67.519,33,4.7,mb,,,,,us,usp0000ucx,2014-11-06T23:21:48.870Z,"North Atlantic Ocean",earthquake,,,,,reviewed,us,us
1978-04-24T05:44:56.000Z,30.04,-67.789,33,4.5,mb,,,,,us,usp0000u89,2014-11-06T23:21:48.705Z,"North Atlantic Ocean",earthquake,,,,,reviewed,us,us
1978-04-23T23:24:37.000Z,46.966,-113.272,5,4.5,mb,,,,,us,usp0000u81,2019-05-01T20:53:56.733Z,"12 km WSW of Ovando, Montana",earthquake,,,,,reviewed,us,us
1978-04-15T16:26:09.900Z,29.69,-67.392,33,4.6,mb,,,,,us,usp0000u44,2014-11-06T23:21:48.545Z,"North Atlantic Ocean",earthquake,,,,,reviewed,us,us
1978-04-11T17:45:00.100Z,37.233,-116.367,0,5.5,mb,,,,,us,usp0000u1c,2016-02-01T21:15:01.470Z,"50 km NE of Beatty, Nevada",nuclear explosion,,,,,reviewed,a,us
1978-04-11T15:30:00.200Z,37.3,-116.327,0,5.3,mb,,,,,us,usp0000u18,2016-04-02T10:39:11.480Z,"57 km NE of Beatty, Nevada",nuclear explosion,,,,,reviewed,a,us
1978-03-26T00:27:04.410Z,39.2088333,-123.1565,11.584,4.5,ml,74,154,0.1991,0.09,nc,nc1039465,2020-07-10T14:15:29.870Z,"4 km SE of Calpella, California",earthquake,0.37,0.2,,0,reviewed,nc,nc
1978-03-24T00:42:36.300Z,29.801,-67.4,20,6.1,mb,,,,,us,usp0000tm9,2022-04-27T15:52:08.316Z,"North Atlantic Ocean",earthquake,,,,,reviewed,us,us
1978-03-23T16:30:00.200Z,37.102,-116.051,0,5.6,mb,,,,,us,usp0000tku,2016-02-01T22:06:11.940Z,"66 km SSW of Rachel, Nevada",nuclear explosion,,,,,reviewed,a,us
1978-03-17T22:40:17.200Z,28.876,-112.703,33,4.7,mb,,,,,us,usp0000tew,2014-11-06T23:21:47.687Z,"74 km W of Bahía de Kino, Mexico",earthquake,,,,,reviewed,us,us
1978-03-14T01:17:05.200Z,27.376,-111.216,15,4.5,mb,,,,,us,usp0000tcs,2014-11-06T23:21:47.619Z,"66 km SSW of San Carlos, Mexico",earthquake,,,,,reviewed,us,us
1978-03-12T18:42:22.900Z,32.175,-115.095,6,4.8,ml,22,278,0.5412,0.62,ci,ci3337924,2022-04-27T15:49:44.174Z,"9km WSW of Estacion Coahuila, B.C., MX",earthquake,7.94,31.61,0.374,7,reviewed,ci,ci
1978-03-12T00:30:18.030Z,32.322,-115.1181667,6,4.71,ml,20,248,0.3954,0.6,ci,ci3337866,2016-02-01T22:05:53.670Z,"4km NNW of Guadalupe Victoria, B.C., MX",earthquake,7.62,31.61,0.292,7,reviewed,ci,ci
1978-03-11T23:57:51.290Z,32.6011667,-115.2935,10,4.7,ml,17,234,0.2982,0.62,ci,ci3337861,2022-04-27T15:49:36.230Z,"7km NE of Puebla, B.C., MX",earthquake,4.53,31.61,0.455,7,reviewed,ci,ci
1978-03-11T15:52:11.860Z,47.42,-122.7095,21.81,4.8,md,21,61,0.1383,0.28,uw,uw10846098,2020-09-21T18:41:59.312Z,"5 km W of Burley, Washington",earthquake,0.99,2.28,0.07,6,reviewed,uw,uw
1978-02-23T17:00:00.200Z,37.125,-116.064,0,5.6,mb,,,,,us,usp0000t41,2016-04-02T20:11:47.812Z,"64 km SSW of Rachel, Nevada",nuclear explosion,,,,,reviewed,a,us
1977-12-14T15:30:00.200Z,37.136,-116.086,0,5.7,mb,,,,,us,usp0000s2d,2016-02-01T20:01:27.400Z,"64 km SSW of Rachel, Nevada",nuclear explosion,,,,,reviewed,a,us
1977-11-22T21:15:53.310Z,39.4093333,-123.2566667,14.565,4.8,ml,151,118,0.4126,0.09,nc,nc1037808,2022-04-27T16:05:56.460Z,"8 km E of Willits, California",earthquake,0.17,0.34,,0,reviewed,nc,nc
1977-11-21T02:50:03.400Z,29.269,-112.97,33,5.6,ms,,,,,us,usp0000rmv,2022-04-27T16:05:32.243Z,"76 km SSW of La Libertad, Mexico",earthquake,,,,,reviewed,us,us
1977-11-17T19:30:00.100Z,37.021,-116.025,0,4.7,mb,,,,,us,usp0000rju,2016-02-01T19:55:25.730Z,"59 km NNW of Indian Springs, Nevada",nuclear explosion,,,,,reviewed,a,us
1977-11-09T22:00:00.100Z,37.072,-116.05,0,5.7,mb,,,,,us,usp0000rem,2016-02-01T19:38:10.440Z,"65 km NNW of Indian Springs, Nevada",nuclear explosion,,,,,reviewed,a,us
1977-11-01T18:06:00.100Z,37.188,-116.213,0,4.7,mb,,,,,us,usp0000rb6,2016-02-01T20:16:33.600Z,"57 km ENE of Beatty, Nevada",nuclear explosion,,,,,reviewed,a,us
1977-10-19T16:50:50.900Z,44.766,-111.813,10,4.7,ml,,,,,us,usp0000r4d,2020-08-26T01:35:21.672Z,"49 km W of Hebgen Lake Estates, Montana",earthquake,,,,,reviewed,us,gs
1977-10-11T07:56:06.500Z,40.486,-110.493,6,4.8,mb,,,,,us,usp0000qzx,2014-11-06T23:21:44.570Z,"22 km NW of Altamont, Utah",earthquake,,,,,reviewed,g,us
1977-09-30T10:19:21.000Z,40.518,-110.436,5,5,mb,,,,,us,usp0000quv,2022-04-27T16:12:57.054Z,"21 km NW of Altamont, Utah",earthquake,,,,,reviewed,us,us
1977-09-27T14:00:00.200Z,37.151,-116.068,0,4.8,mb,,,,,us,usp0000qtu,2016-04-02T00:53:35.380Z,"61 km SSW of Rachel, Nevada",nuclear explosion,,,,,reviewed,a,us
1977-09-15T14:36:30.100Z,37.033,-116.043,0,4.5,mb,,,,,us,usp0000qnn,2016-02-01T20:10:33.810Z,"61 km NNW of Indian Springs, Nevada",nuclear explosion,,,,,reviewed,a,us
1977-08-27T05:23:49.100Z,45.999,-111.69,10,4.5,mb,,,,,us,usp0000qbm,2014-11-06T23:21:43.773Z,"15 km NW of Three Forks, Montana",earthquake,,,,,reviewed,us,us
1977-08-19T17:55:00.100Z,37.111,-116.055,0,5.6,mb,,,,,us,usp0000q6u,2016-02-01T19:36:49.120Z,"65 km SSW of Rachel, Nevada",nuclear explosion,,,,,reviewed,a,us
1977-08-04T16:40:00.100Z,37.087,-116.007,0,5.7,ms,,,,,us,usp0000pzf,2016-02-01T19:53:26.720Z,"64 km NNW of Indian Springs, Nevada",nuclear explosion,,,,,reviewed,a,us
1977-06-08T13:09:07.400Z,31.024,-109.227,5,4.6,mb,,,,,us,usp0000p73,2014-11-06T23:21:42.286Z,"34 km ENE of Fronteras, Mexico",earthquake,,,,,reviewed,us,us
1977-06-06T21:19:25.320Z,29.8388333,-115.6298333,6,4.68,ml,11,317,2.832,0.78,ci,ci9980454,2016-02-01T19:39:47.860Z,"227km SSE of Maneadero, B.C., MX",earthquake,8.22,31.61,0.147,5,reviewed,ci,ci
1977-05-25T17:00:00.100Z,37.094,-116.045,0,5.3,mb,,,,,us,usp0000p15,2016-02-01T19:51:11.740Z,"66 km SSW of Rachel, Nevada",nuclear explosion,,,,,reviewed,a,us
1977-05-11T10:01:49.100Z,27.587,-112.406,10,4.6,mb,,,,,us,usp0000nub,2014-11-06T23:21:41.836Z,"30 km NNW of Santa Rosalía, Mexico",earthquake,,,,,reviewed,us,us
1977-04-27T15:00:00.100Z,37.095,-116.028,0,5.4,mb,,,,,us,usp0000nnj,2016-02-01T19:35:57.050Z,"66 km SSW of Rachel, Nevada",nuclear explosion,,,,,reviewed,a,us
1977-04-05T16:57:06.300Z,37.12,-116.062,0,4.6,mb,,,,,us,usp0000n9a,2014-11-06T23:21:40.714Z,"64 km SSW of Rachel, Nevada",mine collapse,,,,,reviewed,us,us
1977-04-05T15:00:00.200Z,37.12,-116.062,0,5.6,mb,,,,,us,usp0000n99,2016-02-01T19:40:14.640Z,"64 km SSW of Rachel, Nevada",nuclear explosion,,,,,reviewed,a,us
1977-03-11T12:17:51.900Z,44.848,-111.5,5,5.2,mb,,,,,us,usp0000mvt,2014-11-06T23:21:40.125Z,"26 km WNW of Hebgen Lake Estates, Montana",earthquake,,,,,reviewed,us,us
1977-03-11T05:09:37.200Z,46.126,-111.484,5,4.6,mb,,,,,us,usp0000mvp,2020-07-10T22:02:35.495Z,"6 km SSW of Toston, Montana",earthquake,,,,,reviewed,us,us
1977-03-05T03:00:54.700Z,35.915,-108.286,22,4.6,mb,,,,,us,usp0000mtk,2020-07-10T22:01:23.409Z,"22 km SSW of Lake Valley, New Mexico",earthquake,,,,,reviewed,us,us
1977-02-22T06:24:05.740Z,38.4903333,-119.2806667,2.907,4.8,ml,15,181,0.409,0.1,nc,nc1034069,2020-07-10T14:14:41.153Z,"17 km E of Walker, California",earthquake,0.59,11.1,,0,reviewed,nc,nc
1977-02-16T17:53:00.200Z,36.999,-116.036,5,4.8,mb,,,,,us,usp0000mkc,2016-02-01T19:51:48.570Z,"57 km NW of Indian Springs, Nevada",nuclear explosion,,,,,reviewed,us,us
1977-01-29T08:59:21.400Z,27.272,-111.525,33,4.7,mb,,,,,us,usp0000md2,2014-11-06T23:21:39.545Z,"61 km NE of Mulegé, Mexico",earthquake,,,,,reviewed,us,us
1977-01-24T07:45:37.900Z,27.947,-111.403,33,4.8,mb,,,,,us,usp0000mb0,2014-11-06T23:21:39.464Z,"35 km W of San Carlos, Mexico",earthquake,,,,,reviewed,us,us
1976-12-28T18:00:00.100Z,37.1,-116.036,0,5.5,mb,,,,,us,usp0000kz8,2016-01-29T21:13:11.440Z,"65 km SSW of Rachel, Nevada",nuclear explosion,,,,,reviewed,a,us
1976-12-19T17:10:15.600Z,44.772,-110.8,5,4.9,mb,,,,,us,usp0000kub,2018-06-04T20:43:45.000Z,"24 km SSW of Mammoth, Wyoming",earthquake,,,,,reviewed,g,us
1976-12-15T17:50:20.400Z,29.947,-113.364,33,5,mb,,,,,us,usp0000ksd,2014-11-06T23:21:38.616Z,"65 km W of La Libertad, Mexico",earthquake,,,,,reviewed,us,us
1976-12-11T23:08:27.700Z,25.892,-110.279,33,5.2,mb,,,,,us,usp0000kqq,2014-11-06T23:21:38.565Z,"94 km W of Las Grullas Margen Derecha, Mexico",earthquake,,,,,reviewed,us,us
1976-12-11T14:15:29.600Z,25.428,-109.745,33,4.5,mb,,,,,us,usp0000kqg,2014-11-06T23:21:38.559Z,"56 km SW of Campo Pesquero el Colorado, Mexico",earthquake,,,,,reviewed,us,us
1976-12-09T22:36:23.700Z,44.768,-110.798,5,4.5,mb,,,,,us,usp0000kpx,2018-06-04T20:43:45.000Z,"24 km SSW of Mammoth, Wyoming",earthquake,,,,,reviewed,g,us
1976-12-09T22:35:05.400Z,44.77,-110.787,6,4.9,mb,,,,,us,usp0000kpw,2014-11-06T23:21:38.540Z,"23 km SSW of Mammoth, Wyoming",earthquake,,,,,reviewed,g,us
1976-12-08T14:49:30.100Z,37.079,-116.002,0,4.9,mb,,,,,us,usp0000kp7,2016-01-29T21:20:54.660Z,"63 km NNW of Indian Springs, Nevada",nuclear explosion,,,,,reviewed,a,us
1976-12-08T14:40:59.100Z,44.76,-110.793,5,5.5,mb,,,,,us,usp0000kp6,2020-07-10T21:54:28.009Z,"25 km SSW of Mammoth, Wyoming",earthquake,,,,,reviewed,g,us
1976-12-07T12:59:48.720Z,31.553,-114.543,6,5.45,ml,0,311.1,1.513,0.797,ci,ci149841,2022-04-27T16:42:58.617Z,"83km SSE of Estacion Coahuila, B.C., MX",earthquake,,,,10,reviewed,ci,ci
1976-12-02T07:25:52.150Z,36.621,-121.2281667,4.774,4.57,md,48,41,0.01261,0.06,nc,nc1032579,2016-12-15T09:45:00.290Z,"20 km SSE of Tres Pinos, California",earthquake,0.16,0.35,0.38,3,reviewed,nc,nc
1976-11-27T02:49:47.000Z,40.998,-120.447,5,5,mb,,,,,us,usp0000kgp,2014-11-06T23:21:38.388Z,"26 km S of Likely, California",earthquake,,,,,reviewed,b,us
1976-11-26T11:19:32.070Z,41.0351667,-124.9496667,41.78,6.3,ml,13,318,0.6577,0.09,nc,nc1032447,2022-04-27T16:48:25.308Z,"67 km W of Trinidad, California",earthquake,8.57,5.3,,0,reviewed,nc,nc
1976-11-04T10:41:37.790Z,33.115,-115.616,4.61,5.06,ml,0,91.1,0.122,0.108,ci,ci149237,2020-07-09T21:12:56.507Z,"9km N of Westmorland, CA",earthquake,,0.028,,12,reviewed,ci,ci
1976-10-21T14:58:18.000Z,30.592,-113.204,33,4.9,mb,,,,,us,usp0000jzf,2014-11-06T23:21:37.811Z,"52 km WSW of Plutarco Elías Calles (La Y Griega), Mexico",earthquake,,,,,reviewed,us,us
1976-10-20T12:38:51.700Z,29.6,-113.501,33,4.7,mb,,,,,us,usp0000jyr,2014-11-06T23:21:37.793Z,"85 km WSW of La Libertad, Mexico",earthquake,,,,,reviewed,us,us
1976-10-19T08:40:52.500Z,30.032,-113.415,33,4.6,mb,,,,,us,usp0000jy8,2014-11-06T23:21:37.782Z,"71 km W of La Libertad, Mexico",earthquake,,,,,reviewed,us,us
1976-10-19T07:24:34.600Z,44.795,-110.697,5,5.3,mb,,,,,us,usp0000jy6,2014-11-06T23:21:37.781Z,"20 km S of Mammoth, Wyoming",earthquake,,,,,reviewed,us,us
1976-10-19T06:18:35.300Z,44.735,-110.813,4,5.3,mb,,,,,us,usp0000jy5,2014-11-06T23:21:37.780Z,"24 km ENE of West Yellowstone, Montana",earthquake,,,,,reviewed,g,us
1976-10-19T00:07:01.000Z,29.562,-113.451,33,4.6,mb,,,,,us,usp0000jy0,2014-11-06T23:21:37.776Z,"83 km WSW of La Libertad, Mexico",earthquake,,,,,reviewed,us,us
1976-10-18T06:26:31.800Z,29.798,-113.372,33,4.7,mb,,,,,us,usp0000jxh,2014-11-06T23:21:37.764Z,"66 km W of La Libertad, Mexico",earthquake,,,,,reviewed,us,us
1976-10-17T22:33:50.100Z,29.731,-113.266,33,4.8,mb,,,,,us,usp0000jx6,2014-11-06T23:21:37.757Z,"59 km WSW of La Libertad, Mexico",earthquake,,,,,reviewed,us,us
1976-10-17T13:14:00.800Z,29.51,-113.567,33,4.5,mb,,,,,us,usp0000jwx,2014-11-06T23:21:37.751Z,"95 km WSW of La Libertad, Mexico",earthquake,,,,,reviewed,us,us
1976-10-17T08:46:32.000Z,29.442,-113.581,33,4.6,mb,,,,,us,usp0000jwu,2014-11-06T23:21:37.748Z,"100 km WSW of La Libertad, Mexico",earthquake,,,,,reviewed,us,us
1976-10-17T06:14:01.400Z,29.936,-113.506,33,4.7,mb,,,,,us,usp0000jwr,2014-11-06T23:21:37.746Z,"78 km W of La Libertad, Mexico",earthquake,,,,,reviewed,us,us
1976-09-13T16:08:10.800Z,40.232,-124.522,33,4.8,mb,,,,,us,usp0000jcq,2014-11-06T23:21:37.179Z,"44 km SSW of Ferndale, California",earthquake,,,,,reviewed,us,us
1976-09-08T08:21:02.190Z,47.375,-123.0935,45.264,4.5,md,15,81,0.1795,0.23,uw,uw10842183,2022-04-27T16:52:40.778Z,"2 km NNE of Union, Washington",earthquake,1.295,2.17,0.07,3,reviewed,uw,uw
1976-09-03T04:18:16.200Z,44.041,-106.154,10,4.8,mb,,,,,us,usp0000j67,2014-11-06T23:21:37.009Z,"53 km NE of Kaycee, Wyoming",earthquake,,,,,reviewed,us,us
1976-09-02T13:36:11.500Z,48.1925,-122.7675,22.136,4.7,md,13,88,0.204,0.17,uw,uw10842123,2016-07-25T00:22:39.390Z,"6 km WSW of Coupeville, Washington",earthquake,0.679,1.6,0.07,1,reviewed,uw,uw
1976-08-26T15:30:01.090Z,37.125,-116.082,0.01,4.82,ml,15,264,1.719,1.92,ci,ci12328583,2016-01-29T21:53:11.440Z,"64km ENE of Beatty, NV",nuclear explosion,99,31.61,0.221,15,reviewed,ci,ci
1976-08-26T14:30:00.200Z,37.125,-116.082,0,5.3,mb,,,,,us,usp0000j27,2015-06-16T17:21:17.747Z,"64 km ENE of Beatty, Nevada",nuclear explosion,,,,,reviewed,a,us
1976-08-22T10:14:06.500Z,38.91,-116.43,1,4.7,mb,,,,,us,usp0000j07,2014-11-06T23:21:36.861Z,"64 km ESE of Kingston, Nevada",earthquake,,,,,reviewed,us,us
1976-08-02T08:14:07.400Z,38.381,-118.185,8,4.8,mb,,,,,us,usp0000hph,2016-01-29T21:33:51.970Z,"6 km W of Mina, Nevada",earthquake,,,,,reviewed,us,us
1976-07-31T22:32:10.500Z,26.242,-110.338,33,4.8,mb,,,,,us,usp0000hnw,2014-11-06T23:21:36.467Z,"87 km SW of Etchoropo, Mexico",earthquake,,,,,reviewed,us,us
1976-07-27T20:30:00.100Z,37.075,-116.044,0,5.3,mb,,,,,us,usp0000hjj,2016-01-29T21:37:09.310Z,"65 km NNW of Indian Springs, Nevada",explosion,,,,,reviewed,a,us
1976-07-19T20:07:39.000Z,30.748,-113.502,33,4.5,mb,,,,,us,usp0000hea,2014-11-06T23:21:36.282Z,"63 km S of Puerto Peñasco, Mexico",earthquake,,,,,reviewed,us,us
1976-06-24T15:44:44.300Z,40.418,-120.578,5,4.7,mb,,,,,us,usp0000h1d,2014-11-06T23:21:35.870Z,"3 km NNE of Johnstonville, California",earthquake,,,,,reviewed,us,us
1976-06-19T05:54:13.900Z,37.362,-81.624,5,4.7,mb,,,,,us,usp0000gyg,2020-08-26T01:02:35.864Z,"West Virginia",earthquake,,,,,reviewed,us,us
1976-05-23T17:39:39.280Z,36.4745,-120.5395,11.831,4.6,md,47,159,0.2477,0.12,nc,nc1029781,2016-12-15T06:54:35.480Z,"13 km WSW of Three Rocks, California",earthquake,0.43,1.09,0.67,17,reviewed,nc,nc
1976-05-21T02:42:07.700Z,25.209,-109.721,33,4.6,mb,,,,,us,usp0000ges,2014-11-06T23:21:35.351Z,"73 km SW of Campo Pesquero el Colorado, Mexico",earthquake,,,,,reviewed,us,us
1976-05-16T08:35:14.800Z,48.8,-123.356,62,5.1,mb,,,,,us,usp0000gcd,2020-08-26T00:59:38.317Z,"10 km ESE of Salt Spring Island, Canada",earthquake,,,,,reviewed,w,us
1976-05-12T19:50:00.200Z,37.209,-116.212,0,4.9,mb,,,,,us,usp0000gag,2016-01-29T21:05:29.270Z,"58 km NE of Beatty, Nevada",nuclear explosion,,,,,reviewed,a,us
1976-04-20T09:59:56.800Z,28.374,-111.956,33,4.7,mb,,,,,us,usp0000fz6,2014-11-06T23:21:34.882Z,"49 km S of Bahía de Kino, Mexico",earthquake,,,,,reviewed,us,us
1976-04-13T00:47:14.490Z,45.0756667,-120.8588333,14.685,4.6,md,40,122,,0.62,uw,uw10841113,2020-09-21T18:41:40.778Z,"11 km NW of Shaniko, Oregon",earthquake,0.18,0.18,0.1,1,reviewed,uw,uw
1976-03-25T00:41:20.500Z,35.59,-90.48,15,4.62,mw,,,,,nm,nm600379,2024-01-08T04:02:57.215Z,"8 km NW of Marked Tree, Arkansas",earthquake,,,,0,reviewed,nm,nm
1976-03-17T14:45:00.100Z,37.107,-116.052,0,5.8,mb,,,,,us,usp0000fg9,2016-04-01T20:56:29.057Z,"65 km SSW of Rachel, Nevada",nuclear explosion,,,,,reviewed,a,us
1976-03-17T14:15:00.100Z,37.256,-116.312,0,6.1,mb,,,,,us,usp0000fg8,2016-04-02T13:04:13.815Z,"55 km NE of Beatty, Nevada",nuclear explosion,,,,,reviewed,a,us
1976-03-14T12:30:00.200Z,37.306,-116.471,0,6.3,mb,,,,,us,usp0000feq,2016-04-02T19:18:20.076Z,"51 km NNE of Beatty, Nevada",nuclear explosion,,,,,reviewed,a,us
1976-03-09T14:00:00.100Z,37.31,-116.364,0,6,mb,,,,,us,usp0000fch,2016-04-01T20:57:29.667Z,"56 km NE of Beatty, Nevada",nuclear explosion,,,,,reviewed,a,us
1976-02-14T11:30:00.200Z,37.243,-116.42,0,6,mb,,,,,us,usp0000f1z,2016-04-02T06:37:35.196Z,"47 km NE of Beatty, Nevada",nuclear explosion,,,,,reviewed,a,us
1976-02-12T17:37:29.000Z,37.271,-116.488,0,4.8,mb,,,,,us,usp0000f1c,2014-11-06T23:21:34.056Z,"46 km NNE of Beatty, Nevada",mine collapse,,,,,reviewed,us,us
1976-02-12T14:45:00.200Z,37.271,-116.488,0,6.3,mb,,,,,us,usp0000f1b,2017-04-26T17:29:09.042Z,"46 km NNE of Beatty, Nevada",nuclear explosion,,,,,reviewed,a,us
1976-02-09T03:07:22.000Z,34.614,-112.53,10,4.6,mb,,,,,us,usp0000ezq,2014-11-06T23:21:34.018Z,"8 km S of Williamson, Arizona",earthquake,,,,,reviewed,us,us
1976-02-04T14:40:00.200Z,37.107,-116.037,0,5.7,mb,,,,,us,usp0000exd,2016-04-02T09:53:44.923Z,"65 km SSW of Rachel, Nevada",nuclear explosion,,,,,reviewed,a,us
1976-02-04T14:20:00.100Z,37.069,-116.03,0,5.8,mb,,,,,us,usp0000exc,2016-01-29T21:37:06.630Z,"64 km NNW of Indian Springs, Nevada",nuclear explosion,,,,,reviewed,a,us
1976-02-04T00:04:58.100Z,34.655,-112.5,12,4.9,mb,,,,,us,usp0000eww,2020-08-26T00:48:09.317Z,"5 km SE of Williamson, Arizona",earthquake,,,,,reviewed,us,us
1976-01-27T00:40:56.580Z,32.019,-115.483,12,4.56,ml,0,241.6,0.6614,0.384,ci,ci3001867,2016-01-29T21:00:16.750Z,"38km SW of Alberto Oviedo Mota, B.C., MX",earthquake,,,,10,reviewed,ci,ci
1976-01-17T03:58:53.450Z,32.111,-115.473,12,4.81,ml,0,234.5,,0.458,ci,ci3001788,2016-01-29T21:00:15.110Z,"31km WSW of Alberto Oviedo Mota, B.C., MX",earthquake,,,,9,reviewed,ci,ci
1976-01-14T21:43:58.960Z,36.087,-120.2355,10.471,4.9,ml,42,176,0.1631,0.12,nc,nc1028356,2022-04-27T17:21:16.730Z,"12 km ESE of Coalinga, California",earthquake,0.29,0.37,,0,reviewed,nc,nc
1976-01-10T12:58:16.370Z,32.128,-115.447,12,4.99,ml,0,232.9,,0.359,ci,ci3001715,2016-02-01T17:59:52.440Z,"28km WSW of Alberto Oviedo Mota, B.C., MX",earthquake,,,,10,reviewed,ci,ci
1976-01-08T16:14:19.900Z,37.306,-116.358,5,4.5,mb,,,,,us,usp0000ebz,2014-11-06T23:21:33.436Z,"56 km NE of Beatty, Nevada",earthquake,,,,,reviewed,us,us
1976-01-05T06:23:32.900Z,35.844,-108.341,25,5,mb,,,,,us,usp0000e9z,2022-04-27T17:19:45.669Z,"25 km NW of Crownpoint, New Mexico",earthquake,,,,,reviewed,us,us
1976-01-03T19:15:00.200Z,37.297,-116.333,0,6.2,mb,,,,,us,usp0000e9f,2016-01-29T21:37:06.080Z,"57 km NE of Beatty, Nevada",nuclear explosion,,,,,reviewed,a,us
1975-12-20T20:00:00.200Z,37.128,-116.062,0,5.7,mb,,,,,us,usp0000dzt,2016-04-02T09:53:47.478Z,"63 km SSW of Rachel, Nevada",explosion,,,,,reviewed,a,us
1975-11-30T10:48:22.000Z,49.355,-123.506,32,4.7,mb,,,,,us,usp0000dst,2014-11-06T23:21:32.849Z,"4 km S of Gibsons, Canada",earthquake,,,,,reviewed,us,us
1975-11-26T15:30:00.200Z,37.117,-116.019,0,5,mb,,,,,us,usp0000dr0,2016-01-29T21:45:23.610Z,"63 km SSW of Rachel, Nevada",nuclear explosion,,,,,reviewed,a,us
1975-11-20T15:00:00.100Z,37.225,-116.368,0,6,mb,,,,,us,usp0000dnt,2016-01-29T21:37:05.480Z,"49 km NE of Beatty, Nevada",nuclear explosion,,,,,reviewed,a,us
1975-11-14T09:29:49.480Z,40.5768333,-124.4291667,22.451,4.8,ml,12,245,0.1685,0.06,nc,nc1027465,2022-04-27T17:27:28.666Z,"13 km W of Ferndale, California",earthquake,1.67,0.72,,0,reviewed,nc,nc
1975-11-13T02:36:30.210Z,35.7711667,-121.1078333,13.229,4.79,md,26,119,0.0964,0.08,nc,nc1027451,2016-12-15T04:24:01.330Z,"11 km W of Oak Shores, California",earthquake,0.4,0.48,0.4,6,reviewed,nc,nc
1975-11-03T02:19:47.000Z,37.29,-116.411,0,4.5,mb,,,,,us,usp0000ddw,2014-11-06T23:21:32.480Z,"52 km NE of Beatty, Nevada",mine collapse,,,,,reviewed,us,us
1975-10-28T14:30:00.200Z,37.29,-116.411,0,6.4,mb,,,,,us,usp0000dat,2016-01-29T22:01:19.580Z,"52 km NE of Beatty, Nevada",nuclear explosion,,,,,reviewed,a,us
1975-10-24T17:11:26.100Z,37.222,-116.179,0,4.7,mb,,,,,us,usp0000d9c,2016-01-29T21:05:28.760Z,"60 km SW of Rachel, Nevada",nuclear explosion,,,,,reviewed,a,us
1975-10-15T08:14:07.400Z,24.946,-109.277,33,4.7,mb,,,,,us,usp0000d51,2014-11-06T23:21:32.261Z,"75 km SSW of Topolobampo, Mexico",earthquake,,,,,reviewed,us,us
1975-09-27T22:34:38.140Z,39.52,-121.5381667,8.417,4.6,ml,18,75,0.02613,0.07,nc,nc1026625,2022-04-27T17:33:53.996Z,"1 km ENE of Oroville, California",earthquake,0.38,0.79,,0,reviewed,nc,nc
1975-09-24T17:19:37.200Z,25.154,-109.259,33,5.7,ms,,,,,us,usp0000cxk,2022-04-27T17:33:41.410Z,"53 km SSW of Topolobampo, Mexico",earthquake,,,,,reviewed,us,us
1975-09-13T21:20:58.990Z,35.9976667,-120.5448333,10.405,4.8,ml,27,69,0.07748,0.07,nc,nc1026327,2018-06-04T20:43:45.000Z,"14 km NW of Parkfield, California",earthquake,0.29,0.72,,0,reviewed,nc,nc
1975-09-13T14:09:16.700Z,30.301,-116.438,33,4.8,mb,,,,,us,usp0000csu,2014-11-06T23:21:31.923Z,"54 km WSW of Pueblo Benito García, Mexico",earthquake,,,,,reviewed,us,us
1975-09-13T13:30:12.700Z,30.428,-116.396,33,4.7,mb,,,,,us,usp0000cst,2014-11-06T23:21:31.923Z,"45 km WSW of Pueblo Benito García, Mexico",earthquake,,,,,reviewed,us,us
1975-09-13T04:21:21.500Z,30.353,-116.44,33,4.8,mb,,,,,us,usp0000csp,2014-11-06T23:21:31.920Z,"51 km WSW of Pueblo Benito García, Mexico",earthquake,,,,,reviewed,us,us
1975-09-13T02:55:26.100Z,30.868,-116.277,33,5.1,mb,,,,,us,usp0000csn,2014-11-06T23:21:31.920Z,"Baja California, Mexico",earthquake,,,,,reviewed,us,us
1975-09-13T02:38:33.700Z,30.891,-116.115,33,5,mb,,,,,us,usp0000csm,2014-11-06T23:21:31.919Z,"7 km NW of Camalú, Mexico",earthquake,,,,,reviewed,us,us
1975-09-09T02:43:42.050Z,40.903,-124.5895,21.144,4.6,ml,15,274,0.3595,0.06,nc,nc1026218,2018-06-04T20:43:45.000Z,"35 km WNW of Samoa, California",earthquake,2.6,0.91,,0,reviewed,nc,nc
1975-09-06T17:00:00.100Z,37.024,-116.028,0,4.6,mb,,,,,us,usp0000cqp,2016-01-29T21:13:10.860Z,"59 km NNW of Indian Springs, Nevada",nuclear explosion,,,,,reviewed,a,us
1975-08-29T08:30:40.710Z,36.4753333,-120.413,10.867,4.79,md,50,82,0.3432,0.14,nc,nc1026025,2016-12-15T02:54:47.760Z,"3 km SSW of Three Rocks, California",earthquake,0.27,1.01,0.16,5,reviewed,nc,nc
1975-08-15T22:27:51.720Z,36.4625,-120.4183333,11.635,4.6,ml,91,74,0.336,0.2,nc,nc1025739,2018-06-04T20:43:45.000Z,"5 km SSW of Three Rocks, California",earthquake,0.29,0.85,,0,reviewed,nc,nc
1975-08-08T07:00:50.260Z,39.5011667,-121.512,8.066,4.9,ml,19,64,0.04054,0.18,nc,nc1025468,2022-04-27T17:34:54.843Z,"3 km WSW of Oroville East, California",earthquake,0.53,1.32,,0,reviewed,nc,nc
1975-08-06T03:50:30.180Z,39.4961667,-121.5395,8.664,4.7,ml,12,64,0.05766,0.05,nc,nc1025370,2022-04-27T17:34:46.628Z,"1 km E of South Oroville, California",earthquake,0.4,0.95,,0,reviewed,nc,nc
1975-08-03T13:32:55.570Z,31.763,-115.81,18.02,4.6,ml,0,241,,0.522,ci,ci3023209,2021-05-13T21:55:42.382Z,"72km E of Maneadero, B.C., MX",earthquake,,12.032,,9,reviewed,ci,ci
1975-08-03T06:48:45.090Z,36.4673333,-120.4005,10.965,4.63,md,35,128,0.3514,0.15,nc,nc1025216,2016-12-15T02:03:23.840Z,"3 km SSW of Three Rocks, California",earthquake,0.32,1.81,0.14,4,reviewed,nc,nc
1975-08-03T06:35:17.590Z,36.4466667,-120.4468333,17.275,4.9,ml,103,161,0.3099,0.18,nc,nc1025212,2022-04-27T17:34:41.790Z,"7 km SW of Three Rocks, California",earthquake,0.31,0.52,,0,reviewed,nc,nc
1975-08-03T01:03:05.900Z,39.4861667,-121.5191667,7.132,4.6,ml,8,85,0.05946,0.04,nc,nc1025179,2022-04-27T17:34:40.636Z,"3 km ESE of South Oroville, California",earthquake,0.44,1,,0,reviewed,nc,nc
1975-08-02T23:56:04.520Z,36.426,-120.3971667,17.041,4.52,md,30,115,0.345,0.11,nc,nc1025175,2016-12-15T02:00:23.720Z,"8 km S of Three Rocks, California",earthquake,0.47,1.04,0.6,10,reviewed,nc,nc
1975-08-02T20:58:56.010Z,39.4378333,-121.4848333,1.506,5.2,ml,7,146,0.01802,0.03,nc,nc1025150,2022-04-27T17:34:39.464Z,"4 km E of Palermo, California",earthquake,0.5,1.34,,0,reviewed,nc,nc
1975-08-02T20:22:16.570Z,39.4493333,-121.4795,1.716,5.1,ml,7,102,0.01441,0.06,nc,nc1025145,2022-04-27T17:34:38.081Z,"5 km ENE of Palermo, California",earthquake,0.62,1.78,,0,reviewed,nc,nc
1975-08-02T00:14:07.770Z,33.525,-116.544,14.39,4.9,ml,0,30.1,,0.267,ci,ci3023147,2018-06-04T20:43:45.000Z,"12km ESE of Anza, CA",earthquake,,0.301,,10,reviewed,ci,ci
1975-08-01T20:29:00.000Z,39.439,-121.528,,4.6,ml,,,,,ushis,ushis3358,2018-06-04T20:43:45.000Z,"0 km ENE of Palermo, California",earthquake,,,,,reviewed,ushis,brk
1975-08-01T20:25:00.000Z,39.439,-121.528,,4.7,ml,,,,,ushis,ushis3357,2018-06-04T20:43:45.000Z,"0 km ENE of Palermo, California",earthquake,,,,,reviewed,ushis,brk
1975-08-01T20:20:12.900Z,39.4321667,-121.5458333,4.97,5.7,ml,,,,,nc,nc71105799,2024-02-25T10:10:35.849Z,"The 1975 Oroville, California Earthquake",earthquake,,,,0,reviewed,nc,nc
1975-08-01T20:20:04.820Z,39.4321667,-121.5458333,4.388,4.5,ml,27,116,,0.07,nc,nc1024998,2019-04-11T18:23:41.751Z,"0 km WSW of Palermo, California",earthquake,0.35,1.45,,0,reviewed,nc,nc
1975-08-01T16:27:18.110Z,39.4525,-121.548,5.509,4.7,ml,31,116,0.1081,0.08,nc,nc1024985,2022-04-27T17:34:32.739Z,"2 km NNW of Palermo, California",earthquake,0.28,1,,0,reviewed,nc,nc
1975-08-01T07:27:57.300Z,31.425,-104.012,5,4.8,mb,,,,,us,usp0000c8u,2014-11-06T23:21:31.536Z,"24 km WNW of Toyah, Texas",earthquake,,,,,reviewed,us,us
1975-07-28T17:42:20.300Z,25.026,-109.479,33,4.7,mb,,,,,us,usp0000c78,2014-11-06T23:21:31.506Z,"76 km SW of Topolobampo, Mexico",earthquake,,,,,reviewed,us,us
1975-07-28T16:51:53.900Z,25.369,-109.688,33,4.9,mb,,,,,us,usp0000c77,2014-11-06T23:21:31.505Z,"57 km SW of Campo Pesquero el Colorado, Mexico",earthquake,,,,,reviewed,us,us
1975-07-28T15:26:17.900Z,25.38,-109.622,33,5.2,mb,,,,,us,usp0000c76,2014-11-06T23:21:31.505Z,"52 km SW of Campo Pesquero el Colorado, Mexico",earthquake,,,,,reviewed,us,us
1975-07-28T14:42:36.200Z,25.341,-109.582,33,4.7,mb,,,,,us,usp0000c75,2014-11-06T23:21:31.504Z,"53 km SSW of Campo Pesquero el Colorado, Mexico",earthquake,,,,,reviewed,us,us
1975-07-17T18:24:44.710Z,31.812,-115.733,6,5.19,ml,0,274.3,,0.467,ci,ci3023015,2016-01-29T21:35:56.410Z,"70km SW of Alberto Oviedo Mota, B.C., MX",earthquake,,,,11,reviewed,ci,ci
1975-07-09T14:54:15.100Z,45.669,-96.041,10,4.6,mb,,,,,us,usp0000byg,2020-08-26T00:24:15.085Z,"3 km SW of Donnelly, Minnesota",earthquake,,,,,reviewed,us,us
1975-07-08T09:37:27.300Z,29.459,-113.346,33,6.5,ms,,,,,us,usp0000bxv,2022-04-27T17:37:01.895Z,"80 km SW of La Libertad, Mexico",earthquake,,,,,reviewed,us,us
1975-07-05T19:17:39.000Z,44.713,-110.624,5,4.5,mb,,,,,us,usp0000bww,2014-11-06T23:21:31.118Z,"29 km SSE of Mammoth, Wyoming",earthquake,,,,,reviewed,us,us
1975-07-03T03:21:34.000Z,44.752,-110.457,5,4.5,mb,,,,,us,usp0000bvv,2014-11-06T23:21:31.098Z,"31 km SE of Mammoth, Wyoming",earthquake,,,,,reviewed,us,us
1975-07-02T08:29:29.600Z,44.787,-110.756,5,4.6,mb,,,,,us,usp0000bvh,2014-11-06T23:21:31.091Z,"21 km SSW of Mammoth, Wyoming",earthquake,,,,,reviewed,us,us
1975-07-01T18:14:08.800Z,37.216,-116.427,5,4.7,mb,,,,,us,usp0000bv2,2014-11-06T23:21:31.081Z,"45 km NE of Beatty, Nevada",earthquake,,,,,reviewed,us,us
1975-07-01T04:50:31.900Z,37.281,-116.355,5,4.5,mb,,,,,us,usp0000buv,2014-11-06T23:21:31.077Z,"54 km NE of Beatty, Nevada",earthquake,,,,,reviewed,us,us
1975-07-01T04:16:22.500Z,44.882,-110.577,5,4.8,mb,,,,,us,usp0000buu,2014-11-06T23:21:31.076Z,"14 km SE of Mammoth, Wyoming",earthquake,,,,,reviewed,us,us
1975-06-30T20:20:56.600Z,44.692,-110.586,5,4.9,mb,,,,,us,usp0000buk,2018-06-04T20:43:45.000Z,"32 km SSE of Mammoth, Wyoming",earthquake,,,,,reviewed,us,us
1975-06-30T19:56:33.700Z,44.712,-110.524,5,4.7,mb,,,,,us,usp0000buj,2018-06-04T20:43:45.000Z,"32 km SSE of Mammoth, Wyoming",earthquake,,,,,reviewed,us,us
1975-06-30T19:00:27.400Z,44.766,-110.718,5,5.1,mb,,,,,us,usp0000bug,2018-06-04T20:43:45.000Z,"23 km S of Mammoth, Wyoming",earthquake,,,,,reviewed,us,us
1975-06-30T18:54:13.400Z,44.745,-110.605,7,5.9,ms,,,,,us,usp0000buf,2022-04-27T17:43:50.689Z,"26 km SSE of Mammoth, Wyoming",earthquake,,,,,reviewed,g,us
1975-06-30T18:47:57.700Z,44.796,-110.542,5,4.6,mb,,,,,us,usp0000bue,2018-06-04T20:43:45.000Z,"23 km SSE of Mammoth, Wyoming",earthquake,,,,,reviewed,us,us
1975-06-27T07:26:43.800Z,37.216,-116.401,5,4.6,mb,,,,,us,usp0000bt0,2014-11-06T23:21:31.037Z,"46 km NE of Beatty, Nevada",earthquake,,,,,reviewed,us,us
1975-06-26T12:30:00.200Z,37.279,-116.369,0,6.2,mb,,,,,us,usp0000bss,2016-01-29T21:13:10.330Z,"53 km NE of Beatty, Nevada",nuclear explosion,,,,,reviewed,a,us
1975-06-24T11:11:36.000Z,33.719,-87.84,10,4.5,mb,,,,,us,usp0000brg,2020-08-26T00:23:03.082Z,"3 km NNW of Fayette, Alabama",earthquake,,,,,reviewed,us,us
1975-06-19T13:00:00.100Z,37.35,-116.32,0,6.1,mb,,,,,us,usp0000bnk,2016-01-29T21:20:55.190Z,"60 km WSW of Rachel, Nevada",nuclear explosion,,,,,reviewed,a,us
1975-06-07T08:46:23.510Z,40.5415,-124.2763333,23.13,5.3,ml,15,176,0.04595,0.04,nc,nc1024130,2022-04-27T17:41:06.972Z,"3 km SSW of Ferndale, California",earthquake,0.87,0.64,,0,reviewed,nc,nc
1975-06-03T14:40:00.100Z,37.095,-116.036,0,5.7,mb,,,,,us,usp0000ba1,2016-01-29T21:37:07.700Z,"66 km SSW of Rachel, Nevada",nuclear explosion,,,,,reviewed,a,us
1975-06-03T14:20:00.200Z,37.34,-116.523,0,5.9,mb,,,,,us,usp0000ba0,2016-01-29T21:28:48.510Z,"52 km NNE of Beatty, Nevada",nuclear explosion,,,,,reviewed,a,us
1975-06-01T01:38:48.740Z,34.512,-116.488,0.11,5.28,ml,0,86.2,,0.299,ci,ci3022138,2022-04-27T17:39:44.446Z,"38km SW of Ludlow, CA",earthquake,,1.608,,7,reviewed,ci,ci
1975-05-14T14:00:00.400Z,37.221,-116.474,0,6,mb,,,,,us,usp0000b1a,2016-01-29T21:45:24.680Z,"42 km NE of Beatty, Nevada",nuclear explosion,,,,,reviewed,a,us
1975-05-13T00:21:35.600Z,35.007,-119.097,24.05,4.56,ml,0,153,,0.313,ci,ci3022027,2018-06-04T20:43:45.000Z,"17km WNW of Grapevine, CA",earthquake,,2.25,,11,reviewed,ci,ci
1975-04-30T15:00:00.000Z,37.109,-116.029,0,5.2,mb,,,,,us,usp0000aux,2016-01-29T21:53:10.940Z,"64 km SSW of Rachel, Nevada",nuclear explosion,,,,,reviewed,a,us
1975-04-28T00:17:45.820Z,31.853,-114.81,6,4.91,ml,0,290.3,,0.401,ci,ci3076368,2016-01-29T21:19:28.920Z,"42km SSE of Estacion Coahuila, B.C., MX",earthquake,,,,9,reviewed,ci,ci
1975-04-24T14:10:00.000Z,37.116,-116.087,0,4.6,mb,,,,,us,usp0000asq,2016-01-29T21:28:48.010Z,"64 km ENE of Beatty, Nevada",nuclear explosion,,,,,reviewed,a,us
1975-04-13T19:48:05.400Z,30.837,-116.125,33,4.5,mb,,,,,us,usp0000akz,2014-11-06T23:21:29.751Z,"5 km W of Camalú, Mexico",earthquake,,,,,reviewed,us,us
1975-04-07T13:42:34.500Z,42.041,-112.492,4,4.6,mb,,,,,us,usp0000ah3,2014-11-06T23:21:29.656Z,"19 km ENE of Snowville, Utah",earthquake,,,,,reviewed,u,us
1975-04-05T19:45:00.000Z,37.188,-116.214,0,4.8,mb,,,,,us,usp0000ag8,2016-01-29T21:53:08.220Z,"57 km ENE of Beatty, Nevada",nuclear explosion,,,,,reviewed,a,us
1975-04-02T21:06:45.900Z,42.094,-112.444,7,4.7,mb,,,,,us,usp0000afb,2014-11-06T23:21:29.600Z,"19 km SW of Malad City, Idaho",earthquake,,,,,reviewed,u,us
1975-03-31T13:45:51.500Z,41.981,-112.411,7,4.5,mb,,,,,us,usp0000aeq,2014-11-06T23:21:29.580Z,"14 km W of Portage, Utah",earthquake,,,,,reviewed,u,us
1975-03-29T13:01:19.800Z,42.016,-112.521,4,4.7,mb,,,,,us,usp0000adu,2018-06-04T20:43:45.000Z,"southern Idaho",earthquake,,,,,reviewed,u,us
1975-03-28T02:31:05.700Z,42.061,-112.548,5,6.1,mb,,,,,us,usp0000ad8,2022-04-27T17:51:56.369Z,"17 km NE of Snowville, Utah",earthquake,,,,,reviewed,u,us
1975-03-25T14:59:58.000Z,42.668,-108.097,10,4.8,mb,,,,,us,usp0000ac8,2014-11-06T23:21:29.498Z,"29 km NW of Jeffrey City, Wyoming",earthquake,,,,,reviewed,us,us
1975-03-09T12:08:02.400Z,25.677,-110.032,33,4.5,mb,,,,,us,usp0000a5u,2014-11-06T23:21:29.278Z,"72 km W of Campo Pesquero el Colorado, Mexico",earthquake,,,,,reviewed,us,us
1975-03-07T15:00:00.000Z,37.134,-116.084,0,5.5,mb,,,,,us,usp0000a55,2016-01-29T21:05:29.780Z,"64 km SSW of Rachel, Nevada",explosion,,,,,reviewed,a,us
1975-02-28T15:15:00.000Z,37.106,-116.056,0,5.7,mb,,,,,us,usp0000a2j,2016-01-29T22:01:18.960Z,"65 km SSW of Rachel, Nevada",earthquake,,,,,reviewed,a,us
1975-02-04T01:32:52.100Z,48.213,-114.11,8,4.6,mb,,,,,us,usp00009sj,2020-08-26T00:08:48.246Z,"12 km E of Evergreen, Montana",earthquake,,,,,reviewed,us,us
1975-01-23T17:02:30.020Z,32.952,-115.494,13.56,4.84,ml,0,87.8,,0.065,ci,ci3037458,2018-06-04T20:43:45.000Z,"4km SE of Brawley, CA",earthquake,,0.862,,9,reviewed,ci,ci
1975-01-12T21:22:13.480Z,32.693,-118.04,6,4.84,ml,0,245.2,,0.53,ci,ci3037348,2018-06-04T20:43:45.000Z,"32km ESE of San Clemente Is. (SE tip), CA",earthquake,,,,8,reviewed,ci,ci
1975-01-12T01:37:08.520Z,40.3295,-124.405,33.477,4.5,ml,12,299,0.1099,0.05,nc,nc1022498,2020-07-10T14:12:31.725Z,"29 km SSW of Ferndale, California",earthquake,4.04,2.98,,0,reviewed,nc,nc
1974-12-30T13:12:47.870Z,29.9076667,-116.1288333,6,4.58,ml,20,304,2.734,41.96,ci,ci3319041,2016-01-29T01:48:03.640Z,"206km SSE of Maneadero, B.C., MX",earthquake,99,31.61,0.095,6,reviewed,ci,ci
1974-12-28T23:18:38.800Z,30.86,-116.075,33,4.7,mb,,,,,us,usp000099k,2014-11-06T23:21:28.042Z,"2 km NNW of Camalú, Mexico",earthquake,,,,,reviewed,us,us
1974-11-28T23:01:24.590Z,36.9201667,-121.4673333,5.336,5.2,ml,51,61,0.03784,0.13,nc,nc1021949,2022-04-27T18:02:48.931Z,"9 km NW of Hollister, California",earthquake,0.26,0.59,,0,reviewed,nc,nc
1974-11-22T16:25:49.600Z,31.18,-115.241,33,4.9,mb,,,,,us,usp00008vt,2022-04-27T18:02:35.546Z,"42 km WNW of San Felipe, Mexico",earthquake,,,,,reviewed,us,us
1974-11-22T16:25:34.480Z,30.25,-114.8,6,5.55,ml,20,312,2.641,3.22,ci,ci3319062,2020-07-09T21:28:59.649Z,"217km S of Estacion Coahuila, B.C., MX",earthquake,99,31.61,0.055,4,reviewed,ci,ci
1974-11-22T05:25:55.500Z,32.9,-80.145,18,4.7,mb,,,,,us,usp00008vm,2020-08-26T00:01:37.153Z,"10 km SSW of Ladson, South Carolina",earthquake,,,,,reviewed,s,us
1974-10-22T08:43:07.100Z,44.739,-110.813,5,4.6,mb,,,,,us,usp00008h8,2018-06-04T20:43:45.000Z,"24 km ENE of West Yellowstone, Montana",earthquake,,,,,reviewed,us,us
1974-10-17T02:13:06.400Z,26.498,-110.937,46,4.6,mb,,,,,us,usp00008ep,2014-11-06T23:21:26.879Z,"67 km NE of Loreto, Mexico",earthquake,,,,,reviewed,us,us
1974-09-29T01:26:48.900Z,39.914,-120.788,10,4.7,mb,,,,,us,usp000086x,2016-01-29T01:42:33.570Z,"2 km N of Spring Garden, California",earthquake,,,,,reviewed,us,us
1974-09-26T15:05:00.200Z,37.133,-116.068,0,5.6,mb,,,,,us,usp000085t,2016-01-29T01:13:10.440Z,"63 km SSW of Rachel, Nevada",nuclear explosion,,,,,reviewed,a,us
1974-09-13T05:24:25.100Z,27.384,-112.472,33,4.6,mb,,,,,us,usp000080y,2014-11-06T23:21:26.287Z,"Baja California Sur, Mexico",earthquake,,,,,reviewed,us,us
1974-09-05T05:11:09.790Z,36.5521667,-120.5285,12.303,4.84,md,70,110,0.2405,0.11,nc,nc1020815,2016-12-14T21:04:48.050Z,"13 km WNW of Three Rocks, California",earthquake,0.23,0.8,0.38,14,reviewed,nc,nc
1974-08-30T19:46:54.000Z,44.64,-110.765,2,4.5,mb,,,,,us,usp00007vc,2014-11-06T23:21:26.080Z,"27 km E of West Yellowstone, Montana",earthquake,,,,,reviewed,us,us
1974-08-30T16:41:59.100Z,44.702,-110.803,1,4.5,mb,,,,,us,usp00007v2,2018-06-04T20:43:45.000Z,"24 km E of West Yellowstone, Montana",earthquake,,,,,reviewed,us,us
1974-08-30T15:00:00.200Z,37.15,-116.083,0,5.8,mb,,,,,us,usp00007v1,2016-01-29T01:37:38.690Z,"62 km SSW of Rachel, Nevada",nuclear explosion,,,,,reviewed,a,us
1974-08-14T14:00:00.100Z,37.023,-116.036,0,4.6,mb,,,,,us,usp00007m9,2016-01-29T01:18:09.010Z,"59 km NNW of Indian Springs, Nevada",nuclear explosion,,,,,reviewed,a,us
1974-07-16T04:30:21.500Z,28.907,-113.061,33,4.6,mb,,,,,us,usp0000764,2014-11-06T23:21:25.260Z,"85 km NE of San Luis, Mexico",earthquake,,,,,reviewed,us,us
1974-07-10T16:00:00.100Z,37.068,-116.032,0,5.7,mb,,,,,us,usp0000727,2016-01-29T01:28:00.140Z,"64 km NNW of Indian Springs, Nevada",nuclear explosion,,,,,reviewed,a,us
1974-07-01T18:23:07.300Z,44.564,-111.089,5,4.8,mb,,,,,us,usp00006z7,2018-06-04T20:43:45.000Z,"10 km S of West Yellowstone, Montana",earthquake,,,,,reviewed,us,us
1974-06-19T15:59:59.900Z,37.198,-116.188,5,5,mb,,,,,us,usp00006t7,2016-01-29T01:37:26.560Z,"60 km ENE of Beatty, Nevada",nuclear explosion,,,,,reviewed,us,us
1974-06-09T00:50:42.000Z,44.799,-111.054,5,4.9,ml,,,,,us,usp00006pm,2018-06-04T20:43:45.000Z,"11 km ENE of Hebgen Lake Estates, Montana",earthquake,,,,,reviewed,us,gs
1974-05-31T14:04:59.900Z,27.226,-111.238,33,6.3,ms,,,,,us,usp00006kc,2022-04-27T18:24:36.288Z,"78 km W of Bahía de Lobos, Mexico",earthquake,,,,,reviewed,us,us
1974-05-27T09:19:19.700Z,39.852,-120.91,2,4.6,mb,,,,,us,usp00006hh,2014-11-06T23:21:24.411Z,"9 km S of East Quincy, California",earthquake,,,,,reviewed,b,us
1974-05-23T13:38:30.200Z,37.064,-116.072,5,4.8,mb,,,,,us,usp00006ff,2016-01-29T01:27:50.970Z,"63 km ENE of Beatty, Nevada",nuclear explosion,,,,,reviewed,us,us
1974-04-20T03:00:09.380Z,46.7158333,-121.4756667,4.245,4.7,md,6,290,,0.16,uw,uw10858488,2018-06-04T20:43:45.000Z,"19 km NE of Packwood, Washington",earthquake,7.63,1.7,0.05,10,reviewed,uw,uw
1974-04-03T23:05:02.500Z,38.592,-88.094,11,4.5,mb,,,,,us,usp00005uz,2020-07-07T23:04:49.096Z,"3 km W of Parkersburg, Illinois",earthquake,,,,,reviewed,us,us
1974-03-16T15:57:41.800Z,40.34,-124.723,33,4.7,mb,,,,,us,usp00005n3,2018-06-04T20:43:45.000Z,"46 km SW of Ferndale, California",earthquake,,,,,reviewed,us,us
1974-02-27T17:00:00.100Z,37.104,-116.053,0,5.8,mb,,,,,us,usp00005eb,2016-01-29T01:37:15.260Z,"65 km SSW of Rachel, Nevada",nuclear explosion,,,,,reviewed,a,us
1974-02-15T13:33:49.200Z,36.5,-100.693,24,4.5,mb,,,,,us,usp00005ac,2021-05-13T21:55:41.309Z,"14 km NE of Perryton, Texas",earthquake,,,,,reviewed,us,us
1974-01-06T13:55:23.200Z,41.122,-121.493,5,4.5,mb,,,,,us,usp00004u9,2018-06-04T20:43:45.000Z,"11 km NW of McArthur, California",earthquake,,,,,reviewed,b,us
1973-12-21T19:12:43.500Z,40.625,-124.597,30,5.2,mb,,,,,us,usp00004m1,2020-07-10T19:58:59.718Z,"28 km W of Ferndale, California",earthquake,,,,,reviewed,us,us
1973-12-12T19:00:00.500Z,36.947,-116.02,5,4.5,mb,,,,,us,usp00004h8,2016-01-29T01:37:06.200Z,"52 km NW of Indian Springs, Nevada",nuclear explosion,,,,,reviewed,us,us
1973-11-30T07:48:41.200Z,35.799,-83.962,3,4.7,mb,,,,,us,usp00004c7,2020-07-10T19:57:44.872Z,"1 km NE of Alcoa, Tennessee",earthquake,,,,,reviewed,s,us
1973-11-22T08:31:46.800Z,30.201,-113.096,33,4.6,mb,,,,,us,usp0000484,2014-11-06T23:21:21.504Z,"50 km NW of La Libertad, Mexico",earthquake,,,,,reviewed,us,us
1973-11-12T03:39:39.000Z,39.343,-123.363,18,4.8,mb,,,,,us,usp000044k,2020-07-10T19:55:08.968Z,"7 km S of Willits, California",earthquake,,,,,reviewed,b,us
1973-10-13T21:09:51.700Z,29.434,-113.61,33,4.7,mb,,,,,us,usp00003tu,2014-11-06T23:21:20.911Z,"Baja California, Mexico",earthquake,,,,,reviewed,us,us
1973-10-13T01:43:47.200Z,29.575,-113.644,15,5.2,mb,,,,,us,usp00003tn,2014-11-06T23:21:20.905Z,"99 km WSW of La Libertad, Mexico",earthquake,,,,,reviewed,us,us
1973-10-12T17:00:00.800Z,37.2,-116.203,0,4.8,mb,,,,,us,usp00003tf,2016-01-29T01:47:00.400Z,"59 km ENE of Beatty, Nevada",nuclear explosion,,,,,reviewed,a,us
1973-10-12T07:51:13.100Z,29.81,-113.424,33,4.8,mb,,,,,us,usp00003td,2014-11-06T23:21:20.898Z,"71 km W of La Libertad, Mexico",earthquake,,,,,reviewed,us,us
1973-10-11T19:34:04.600Z,29.712,-113.38,32,4.9,mb,,,,,us,usp00003t7,2014-11-06T23:21:20.891Z,"70 km WSW of La Libertad, Mexico",earthquake,,,,,reviewed,us,us
1973-10-11T04:05:59.900Z,29.75,-113.261,33,4.6,mb,,,,,us,usp00003sy,2014-11-06T23:21:20.849Z,"57 km WSW of La Libertad, Mexico",earthquake,,,,,reviewed,us,us
1973-10-11T00:01:24.100Z,29.719,-113.473,33,5,mb,,,,,us,usp00003st,2014-11-06T23:21:20.845Z,"78 km WSW of La Libertad, Mexico",earthquake,,,,,reviewed,us,us
1973-10-10T19:16:45.400Z,28.911,-113.449,33,4.5,mb,,,,,us,usp00003sr,2014-11-06T23:21:20.843Z,"60 km NNE of San Luis, Mexico",earthquake,,,,,reviewed,us,us
1973-10-10T17:20:19.200Z,30.203,-113.287,33,4.7,mb,,,,,us,usp00003sp,2014-11-06T23:21:20.841Z,"65 km WNW of La Libertad, Mexico",earthquake,,,,,reviewed,us,us
1973-10-03T10:07:27.400Z,37.195,-121.575,6,4.6,mb,,,,,us,usp00003nu,2018-06-04T20:43:45.000Z,"10 km NE of Morgan Hill, California",earthquake,,,,,reviewed,b,us
1973-10-03T04:27:40.500Z,27.557,-112.419,9,5.5,mb,,,,,us,usp00003nm,2022-04-27T18:37:58.065Z,"28 km NNW of Santa Rosalía, Mexico",earthquake,,,,,reviewed,us,us
1973-09-13T17:30:39.150Z,32.896,-116.2293333,8.63,4.65,ml,13,84,0.2652,0.5,ci,ci3319366,2018-06-04T20:43:45.000Z,"28km NW of Ocotillo, CA",earthquake,1.46,2.35,0.294,12,reviewed,ci,ci
1973-08-09T02:18:25.800Z,40.26,-124.233,2,5.1,mb,,,,,us,usp000031j,2022-04-27T18:42:29.042Z,"27 km SSW of Scotia, California",earthquake,,,,,reviewed,b,us
1973-08-06T23:29:16.660Z,33.9568333,-119.4748333,16.92,5.14,ml,19,183,,0.37,ci,ci3319386,2020-07-09T21:29:24.418Z,"9km SSE of Santa Cruz Is. (E end), CA",earthquake,1.46,2.18,0.212,7,reviewed,ci,ci
1973-07-23T20:37:46.100Z,30.751,-113.468,33,5,mb,,,,,us,usp00002u1,2014-11-06T23:21:15.237Z,"63 km S of Puerto Peñasco, Mexico",earthquake,,,,,reviewed,us,us
1973-06-28T19:15:12.400Z,37.148,-116.086,0,4.9,mb,,,,,us,usp00002ez,2016-01-29T01:36:38.830Z,"62 km SSW of Rachel, Nevada",nuclear explosion,,,,,reviewed,a,us
1973-06-21T14:44:59.600Z,37.084,-115.993,5,5.3,mb,,,,,us,usp00002aj,2016-01-29T01:46:28.640Z,"63 km NNW of Indian Springs, Nevada",nuclear explosion,,,,,reviewed,us,us
1973-06-15T01:09:04.200Z,45.317,-70.908,12,4.8,mb,,,,,us,usp000025v,2020-04-16T20:56:52.431Z,"29 km S of Lac-Mégantic, Canada",earthquake,,,,,reviewed,s,us
1973-06-12T08:15:49.900Z,37.224,-116.332,5,4.8,mb,,,,,us,usp0000252,2016-01-29T01:26:42.990Z,"51 km NE of Beatty, Nevada",earthquake,,,,,reviewed,us,us
1973-06-10T04:26:08.900Z,25.99,-110.113,33,4.5,mb,,,,,us,usp0000247,2014-11-06T23:21:13.198Z,"78 km W of El Aguajito, Mexico",earthquake,,,,,reviewed,us,us
1973-06-06T13:00:00.100Z,37.245,-116.346,0,6.1,mb,,,,,us,usp000021x,2016-01-29T01:16:47.530Z,"52 km NE of Beatty, Nevada",nuclear explosion,,,,,reviewed,a,us
1973-06-05T17:00:00.200Z,37.185,-116.215,0,5.1,mb,,,,,us,usp000021g,2016-01-29T01:46:24.180Z,"57 km ENE of Beatty, Nevada",nuclear explosion,,,,,reviewed,a,us
1973-05-30T17:33:51.000Z,26.31,-110.665,33,4.8,mb,,,,,us,usp00001zf,2014-11-06T23:21:12.952Z,"75 km ENE of Loreto, Mexico",earthquake,,,,,reviewed,us,us
1973-05-24T13:30:00.700Z,37.156,-116.106,5,4.8,mb,,,,,us,usp00001wy,2016-01-29T01:21:37.220Z,"63 km SSW of Rachel, Nevada",nuclear explosion,,,,,reviewed,us,us
1973-05-17T16:00:00.000Z,39.793,-108.366,0,5.4,mb,,,,,us,usp00001uu,2015-06-16T17:17:20.559Z,"46 km NW of Parachute, Colorado",nuclear explosion,,,,,reviewed,a,us
1973-04-26T17:15:00.200Z,37.123,-116.059,0,5.6,mb,,,,,us,usp00001ke,2016-01-29T01:41:06.100Z,"64 km SSW of Rachel, Nevada",nuclear explosion,,,,,reviewed,a,us
1973-04-25T22:25:00.000Z,37.005,-116.028,0,4.7,mb,,,,,us,usp00001jz,2016-01-29T01:16:43.550Z,"57 km NNW of Indian Springs, Nevada",nuclear explosion,,,,,reviewed,a,us
1973-04-22T06:07:12.400Z,42.635,-107.85,33,4.8,mb,,,,,us,usp00001gg,2014-11-06T23:21:12.006Z,"15 km N of Jeffrey City, Wyoming",earthquake,,,,,reviewed,us,us
1973-04-19T16:59:42.700Z,34.3,-112.617,0,4.5,mb,,,,,us,usp00001f9,2014-11-06T23:21:11.691Z,"10 km ENE of Peeples Valley, Arizona",explosion,,,,,reviewed,us,us
1973-03-31T20:33:33.500Z,44.513,-110.491,10,5.1,mb,,,,,us,usp0000163,2018-06-04T20:43:45.000Z,"51 km ESE of West Yellowstone, Montana",earthquake,,,,,reviewed,us,us
1973-03-30T00:32:57.600Z,44.361,-110.355,11,4.6,mb,,,,,us,usp000015d,2018-06-04T20:43:45.000Z,"68 km ESE of West Yellowstone, Montana",earthquake,,,,,reviewed,us,us
1973-03-28T03:02:30.100Z,44.363,-110.413,10,4.5,mb,,,,,us,usp0000145,2014-11-06T23:21:10.561Z,"64 km ESE of West Yellowstone, Montana",earthquake,,,,,reviewed,us,us
1973-03-28T02:39:58.300Z,44.429,-110.391,8,5,mb,,,,,us,usp0000144,2014-11-06T23:21:10.560Z,"62 km ESE of West Yellowstone, Montana",earthquake,,,,,reviewed,us,us
1973-03-25T22:42:02.800Z,25.89,-109.878,33,5.5,ms,,,,,us,usp000012t,2022-04-27T18:58:29.784Z,"Gulf of California",earthquake,,,,,reviewed,us,us
1973-03-17T07:43:05.500Z,36.087,-106.168,6,4.5,mb,,,,,us,usp00000z6,2014-11-06T23:21:10.078Z,"2 km SW of Chili, New Mexico",earthquake,,,,,reviewed,us,us
1973-03-08T16:10:00.200Z,37.103,-116.027,0,5.4,mb,,,,,us,usp00000vk,2016-01-29T01:26:21.910Z,"65 km SSW of Rachel, Nevada",nuclear explosion,,,,,reviewed,a,us
1973-03-06T22:19:32.700Z,27.54,-112.451,33,5.1,mb,,,,,us,usp00000ur,2022-04-27T18:56:08.742Z,"28 km NW of Santa Rosalía, Mexico",earthquake,,,,,reviewed,us,us
1973-03-03T03:00:03.300Z,41.81,-118.457,5,4.7,mb,,,,,us,usp00000tb,2018-06-04T20:43:45.000Z,"24 km SE of Denio, Nevada",earthquake,,,,,reviewed,us,us
1973-02-21T14:45:56.140Z,33.979,-119.0501667,10,5.3,mw,14,183,0.7181,0.39,ci,ci3320341,2024-02-25T10:13:47.246Z,"The 1973 Point Mugu, California Earthquake",earthquake,1.28,31.61,0.545,4,reviewed,ci,ci
1972-12-21T20:15:00.580Z,37.1398333,-116.0831667,0.4,4.63,ml,17,257,1.719,0.55,ci,ci3320625,2016-01-29T01:26:03.290Z,"65km ENE of Beatty, NV",nuclear explosion,99,31.61,0.117,11,reviewed,ci,ci
1972-11-14T02:10:13.800Z,40.3,-124.67,23,4.8,ms,,,,,ushis,ushis3212,2018-06-04T20:43:45.000Z,"46 km SW of Ferndale, California",earthquake,,,,,reviewed,ushis,us
1972-10-03T06:30:02.200Z,36.8,-121.533,8,4.88,mw,,,,,ushis,ushis3209,2018-06-04T20:43:45.000Z,"5 km S of San Juan Bautista, California",earthquake,,,,,reviewed,ushis,jm
1972-10-01T19:42:29.500Z,40.51,-111.35,7,4.7,mb,,,,,ushis,ushis3208,2018-06-04T20:43:45.000Z,"5 km E of Heber City, Utah",earthquake,,,,,reviewed,ushis,us
1972-09-21T15:30:00.480Z,37.082,-116.0383333,0.6,5.1,ml,15,255,,0.42,ci,ci3321071,2016-01-29T01:45:24.060Z,"66km ENE of Beatty, NV",nuclear explosion,99,31.61,0.264,9,reviewed,ci,ci
1972-09-04T18:04:40.250Z,36.5535,-121.3788333,6,4.81,ml,12,183,,0.8,ci,ci3320977,2018-06-04T20:43:45.000Z,"8km NE of Gonzales, CA",earthquake,5.18,31.61,0.11,9,reviewed,ci,ci
1972-02-27T22:13:08.600Z,36.553,-121.093,8,5.22,mw,,,,,ushis,ushis3186,2018-06-04T20:43:45.000Z,"25 km NE of Soledad, California",earthquake,,,,,reviewed,ushis,jm
1972-02-24T15:56:51.300Z,36.588,-121.197,8,4.96,mw,,,,,ushis,ushis3185,2018-06-04T20:43:45.000Z,"21 km NNE of Soledad, California",earthquake,,,,,reviewed,ushis,som
1972-02-24T15:56:12.400Z,36.2811667,-121.7135,6,4.92,ml,9,206,,1.13,ci,ci3321448,2016-01-29T01:35:19.490Z,"25km S of Carmel Valley Village, CA",earthquake,8.58,31.61,0.105,10,reviewed,ci,ci
1972-02-20T06:08:14.370Z,29.328,-113.68,15,5.79,mw,,,,,iscgem,iscgem776334,2022-04-26T20:56:35.354Z,"99 km N of San Luis, Mexico",earthquake,,25,0.3,,reviewed,iscgem,iscgem
1972-01-03T10:20:38.900Z,38.65,-112.17,7,4.6,mb,,,,,ushis,ushis3180,2018-06-04T20:43:45.000Z,"4 km SSW of Elsinore, Utah",earthquake,,,,,reviewed,ushis,us
1971-12-08T17:18:56.000Z,37.615,-115.288,8,4.8,mb,,,,,ushis,ushis3176,2018-06-04T20:43:45.000Z,"5 km WNW of Hiko, Nevada",earthquake,,,,,reviewed,ushis,us
1971-11-20T13:59:05.450Z,40.361,-124.414,15,5.4,mw,,,,,iscgem,iscgem778683,2022-04-26T21:01:26.849Z,"27 km SSW of Ferndale, California",earthquake,,7.7,0.55,,reviewed,iscgem,iscgem
1971-09-30T22:46:10.870Z,32.9826667,-115.8038333,6,5.02,ml,8,96,,0.76,ci,ci3321788,2018-06-04T20:43:45.000Z,"18km WSW of Westmorland, CA",earthquake,3.18,31.61,0.149,9,reviewed,ci,ci
1971-09-30T08:18:00.010Z,26.816,-110.834,15,6.5,mw,,,,,iscgem,iscgem780731,2022-04-26T21:07:20.571Z,"70 km SSW of Bahía de Lobos, Mexico",earthquake,,25,0.2,,reviewed,iscgem,iscgem
1971-09-12T19:32:38.000Z,41.298,-123.673,23,4.9,mb,,,,,ushis,ushis3171,2018-06-04T20:43:45.000Z,"32 km E of Orick, California",earthquake,,,,,reviewed,ushis,us
1971-08-18T14:00:00.140Z,37.0571667,-116.0363333,0.5,4.76,ml,15,254,,0.41,ci,ci3342566,2016-01-29T01:44:41.730Z,"66km ENE of Beatty, NV",nuclear explosion,99,31.61,0.205,11,reviewed,ci,ci
1971-07-10T10:19:50.500Z,38,-115.0491667,0.01,4.57,ml,9,308,2.699,2.81,ci,ci3322756,2016-01-29T01:25:14.260Z,"64km NW of Caliente, NV",earthquake,99,31.61,0.157,10,reviewed,ci,ci
1971-07-08T14:00:01.860Z,37.1101667,-116.0513333,0.5,5.01,ml,6,282,,0.75,ci,ci3322744,2016-01-29T01:15:14.460Z,"66km ENE of Beatty, NV",nuclear explosion,99,31.61,0.152,11,reviewed,ci,ci
1971-06-24T14:00:00.670Z,37.1466667,-116.0668333,0.5,4.65,ml,14,257,,0.53,ci,ci3322586,2016-01-29T01:20:05.740Z,"66km ENE of Beatty, NV",nuclear explosion,99,31.61,0.3,10,reviewed,ci,ci
1971-04-16T12:58:31.700Z,36.8,-122.183,8,4.8,mb,,,,,ushis,ushis3158,2018-06-04T20:43:45.000Z,"23 km S of Davenport, California",earthquake,,,,,reviewed,ushis,us
1971-04-14T19:35:05.230Z,27.622,-112.305,15,5.5,mw,,,,,iscgem,iscgem785609,2022-04-26T21:18:54.206Z,"31 km N of Santa Rosalía, Mexico",earthquake,,25,0.28,,reviewed,iscgem,iscgem
1971-04-14T11:38:40.860Z,27.565,-112.528,15,5.61,mw,,,,,iscgem,iscgem785599,2022-04-26T21:18:52.622Z,"35 km NW of Santa Rosalía, Mexico",earthquake,,25,0.2,,reviewed,iscgem,iscgem
1971-03-09T15:35:16.200Z,36.8,-122.145,8,4.8,mb,,,,,ushis,ushis3152,2018-06-04T20:43:45.000Z,"21 km SSW of Santa Cruz, California",earthquake,,,,,reviewed,ushis,us
1971-02-27T00:31:41.410Z,40.404,-124.816,24.2,5.49,mw,,,,,iscgem,iscgem787744,2022-04-26T21:23:07.548Z,"50 km WSW of Ferndale, California",earthquake,,5.2,0.22,,reviewed,iscgem,iscgem
1971-02-09T15:58:20.880Z,34.3501667,-118.3388333,13.91,4.59,ml,14,130,,0.4,ci,ci3347652,2022-04-26T21:22:21.751Z,"9km NNE of Lake View Terrace, CA",earthquake,1.26,1.04,0.137,7,reviewed,ci,ci
1971-02-09T14:34:39.350Z,34.3096667,-118.414,2.79,4.83,ml,6,150,,0.34,ci,ci3342514,2018-06-04T20:43:45.000Z,"4km NE of Pacoima, CA",earthquake,2.83,2.45,0.319,7,reviewed,ci,ci
1971-02-09T14:10:29.040Z,34.416,-118.37,6,5.3,mh,0,360,0.3136,0,ci,ci3360199,2018-06-04T20:43:45.000Z,"10km SSW of Agua Dulce, CA",earthquake,,,,0,reviewed,ci,ci
1971-02-09T14:10:21.330Z,34.2463333,-118.3961667,14.58,4.64,ml,4,164,0.2105,0.06,ci,ci3342443,2018-06-04T20:43:45.000Z,"4km SW of Lake View Terrace, CA",earthquake,1.24,1.5,0.122,7,reviewed,ci,ci
1971-02-09T14:08:53.720Z,34.416,-118.37,6,4.6,mh,0,205.2,0.3136,0.523,ci,ci3360203,2018-06-04T20:43:45.000Z,"10km SSW of Agua Dulce, CA",earthquake,,,,0,reviewed,ci,ci
1971-02-09T14:08:34.040Z,34.416,-118.37,6,4.5,mh,0,360,0.3136,0,ci,ci3360204,2018-06-04T20:43:45.000Z,"10km SSW of Agua Dulce, CA",earthquake,,,,0,reviewed,ci,ci
1971-02-09T14:07:43.970Z,34.416,-118.37,6,4.5,mh,0,360,0.3136,0.154,ci,ci3360209,2021-03-09T23:52:08.576Z,"10km SSW of Agua Dulce, CA",earthquake,,,,0,reviewed,ci,ci
1971-02-09T14:02:45.740Z,34.416,-118.37,6,5.8,mh,0,360,0.3136,0.005,ci,ci3360245,2021-07-09T19:15:50.289Z,"10km SSW of Agua Dulce, CA",earthquake,,,,0,reviewed,ci,ci
1971-02-09T14:02:29.940Z,34.416,-118.37,6,4.7,mh,0,360,0.3136,0,ci,ci3360246,2021-07-09T19:16:24.144Z,"10km SSW of Agua Dulce, CA",earthquake,,,,0,reviewed,ci,ci
1971-02-09T14:01:53.040Z,34.416,-118.37,6,4.5,mh,0,360,0.3136,0,ci,ci3360252,2021-03-09T23:52:17.143Z,"10km SSW of Agua Dulce, CA",earthquake,,,,0,reviewed,ci,ci
1971-02-09T14:01:12.450Z,34.416,-118.37,6,5.8,mh,0,328.5,0.3136,0.324,ci,ci3360255,2020-07-09T21:38:09.519Z,"10km SSW of Agua Dulce, CA",earthquake,,,,0,reviewed,ci,ci
1971-02-09T14:00:41.920Z,34.416,-118.37,8.95,6.6,mw,0,123.4,,0.249,ci,ci3347678,2025-11-07T01:39:42.310Z,"1971 San Fernando Earthquake, California",earthquake,,6.837,,0,reviewed,ci,ci
1971-01-04T07:39:07.000Z,35.1,-106.6,,4.7,mb,,,,,ushis,ushis3126,2020-04-16T21:05:13.387Z,"4 km ENE of Albuquerque, New Mexico",earthquake,,,,,reviewed,ushis,us
1970-12-17T16:04:59.260Z,37.1428333,-116.034,0.01,5.19,ml,14,258,1.758,2.27,ci,ci3323536,2016-01-29T01:14:35.340Z,"69km ENE of Beatty, NV",nuclear explosion,99,31.61,0.314,11,reviewed,ci,ci
1970-12-16T16:00:00.490Z,37.1001667,-116.0078333,0.5,4.66,ml,13,256,1.778,0.61,ci,ci3323535,2016-01-29T01:24:44.890Z,"70km ENE of Beatty, NV",nuclear explosion,99,31.61,0.303,9,reviewed,ci,ci
1970-11-28T07:40:11.800Z,35.1,-106.61,,4.5,mb,,,,,ushis,ushis3122,2020-04-16T21:05:33.927Z,"4 km ENE of Albuquerque, New Mexico",earthquake,,,,,reviewed,ushis,us
1970-10-14T14:30:00.350Z,37.0706667,-116.0051667,0.6,4.93,ml,14,255,1.78,0.59,ci,ci3323577,2016-01-29T01:14:30.430Z,"69km ENE of Beatty, NV",nuclear explosion,99,31.61,0.284,11,reviewed,ci,ci
1970-09-12T14:30:53.000Z,34.2548333,-117.5343333,10.75,5.22,ml,17,106,,0.36,ci,ci3323898,2022-04-26T21:31:29.698Z,"3km W of Lytle Creek, CA",earthquake,0.84,1.75,0.143,6,reviewed,ci,ci
1970-08-04T04:14:21.400Z,36.647,-122.185,8,4.5,mb,,,,,ushis,ushis3112,2018-06-04T20:43:45.000Z,"Near the coast of Central California",earthquake,,,,,reviewed,ushis,us
1970-06-12T03:30:04.000Z,37.802,-121.933,9,4.6,mb,,,,,ushis,ushis3107,2018-06-04T20:43:45.000Z,"3 km SW of Blackhawk, California",earthquake,,,,,reviewed,ushis,us
1970-05-26T15:00:00.600Z,37.1133333,-116.0623333,0.5,4.98,ml,16,276,1.735,1.79,ci,ci3324214,2016-01-29T01:09:01.230Z,"66km ENE of Beatty, NV",nuclear explosion,99,31.61,0.262,11,reviewed,ci,ci
1970-05-15T13:30:00.380Z,37.1618333,-116.0388333,0.4,4.73,ml,17,258,1.755,0.57,ci,ci3324181,2016-01-29T01:14:08.690Z,"70km ENE of Beatty, NV",nuclear explosion,99,31.61,0.351,12,reviewed,ci,ci
1970-05-05T15:30:00.470Z,37.2165,-116.184,0.4,4.5,ml,14,259,1.643,0.67,ci,ci3324165,2016-01-29T01:24:16.430Z,"61km NE of Beatty, NV",nuclear explosion,99,31.61,0.364,8,reviewed,ci,ci
1970-03-31T07:02:28.600Z,36.868,-121.418,8,4.51,mw,,,,,ushis,ushis3099,2018-06-04T20:43:45.000Z,"2 km NW of Hollister, California",earthquake,,,,,reviewed,ushis,jm
1970-03-29T12:40:40.300Z,41.66,-113.84,7,4.6,mb,,,,,ushis,ushis3098,2018-06-04T20:43:45.000Z,"53 km NE of Montello, Nevada",earthquake,,,,,reviewed,ushis,us
1970-03-28T09:38:44.000Z,38.95,-116.4,,4.5,mb,,,,,ushis,ushis3097,2018-06-04T20:43:45.000Z,"64 km ESE of Kingston, Nevada",earthquake,,,,,reviewed,ushis,us
1970-03-26T19:00:00.780Z,37.3005,-116.5341667,1.2,5.54,ml,16,260,1.377,0.35,ci,ci3325031,2016-01-29T01:43:28.890Z,"48km NNE of Beatty, NV",nuclear explosion,99,31.61,0.41,10,reviewed,ci,ci
1970-03-23T23:05:00.480Z,37.0861667,-116.0211667,0.6,5,ml,14,255,1.767,1.48,ci,ci3324823,2016-01-29T01:29:07.480Z,"68km ENE of Beatty, NV",nuclear explosion,99,31.61,0.111,10,reviewed,ci,ci
1970-02-26T15:30:00.160Z,37.1163333,-116.0613333,0.4,4.71,ml,13,286,1.794,1.45,ci,ci3324347,2016-01-29T01:29:04.090Z,"66km ENE of Beatty, NV",nuclear explosion,99,31.61,0.237,10,reviewed,ci,ci
1970-02-25T14:28:38.750Z,37.0366667,-115.9996667,0.4,4.68,ml,16,254,1.773,1.85,ci,ci3324345,2016-01-29T01:14:02.420Z,"68km ENE of Beatty, NV",nuclear explosion,99,31.61,0.182,10,reviewed,ci,ci
1970-02-04T17:00:00.160Z,37.0981667,-116.0265,0.6,5.1,ml,16,255,1.763,1.31,ci,ci3324933,2016-01-29T01:08:54.620Z,"68km ENE of Beatty, NV",nuclear explosion,99,31.61,0.246,9,reviewed,ci,ci
1969-12-18T19:00:00.280Z,37.1205,-116.0348333,0.5,4.73,ml,12,256,1.757,0.46,ci,ci3325855,2016-01-28T19:51:58.390Z,"68km ENE of Beatty, NV",nuclear explosion,99,31.61,0.112,10,reviewed,ci,ci
1969-12-17T15:00:00.270Z,37.0838333,-116.0016667,0.6,4.99,ml,12,286,1.894,0.44,ci,ci3325847,2016-01-28T19:43:15.180Z,"70km ENE of Beatty, NV",nuclear explosion,99,31.61,0.036,7,reviewed,ci,ci
1969-11-21T14:52:00.030Z,37.0311667,-116.002,0.4,4.59,ml,12,254,1.768,0.97,ci,ci3326025,2016-01-28T19:38:48.830Z,"68km ENE of Beatty, NV",quarry blast,99,31.61,0.214,10,reviewed,ci,ci
1969-11-20T01:00:09.300Z,37.449,-80.932,3,4.54,mw,,,,,ushis,ushis3082,2020-04-16T21:08:50.846Z,"8 km ENE of Athens, West Virginia",earthquake,,,,,reviewed,ushis,hrn
1969-11-10T07:38:44.700Z,48.5498333,-121.51,33,4.6,md,,,,,uw,uw10835913,2018-06-04T20:43:45.000Z,"Washington",other event,,,,0,reviewed,uw,uw
1969-11-05T18:48:41.170Z,34.4126667,-121.572,6,4.55,ml,13,293,1.322,0.6,ci,ci3325890,2018-06-04T20:43:45.000Z,"103km WSW of Vandenberg Air Force Base, CA",earthquake,5.21,31.61,0.177,9,reviewed,ci,ci
1969-11-05T17:54:12.190Z,34.589,-121.428,10,6,mw,,,,,iscgem,iscgem801913,2022-04-26T21:52:09.577Z,"85 km WSW of Vandenberg Air Force Base, California",earthquake,,13.7,0.3,,reviewed,iscgem,iscgem
1969-10-31T10:39:29.510Z,33.4605,-119.1321667,6,4.6,ml,13,232,1.054,0.73,ci,ci3326170,2018-06-04T20:43:45.000Z,"7km W of Santa Barbara Is., CA",earthquake,3.8,31.61,0.16,10,reviewed,ci,ci
1969-10-29T22:01:51.540Z,37.1433333,-116.0638333,0.6,5.09,ml,15,257,1.734,0.42,ci,ci3326167,2016-01-28T19:38:41.690Z,"67km ENE of Beatty, NV",nuclear explosion,99,31.61,0.419,7,reviewed,ci,ci
1969-10-24T20:26:43.620Z,33.343,-119.1331667,6,4.63,ml,14,223,1.135,0.54,ci,ci3326128,2018-06-04T20:43:45.000Z,"16km SSW of Santa Barbara Is., CA",earthquake,2.2,31.61,0.038,9,reviewed,ci,ci
1969-10-24T08:29:12.420Z,33.3363333,-119.1613333,6,4.85,ml,15,225,1.156,0.52,ci,ci3326120,2018-06-04T20:43:45.000Z,"18km SSW of Santa Barbara Is., CA",earthquake,2.69,31.61,0.08,8,reviewed,ci,ci
1969-10-22T22:51:33.920Z,34.609,-121.492,10,5.8,mw,,,,,iscgem,iscgem803657,2022-04-26T21:55:04.314Z,"90 km W of Vandenberg Air Force Base, California",earthquake,,13.7,0.3,,reviewed,iscgem,iscgem
1969-10-08T14:30:00.890Z,37.2566667,-116.4406667,0.6,4.96,ml,14,259,1.444,0.49,ci,ci3326932,2016-01-28T19:34:33.970Z,"48km NE of Beatty, NV",nuclear explosion,99,31.61,0.186,8,reviewed,ci,ci
1969-10-03T13:10:09.690Z,37.7518333,-118.8175,6,4.63,ml,7,225,,0.37,ci,ci3326341,2018-06-04T20:43:45.000Z,"19km NE of Mammoth Lakes, CA",earthquake,2.99,31.61,0.217,10,reviewed,ci,ci
1969-10-02T06:19:59.000Z,38.321,-122.826,15,5.3,mw,,,,,iscgemsup,iscgemsup803006,2022-05-09T19:20:20.327Z,"Northern California",earthquake,,7,0.75,,reviewed,iscgemsup,iscgemsup
1969-10-02T04:56:49.050Z,38.315,-122.807,15,5.26,mw,,,,,iscgem,iscgem803001,2022-04-26T21:54:12.975Z,"3 km E of Bloomfield, California",earthquake,,7,0.2,,reviewed,iscgem,iscgem
1969-09-19T13:33:15.000Z,42.99,-111.43,5,4.5,mb,,,,,ushis,ushis3057,2018-06-04T20:43:45.000Z,"31 km W of Freedom, Idaho",earthquake,,,,,reviewed,ushis,us
1969-09-16T14:30:00.710Z,37.3141667,-116.4606667,1.2,5.82,ml,13,268,1.437,0.33,ci,ci3326197,2016-01-28T19:34:29.540Z,"52km NNE of Beatty, NV",nuclear explosion,99,31.61,0.187,8,reviewed,ci,ci
1969-08-18T03:21:54.840Z,24.679,-109.222,20,5.58,mw,,,,,iscgem,iscgem805990,2022-04-26T22:01:56.454Z,"102 km SSW of El Huitusi, Mexico",earthquake,,25,0.21,,reviewed,iscgem,iscgem
1969-08-18T01:39:25.010Z,24.881,-109.117,20,5.97,mw,,,,,iscgem,iscgem805985,2022-04-26T22:01:54.613Z,"77 km SSW of El Huitusi, Mexico",earthquake,,8,0.2,,reviewed,iscgem,iscgem
1969-08-17T20:27:27.170Z,25.278,-109.146,19.5,5.62,mw,,,,,iscgem,iscgem805965,2022-04-26T22:01:47.834Z,"36 km SSW of Topolobampo, Mexico",earthquake,,4,0.53,,reviewed,iscgem,iscgem
1969-08-17T20:14:59.550Z,25.035,-109.424,15,6.7,mw,,,,,iscgem,iscgem805964,2022-04-26T22:01:45.879Z,"73 km SSW of Topolobampo, Mexico",earthquake,,25,0.2,,reviewed,iscgem,iscgem
1969-08-17T20:13:08.230Z,25.213,-109.188,15,6.5,mw,,,,,iscgem,iscgem805963,2022-04-26T22:01:44.319Z,"45 km SSW of Topolobampo, Mexico",earthquake,,8,0.2,,reviewed,iscgem,iscgem
1969-07-16T14:54:51.410Z,37.6448333,-115.54,0.5,5.31,ml,9,320,2.551,0.47,ci,ci3327279,2016-01-28T19:51:33.510Z,"45km NW of Alamo, NV",nuclear explosion,99,31.61,0.135,8,reviewed,ci,ci
1969-07-01T12:00:45.600Z,40.3,-124.3,26,4.6,mb,,,,,ushis,ushis3051,2018-06-04T20:43:45.000Z,"26 km SW of Scotia, California",earthquake,,,,,reviewed,ushis,us
1969-06-28T04:07:26.700Z,40.3,-124.4,39,4.5,mb,,,,,ushis,ushis3050,2018-06-04T20:43:45.000Z,"32 km SW of Scotia, California",earthquake,,,,,reviewed,ushis,us
1969-06-10T03:41:31.500Z,31.4361667,-116.3013333,6,4.94,ml,11,292,1.28,0.73,ci,ci3327316,2016-01-28T20:04:14.210Z,"40km SE of Maneadero, B.C., MX",earthquake,5.9,31.61,0.033,5,reviewed,ci,ci
1969-05-07T13:45:00.790Z,37.2828333,-116.5006667,0.6,5.03,ml,17,259,1.4,0.67,ci,ci3327353,2016-01-28T19:55:43.590Z,"47km NNE of Beatty, NV",nuclear explosion,99,31.61,0.258,12,reviewed,ci,ci
1969-04-30T17:00:00.400Z,37.0903333,-116.0056667,0.6,4.73,ml,16,256,1.779,0.68,ci,ci3327620,2016-01-28T19:46:58.690Z,"70km ENE of Beatty, NV",nuclear explosion,99,31.61,0.251,12,reviewed,ci,ci
1969-04-28T23:20:44.870Z,33.2591667,-116.361,6,5.46,ml,4,182,,0.26,ci,ci3327613,2022-04-26T22:10:01.466Z,"1km ENE of Borrego Springs, CA",earthquake,2.24,31.61,0.199,11,reviewed,ci,ci
1969-04-26T10:41:53.100Z,44.058,-114.444,18,4.9,mb,,,,,ushis,ushis3039,2018-06-04T20:43:45.000Z,"22 km S of Clayton, Idaho",earthquake,,,,,reviewed,ushis,us
1969-04-01T17:05:18.100Z,47.98,-114.38,15,4.5,mb,,,,,ushis,ushis3037,2018-06-04T20:43:45.000Z,"4 km NNE of Lake Mary Ronan, Montana",earthquake,,,,,reviewed,ushis,us
1969-04-01T16:45:09.100Z,47.9,-114.3,10,4.7,mb,,,,,ushis,ushis3036,2018-06-04T20:43:45.000Z,"4 km NNW of Dayton, Montana",earthquake,,,,,reviewed,ushis,us
1969-03-21T10:10:12.580Z,31.215,-114.605,10,5.56,mw,,,,,iscgem,iscgem811298,2022-04-26T22:10:47.078Z,"30 km NE of San Felipe, Mexico",earthquake,,25,0.61,,reviewed,iscgem,iscgem
1969-03-21T06:34:25.350Z,31.195,-114.343,10,5.61,mw,,,,,iscgem,iscgem811234,2022-04-26T22:10:45.672Z,"50 km ENE of San Felipe, Mexico",earthquake,,25,0.3,,reviewed,iscgem,iscgem
1969-03-21T04:56:18.940Z,31.296,-114.417,10,6.02,mw,,,,,iscgem,iscgem811200,2022-04-26T22:10:44.060Z,"44 km S of Golfo de Santa Clara, Mexico",earthquake,,5.4,0.2,,reviewed,iscgem,iscgem
1969-03-21T03:53:39.970Z,31.276,-114.442,10,5.56,mw,,,,,iscgem,iscgem811182,2022-04-26T22:10:42.796Z,"45 km S of Golfo de Santa Clara, Mexico",earthquake,,5.4,0.42,,reviewed,iscgem,iscgem
1969-03-20T08:17:42.550Z,31.205,-114.315,10,5.7,mw,,,,,iscgem,iscgem811127,2022-04-26T22:10:38.112Z,"53 km ENE of San Felipe, Mexico",earthquake,,25,0.2,,reviewed,iscgem,iscgem
1969-02-07T21:25:50.300Z,40.325,-124.174,24.8,5.31,mw,,,,,iscgem,iscgem811964,2022-04-26T22:11:39.852Z,"18 km SSW of Scotia, California",earthquake,,6.5,0.2,,reviewed,iscgem,iscgem
1969-01-23T23:01:00.440Z,33.8915,-116.0493333,6,4.75,ml,12,141,0.388,0.61,ci,ci3327909,2018-06-04T20:43:45.000Z,"24km NE of Indio, CA",earthquake,1.75,31.61,0.335,12,reviewed,ci,ci
1969-01-15T19:30:00.470Z,37.2091667,-116.2253333,0.5,4.61,ml,16,258,1.61,0.79,ci,ci3327903,2016-01-28T19:33:58.100Z,"58km NE of Beatty, NV",nuclear explosion,99,31.61,0.231,11,reviewed,ci,ci
1968-12-19T16:30:00.940Z,37.2315,-116.4736667,1.4,5.52,ml,16,257,1.415,1.36,ci,ci3342181,2016-01-28T19:42:24.150Z,"44km NE of Beatty, NV",nuclear explosion,99,31.61,0.219,6,reviewed,ci,ci
1968-12-17T22:53:51.170Z,33.0383333,-115.8376667,6,4.61,ml,8,156,0.6877,0.38,ci,ci3328220,2018-06-04T20:43:45.000Z,"20km W of Westmorland, CA",earthquake,1.86,31.61,0.134,11,reviewed,ci,ci
1968-11-09T17:01:39.490Z,37.938,-88.357,15.7,5.26,mw,,,,,iscgem,iscgem814965,2022-04-26T22:17:23.015Z,"5 km SSW of Norris City, Illinois",earthquake,,3.5,0.2,,reviewed,iscgem,iscgem
1968-09-06T14:00:00.630Z,37.136,-116.0471667,0.6,4.74,ml,17,257,1.747,1.08,ci,ci3328355,2016-01-28T19:42:20.030Z,"68km ENE of Beatty, NV",nuclear explosion,99,31.61,0.291,10,reviewed,ci,ci
1968-08-29T22:45:00.620Z,37.2503333,-116.3468333,0.7,5.08,ml,18,259,1.517,0.38,ci,ci3328287,2016-01-28T19:38:04.600Z,"52km NE of Beatty, NV",nuclear explosion,99,31.61,0.254,10,reviewed,ci,ci
1968-07-07T14:33:31.230Z,34.2068333,-119.802,20.99,4.56,ml,14,197,0.2442,0.42,ci,ci3328708,2018-06-04T20:43:45.000Z,"19km NE of Santa Cruz Is. (NW end), CA",earthquake,2.21,2.99,0.144,8,reviewed,ci,ci
1968-07-06T14:02:41.330Z,41.128,-117.34,10,4.75,mw,,,,,iscgem,iscgem818715,2022-04-26T22:26:12.392Z,"23 km NNE of Golconda, Nevada",earthquake,,4.5,0.3,,reviewed,iscgem,iscgem
1968-07-05T00:45:16.740Z,34.1385,-119.7228333,0.18,5.05,ml,15,214,0.3016,0.45,ci,ci3328690,2022-04-26T22:26:03.792Z,"20km ENE of Santa Cruz Is. (NW end), CA",earthquake,1.85,1.65,0.053,8,reviewed,ci,ci
1968-06-28T12:22:00.590Z,37.2455,-116.4828333,0.6,4.92,ml,17,258,1.409,0.4,ci,ci3342145,2016-01-28T19:33:42.140Z,"44km NNE of Beatty, NV",nuclear explosion,99,31.61,0.249,6,reviewed,ci,ci
1968-06-26T10:47:45.000Z,40.2,-124.3,10,5.1,mb,,,,,ushis,ushis3015,2018-06-04T20:43:45.000Z,"26 km NW of Shelter Cove, California",earthquake,,,,,reviewed,ushis,us
1968-06-26T01:42:14.600Z,40.29,-124.67,,5.5,mb,,,,,ushis,ushis3014,2018-06-04T20:43:45.000Z,"46 km SW of Ferndale, California",earthquake,,,,,reviewed,ushis,us
1968-06-15T14:00:00.400Z,37.2648333,-116.3146667,0.7,4.78,ml,17,260,1.545,0.41,ci,ci3328811,2016-01-28T19:33:41.610Z,"56km NE of Beatty, NV",nuclear explosion,99,31.61,0.088,11,reviewed,ci,ci
1968-06-05T04:51:56.800Z,42.3,-119.9,21,4.7,mb,,,,,ushis,ushis3012,2018-06-04T20:43:45.000Z,"12 km S of Plush, Oregon",earthquake,,,,,reviewed,ushis,us
1968-06-04T02:34:15.700Z,42.3,-119.9,21,4.7,mb,,,,,ushis,ushis3010,2018-06-04T20:43:45.000Z,"12 km S of Plush, Oregon",earthquake,,,,,reviewed,ushis,us
1968-06-03T13:27:39.700Z,42.2,-119.8,20,5,mb,,,,,ushis,ushis3009,2018-06-04T20:43:45.000Z,"25 km SSE of Plush, Oregon",earthquake,,,,,reviewed,ushis,us
1968-06-03T07:05:55.000Z,40.4,-124.8,33,4.5,mb,,,,,ushis,ushis3008,2018-06-04T20:43:45.000Z,"49 km WSW of Ferndale, California",earthquake,,,,,reviewed,ushis,us
1968-05-30T00:35:59.800Z,42.3,-119.8,24,5.1,mb,,,,,ushis,ushis3007,2018-06-04T20:43:45.000Z,"15 km SE of Plush, Oregon",earthquake,,,,,reviewed,ushis,us
1968-05-29T11:41:07.100Z,39.07,-118.05,3,4.9,mb,,,,,ushis,ushis3006,2018-06-04T20:43:45.000Z,"24 km NNW of Gabbs, Nevada",earthquake,,,,,reviewed,ushis,us
1968-05-22T13:21:56.790Z,38.493,-116.192,10,5.25,mw,,,,,iscgem,iscgem822523,2022-04-26T22:33:42.350Z,"102 km NNW of Rachel, Nevada",earthquake,,25,0.27,,reviewed,iscgem,iscgem
1968-04-29T00:21:36.680Z,39.464,-122.069,15,4.81,mw,,,,,iscgem,iscgem824428,2022-04-26T22:35:36.527Z,"8 km NW of Princeton, California",earthquake,,3.6,0.3,,reviewed,iscgem,iscgem
1968-04-26T15:32:14.560Z,37.49,-115.9861667,6,4.66,ml,11,301,1.842,0.42,ci,ci3328949,2016-01-28T19:37:52.480Z,"74km W of Alamo, NV",earthquake,5.16,31.61,0.261,11,reviewed,ci,ci
1968-04-26T15:00:00.410Z,37.2953333,-116.4556667,1.2,5.63,ml,17,261,1.438,1.03,ci,ci3342128,2016-01-28T19:50:35.290Z,"50km NNE of Beatty, NV",nuclear explosion,99,31.61,0.125,6,reviewed,ci,ci
1968-04-25T19:49:45.200Z,38.477,-122.725,8,4.6,mb,,,,,ushis,ushis2998,2018-06-04T20:43:45.000Z,"4 km NNW of Santa Rosa, California",earthquake,,,,,reviewed,ushis,us
1968-04-09T03:48:10.610Z,33.0686667,-116.0253333,6,4.54,ml,8,145,0.4827,0.5,ci,ci3329145,2018-06-04T20:43:45.000Z,"13km SE of Ocotillo Wells, CA",earthquake,2.02,31.61,0.167,11,reviewed,ci,ci
1968-04-09T03:03:50.910Z,32.8746667,-116.1501667,6,5.2,mh,3,229,0.5117,0.33,ci,ci10084422,2018-06-04T20:43:45.000Z,"21km NW of Ocotillo, CA",earthquake,8.65,31.61,,0,reviewed,ci,ci
1968-04-09T02:28:58.390Z,33.1798333,-116.103,10,6.6,mw,15,128,0.6012,0.33,ci,ci3329122,2024-02-25T10:17:31.853Z,"The 1968 Borrego Mountain, California Earthquake",earthquake,0.88,31.61,,0,reviewed,ci,ci
1968-03-22T15:00:00.700Z,37.3326667,-116.3106667,0.7,4.92,ml,18,262,1.558,0.53,ci,ci3342118,2016-01-28T19:59:09.050Z,"61km NE of Beatty, NV",nuclear explosion,99,31.61,0.358,10,reviewed,ci,ci
1968-02-29T17:08:30.380Z,37.1846667,-116.2113333,0.4,4.58,ml,16,258,1.619,0.68,ci,ci3342115,2016-01-28T19:37:38.030Z,"57km ENE of Beatty, NV",nuclear explosion,99,31.61,0.38,12,reviewed,ci,ci
1968-02-21T15:30:00.470Z,37.1165,-116.0536667,0.6,4.91,ml,14,256,1.742,1.52,ci,ci3342114,2016-01-28T20:03:17.910Z,"66km ENE of Beatty, NV",nuclear explosion,99,31.61,0.261,10,reviewed,ci,ci
1968-02-06T00:41:37.340Z,37.9835,-118.1796667,6,5,ml,14,315,0.9285,0.27,ci,ci3357949,2018-06-04T20:43:45.000Z,"70km NNE of Dixon Lane-Meadow Creek, CA",earthquake,7.48,31.61,0.188,9,reviewed,ci,ci
1968-01-30T15:20:05.600Z,41,-117.4,18,4.5,mb,,,,,ushis,ushis2987,2018-06-04T20:43:45.000Z,"9 km NE of Golconda, Nevada",earthquake,,,,,reviewed,ushis,us
1967-12-30T08:04:39.400Z,40.51,-124.43,3,4.6,mb,,,,,ushis,ushis2983,2018-06-04T20:43:45.000Z,"15 km WSW of Ferndale, California",earthquake,,,,,reviewed,ushis,us
1967-12-18T17:24:33.250Z,36.991,-121.839,10,5.28,mw,,,,,iscgem,iscgem828529,2022-04-26T22:41:26.172Z,"2 km W of Corralitos, California",earthquake,,3.7,0.2,,reviewed,iscgem,iscgem
1967-12-10T12:33:54.200Z,40.5,-125,15,4.6,mb,,,,,ushis,ushis2981,2018-06-04T20:43:45.000Z,"62 km W of Ferndale, California",earthquake,,,,,reviewed,ushis,us
1967-12-10T12:06:55.050Z,40.478,-124.656,20,5.62,mw,,,,,iscgem,iscgem828247,2022-04-26T22:40:59.135Z,"34 km WSW of Ferndale, California",earthquake,,3.7,0.48,,reviewed,iscgem,iscgem
1967-11-27T05:09:24.600Z,39.87,-104.88,5,5.2,mb,,,,,ushis,ushis2979,2020-04-16T21:14:13.489Z,"4 km NE of Derby, Colorado",earthquake,,,,,reviewed,ushis,us
1967-10-18T14:30:00.420Z,37.1156667,-116.0576667,0.7,5.21,ml,15,256,1.738,0.59,ci,ci3342076,2016-01-28T19:37:30.550Z,"66km ENE of Beatty, NV",nuclear explosion,99,31.61,0.341,6,reviewed,ci,ci
1967-10-04T10:20:14.400Z,38.513,-112.139,10,5.05,mw,,,,,iscgem,iscgem829986,2022-04-26T22:45:10.817Z,"10 km NE of Marysvale, Utah",earthquake,,4.2,0.3,,reviewed,iscgem,iscgem
1967-09-28T15:38:36.100Z,37.23,-121.62,8,4.9,ml,,,,,ushis,ushis2975,2018-06-04T20:43:45.000Z,"11 km NNE of Morgan Hill, California",earthquake,,,,,reviewed,ushis,brk
1967-09-27T17:00:00.270Z,37.0988333,-116.0531667,0.7,4.65,ml,17,255,1.742,0.53,ci,ci3329516,2016-01-28T19:45:58.240Z,"66km ENE of Beatty, NV",nuclear explosion,99,31.61,0.144,9,reviewed,ci,ci
1967-09-21T00:01:52.740Z,31.3008333,-115.8255,6,5.01,ml,16,278,1.511,0.65,ci,ci3329500,2016-01-28T19:33:13.710Z,"84km ESE of Maneadero, B.C., MX",earthquake,4.79,31.61,0.234,7,reviewed,ci,ci
1967-09-07T13:45:00.420Z,37.1531667,-116.0528333,0.5,4.57,ml,17,257,1.743,0.91,ci,ci3342069,2016-01-28T19:58:48.380Z,"68km ENE of Beatty, NV",nuclear explosion,99,31.61,0.306,11,reviewed,ci,ci
1967-08-13T08:02:12.700Z,31.6346667,-116.3545,6,4.53,ml,13,260,1.077,0.51,ci,ci3329532,2016-01-28T19:45:56.680Z,"22km ESE of Maneadero, B.C., MX",earthquake,2.24,31.61,0.038,8,reviewed,ci,ci
1967-08-09T13:25:08.870Z,39.957,-104.661,10,5.47,mw,,,,,iscgem,iscgem832092,2022-04-26T22:48:36.498Z,"7 km SE of Lochbuie, Colorado",earthquake,,25,0.2,,reviewed,iscgem,iscgem
1967-05-26T15:00:02.210Z,37.2478333,-116.4801667,0.6,4.83,ml,15,265,1.411,0.4,ci,ci3329653,2016-01-28T19:58:39.680Z,"45km NNE of Beatty, NV",nuclear explosion,99,31.61,0.376,9,reviewed,ci,ci
1967-05-23T14:00:00.780Z,37.2751667,-116.37,1,4.88,ml,15,259,1.502,0.43,ci,ci3329639,2016-01-28T20:03:01.840Z,"53km NE of Beatty, NV",nuclear explosion,99,31.61,0.265,10,reviewed,ci,ci
1967-05-21T14:42:34.060Z,33.5518333,-116.6315,8.44,4.71,ml,15,83,0.2765,0.53,ci,ci3329635,2018-06-04T20:43:45.000Z,"4km E of Anza, CA",earthquake,1.33,2.81,0.391,10,reviewed,ci,ci
1967-05-20T15:00:00.590Z,37.1303333,-116.0638333,0.7,4.98,ml,15,256,1.734,0.42,ci,ci3342041,2016-01-28T19:37:21.440Z,"66km ENE of Beatty, NV",nuclear explosion,99,31.61,0.203,10,reviewed,ci,ci
1967-05-07T18:01:35.700Z,37.04,-115.012,15,4.7,mb,,,,,ushis,ushis2953,2018-06-04T20:43:45.000Z,"38 km SSE of Alamo, Nevada",earthquake,,,,,reviewed,ushis,us
1967-04-27T17:24:42.300Z,39.91,-104.77,5,4.5,mb,,,,,ushis,ushis2950,2018-06-04T20:43:45.000Z,"9 km SSE of Brighton, Colorado",earthquake,,,,,reviewed,ushis,us
1967-02-23T18:50:00.330Z,37.1268333,-116.0663333,0.7,4.88,ml,15,256,1.732,0.42,ci,ci3329748,2016-01-28T19:37:15.850Z,"66km ENE of Beatty, NV",nuclear explosion,99,31.61,0.294,10,reviewed,ci,ci
1967-02-16T15:05:54.300Z,37.42,-114.18,33,4.8,mb,,,,,ushis,ushis2947,2018-06-04T20:43:45.000Z,"36 km SE of Caliente, Nevada",earthquake,,,,,reviewed,ushis,us
1967-01-20T17:40:03.490Z,37.0998333,-116.0038333,0.6,4.5,ml,15,276,1.793,0.46,ci,ci3329899,2016-01-28T19:58:25.570Z,"70km ENE of Beatty, NV",nuclear explosion,99,31.61,0.315,8,reviewed,ci,ci
1966-12-20T15:30:00.690Z,37.3021667,-116.4083333,1.2,5.62,ml,16,261,1.476,0.86,ci,ci3329931,2016-01-28T19:45:36.690Z,"53km NE of Beatty, NV",nuclear explosion,99,31.61,0.245,10,reviewed,ci,ci
1966-11-05T05:18:14.890Z,31.5728333,-115.615,6,4.78,ml,9,296,1.223,0.52,ci,ci3329951,2016-01-28T19:54:19.680Z,"84km SSW of Alberto Oviedo Mota, B.C., MX",earthquake,3.14,31.61,0.131,7,reviewed,ci,ci
1966-10-22T17:16:26.400Z,40.6,-116.3,32,4.5,mb,,,,,ushis,ushis2935,2018-06-04T20:43:45.000Z,"20 km SW of Carlin, Nevada",earthquake,,,,,reviewed,ushis,us
1966-10-03T02:26:02.300Z,37.4,-104.1,10,4.5,mb,,,,,ushis,ushis2933,2018-06-04T20:43:45.000Z,"28 km ENE of Hoehne, Colorado",earthquake,,,,,reviewed,ushis,us
1966-10-02T15:39:41.200Z,37.3,-114.2,33,4.5,mb,,,,,ushis,ushis2932,2018-06-04T20:43:45.000Z,"44 km SE of Caliente, Nevada",earthquake,,,,,reviewed,ushis,us
1966-09-23T11:56:09.400Z,37.3,-114.1,33,4.5,mb,,,,,ushis,ushis2930,2018-06-04T20:43:45.000Z,"36 km W of Veyo, Utah",earthquake,,,,,reviewed,ushis,us
1966-09-22T18:57:36.500Z,37.4,-114.2,33,5.3,mb,,,,,ushis,ushis2928,2018-06-04T20:43:45.000Z,"36 km SE of Caliente, Nevada",earthquake,,,,,reviewed,ushis,us
1966-09-22T18:56:41.000Z,37.3,-114.2,33,4.5,mb,,,,,ushis,ushis2927,2018-06-04T20:43:45.000Z,"44 km SE of Caliente, Nevada",earthquake,,,,,reviewed,ushis,us
1966-09-14T22:40:28.000Z,39.42,-120.15,3,4.5,mb,,,,,ushis,ushis2926,2018-06-04T20:43:45.000Z,"10 km NNE of Truckee, California",earthquake,,,,,reviewed,ushis,us
1966-09-12T17:20:11.000Z,39.42,-120.15,3,4.8,mb,,,,,ushis,ushis2924,2018-06-04T20:43:45.000Z,"10 km NNE of Truckee, California",earthquake,,,,,reviewed,ushis,us
1966-09-12T16:41:04.270Z,39.385,-120.252,10,5.9,mw,,,,,iscgem,iscgem843363,2022-04-26T23:09:58.896Z,"8 km NW of Truckee, California",earthquake,,7,0.3,,reviewed,iscgem,iscgem
1966-08-18T17:35:06.400Z,37.4,-114.2,33,5.2,mb,,,,,ushis,ushis2915,2018-06-04T20:43:45.000Z,"36 km SE of Caliente, Nevada",earthquake,,,,,reviewed,ushis,us
1966-08-18T09:15:37.500Z,37.3,-114.2,33,4.6,mb,,,,,ushis,ushis2914,2018-06-04T20:43:45.000Z,"44 km SE of Caliente, Nevada",earthquake,,,,,reviewed,ushis,us
1966-08-17T23:07:58.900Z,37.3,-114.1,33,4.9,mb,,,,,ushis,ushis2912,2018-06-04T20:43:45.000Z,"36 km W of Veyo, Utah",earthquake,,,,,reviewed,ushis,us
1966-08-16T19:50:09.500Z,37.4,-114.2,33,4.6,mb,,,,,ushis,ushis2910,2018-06-04T20:43:45.000Z,"36 km SE of Caliente, Nevada",earthquake,,,,,reviewed,ushis,us
1966-08-16T18:02:36.990Z,37.38,-114.157,10,5.65,mw,,,,,iscgem,iscgem844550,2022-04-26T23:12:15.798Z,"40 km SE of Caliente, Nevada",earthquake,,25,0.2,,reviewed,iscgem,iscgem
1966-08-07T17:36:27.770Z,31.661,-114.504,15,6.5,mw,,,,,iscgem,iscgem844236,2024-08-07T00:54:06.026Z,"Near El Golfo de Santa Clara, Sonora, Mexico",earthquake,,3.4,0.3,,reviewed,iscgem,iscgem
1966-06-30T22:15:00.710Z,37.3158333,-116.299,0.8,5.42,ml,15,270,1.564,0.3,ci,ci3330149,2016-01-28T19:49:48.740Z,"61km NE of Beatty, NV",nuclear explosion,99,31.61,0.376,10,reviewed,ci,ci
1966-06-29T19:53:21.110Z,36.1725,-120.7293333,6,4.8,ml,12,304,1.601,0.53,ci,ci3330147,2022-04-26T23:17:07.744Z,"34km W of Coalinga, CA",earthquake,3.92,31.61,0.262,12,reviewed,ci,ci
1966-06-28T04:28:36.000Z,35.95,-120.5,6,4.5,mh,,,,,ci,ci10086774,2018-06-04T20:43:45.000Z,"8km NW of Parkfield, CA",earthquake,,,,0,reviewed,ci,ci
1966-06-28T04:26:15.740Z,35.7905,-120.294,6,5.47,ml,15,247,1.183,0.48,ci,ci3330127,2025-11-20T22:05:58.270Z,"The 1966 Parkfield, California Earthquake",earthquake,3.51,31.61,0.075,8,reviewed,ci,ci
1966-06-28T04:08:59.870Z,35.8085,-120.188,6,4.69,ml,13,247,1.098,0.45,ci,ci3330124,2022-04-26T23:17:04.231Z,"14km NE of Cholame, CA",earthquake,5.57,31.61,0.062,10,reviewed,ci,ci
1966-06-15T18:02:47.340Z,37.1715,-116.0488333,0.01,4.52,ml,16,267,1.748,0.5,ci,ci3340554,2016-01-28T19:58:10.900Z,"69km ENE of Beatty, NV",nuclear explosion,99,31.61,0.261,12,reviewed,ci,ci
1966-06-03T14:00:00.300Z,37.0683333,-116.0353333,0.6,4.81,ml,15,263,1.756,0.45,ci,ci3340546,2016-01-28T19:45:24.030Z,"66km ENE of Beatty, NV",nuclear explosion,99,31.61,0.267,10,reviewed,ci,ci
1966-06-02T15:30:00.340Z,37.227,-116.0555,0.5,4.73,ml,14,269,1.746,0.42,ci,ci3340544,2016-01-28T19:40:57.620Z,"71km ENE of Beatty, NV",nuclear explosion,99,31.61,0.095,9,reviewed,ci,ci
1966-05-26T20:33:22.690Z,31.5443333,-115.7196667,6,4.8,mh,6,317,1.259,0.43,ci,ci10086770,2016-01-28T19:45:23.530Z,"82km ESE of Maneadero, B.C., MX",earthquake,3.06,31.61,,0,reviewed,ci,ci
1966-05-24T03:49:55.100Z,39.783,-121.77,20,4.5,mb,,,,,ushis,ushis2894,2018-06-04T20:43:45.000Z,"8 km NE of Chico, California",earthquake,,,,,reviewed,ushis,us
1966-05-19T13:56:28.940Z,37.1111667,-116.0578333,0.7,4.94,ml,16,265,1.738,2,ci,ci3340538,2016-01-28T20:02:34.300Z,"66km ENE of Beatty, NV",nuclear explosion,99,31.61,0.374,10,reviewed,ci,ci
1966-05-18T07:32:06.880Z,24.97,-109.085,20,5.9,mw,,,,,iscgem,iscgem847550,2022-04-26T23:18:36.613Z,"67 km SSW of El Huitusi, Mexico",earthquake,,8,0.2,,reviewed,iscgem,iscgem
1966-05-13T13:30:00.850Z,37.0868333,-116.0333333,0.5,4.78,ml,15,264,1.757,1.31,ci,ci3340533,2016-01-28T19:40:55.570Z,"67km ENE of Beatty, NV",nuclear explosion,99,31.61,0.335,12,reviewed,ci,ci
1966-05-06T15:00:00.890Z,37.348,-116.3218333,0.7,4.83,ml,14,271,1.552,0.38,ci,ci3330227,2016-01-28T19:36:52.360Z,"62km NE of Beatty, NV",nuclear explosion,99,31.61,0.176,10,reviewed,ci,ci
1966-04-14T14:13:43.840Z,37.2426667,-116.4308333,0.5,4.71,ml,15,265,1.45,0.65,ci,ci3330237,2016-01-28T19:40:53.550Z,"47km NE of Beatty, NV",nuclear explosion,99,31.61,0.185,10,reviewed,ci,ci
1966-03-17T11:47:46.490Z,41.806,-111.616,10,5.21,mw,,,,,iscgem,iscgem849333,2022-04-26T23:23:46.715Z,"16 km ENE of North Logan, Utah",earthquake,,25,0.3,,reviewed,iscgem,iscgem
1966-03-07T18:09:42.600Z,46.3,-111.5,13,4.8,mb,,,,,ushis,ushis2882,2018-06-04T20:43:45.000Z,"2 km SE of Townsend, Montana",earthquake,,,,,reviewed,ushis,us
1966-01-23T01:56:39.980Z,36.97,-106.954,10,5.13,mw,,,,,iscgem,iscgem851116,2024-01-17T20:42:20.030Z,"4 km NNW of Lumberton, New Mexico",earthquake,,25,0.3,,reviewed,iscgem,iscgem
1965-12-16T19:15:00.480Z,37.0725,-116.0291667,0.5,4.73,ml,11,263,1.761,0.6,ci,ci3339350,2016-01-28T19:53:54.830Z,"67km ENE of Beatty, NV",nuclear explosion,99,31.61,0.206,10,reviewed,ci,ci
1965-12-03T15:13:02.550Z,37.1646667,-116.0523333,0.7,5.03,ml,12,266,1.744,0.51,ci,ci3330366,2016-01-28T19:40:48.080Z,"68km ENE of Beatty, NV",nuclear explosion,99,31.61,0.112,10,reviewed,ci,ci
1965-10-21T02:04:39.100Z,37.479,-90.944,7,4.6,mw,,,,,ushis,ushis2861,2020-04-16T21:19:11.536Z,"5 km NNE of Centerville, Missouri",earthquake,,,,,reviewed,ushis,hrn
1965-10-17T09:45:18.780Z,33.99,-116.7613333,13,4.95,ml,14,107,,0.34,ci,ci3330427,2018-06-04T20:43:45.000Z,"8km NNE of Cabazon, CA",earthquake,0.75,31.61,0.151,10,reviewed,ci,ci
1965-10-08T19:34:59.800Z,44.713,-111.272,5,4.9,mb,,,,,ushis,ushis2856,2018-06-04T20:43:45.000Z,"8 km SW of Hebgen Lake Estates, Montana",earthquake,,,,,reviewed,ushis,us
1965-09-26T07:00:01.520Z,34.7233333,-116.4608333,6,4.69,ml,11,171,0.6428,0.55,ci,ci3330409,2018-06-04T20:43:45.000Z,"28km W of Ludlow, CA",earthquake,1.99,31.61,0.324,9,reviewed,ci,ci
1965-09-25T17:48:02.980Z,34.6975,-116.4425,6,4.85,ml,9,171,0.6726,0.54,ci,ci3330464,2018-06-04T20:43:45.000Z,"26km W of Ludlow, CA",earthquake,1.71,31.61,0.147,12,reviewed,ci,ci
1965-09-25T17:43:43.330Z,34.7138333,-116.4316667,6,5.14,ml,11,173,0.6621,0.58,ci,ci3330460,2018-06-04T20:43:45.000Z,"25km W of Ludlow, CA",earthquake,1.96,31.61,0.213,7,reviewed,ci,ci
1965-09-22T21:49:25.680Z,37.4546667,-118.4268333,6,4.52,ml,8,308,0.4294,0.33,ci,ci3330458,2018-06-04T20:43:45.000Z,"8km N of Dixon Lane-Meadow Creek, CA",earthquake,1.97,31.61,0.24,9,reviewed,ci,ci
1965-09-10T21:28:34.300Z,38.01,-121.823,,4.9,mb,,,,,ushis,ushis2844,2018-06-04T20:43:45.000Z,"1 km WNW of Antioch, California",earthquake,,,,,reviewed,ushis,us
1965-07-23T17:00:00.920Z,37.0978333,-116.033,0.5,4.93,ml,14,264,1.758,1.33,ci,ci3330509,2016-01-28T19:49:30.680Z,"67km ENE of Beatty, NV",nuclear explosion,99,31.61,0.064,8,reviewed,ci,ci
1965-04-29T15:28:45.750Z,47.288,-122.406,64.7,6.7,mw,,,,,iscgem,iscgem858143,2024-09-05T03:02:05.361Z,"3 km ESE of Browns Point, Washington",earthquake,,5.1,0.3,,reviewed,iscgem,iscgem
1965-04-15T20:08:33.450Z,34.1345,-117.436,6,4.61,ml,15,88,,0.26,ci,ci3330616,2018-06-04T20:43:45.000Z,"5km NNE of Fontana, CA",earthquake,0.89,31.61,0.162,6,reviewed,ci,ci
1965-04-13T13:14:22.100Z,38.9,-117.7,33,4.6,mb,,,,,ushis,ushis2804,2018-06-04T20:43:45.000Z,"19 km E of Gabbs, Nevada",earthquake,,,,,reviewed,ushis,us
1965-03-26T15:34:09.120Z,37.1476667,-116.0428333,0.5,4.73,ml,15,266,1.751,2.03,ci,ci3338687,2016-01-28T19:36:26.890Z,"68km ENE of Beatty, NV",nuclear explosion,99,31.61,0.085,11,reviewed,ci,ci
1965-03-03T19:13:00.210Z,37.0645,-116.0371667,0.7,4.77,ml,14,263,1.754,0.52,ci,ci3338320,2016-01-28T19:53:39.670Z,"66km ENE of Beatty, NV",nuclear explosion,99,31.61,0.144,12,reviewed,ci,ci
1965-02-27T07:46:25.560Z,28.133,-112.208,10,6,mw,,,,,iscgem,iscgem860614,2022-04-26T23:48:16.797Z,"80 km SSW of Bahía de Kino, Mexico",earthquake,,25,0.2,,reviewed,iscgem,iscgem
1965-02-12T10:50:18.000Z,40.3,-124.9,,5.3,mb,,,,,ushis,ushis2782,2018-06-04T20:43:45.000Z,"62 km WSW of Ferndale, California",earthquake,,,,,reviewed,ushis,us
1965-01-06T02:01:20.700Z,44.772,-112.746,5,5.1,mb,,,,,ushis,ushis2738,2018-06-04T20:43:45.000Z,"19 km NW of Lima, Montana",earthquake,,,,,reviewed,ushis,us
1964-12-22T20:54:31.070Z,31.6408333,-117.1711667,6,5.37,ml,13,275,,0.63,ci,ci3330750,2022-04-26T23:51:34.361Z,"54km WSW of El Sauzal, B.C., MX",earthquake,5.22,31.61,0.131,9,reviewed,ci,ci
1964-12-05T21:15:00.780Z,37.1143333,-116.0533333,0.4,4.58,ml,14,265,1.742,0.37,ci,ci3336706,2016-01-28T19:53:35.680Z,"66km ENE of Beatty, NV",nuclear explosion,99,31.61,0.145,12,reviewed,ci,ci
1964-11-16T02:46:41.700Z,37.055,-121.692,,5.2,mb,,,,,ushis,ushis2731,2018-06-04T20:43:45.000Z,"7 km WSW of San Martin, California",earthquake,,,,,reviewed,ushis,us
1964-10-23T13:57:10.600Z,38.5,-118.4,26,5,mb,,,,,ushis,ushis2729,2018-06-04T20:43:45.000Z,"19 km E of Hawthorne, Nevada",earthquake,,,,,reviewed,ushis,us
1964-10-21T07:38:30.490Z,44.871,-111.572,10,5.2,mw,,,,,iscgem,iscgem863737,2022-04-26T23:56:30.521Z,"32 km WNW of Hebgen Lake Estates, Montana",earthquake,,3.1,0.3,,reviewed,iscgem,iscgem
1964-10-18T18:33:21.240Z,41.898,-111.816,10,5.02,mw,,,,,iscgem,iscgem863670,2022-04-26T23:56:16.557Z,"2 km S of Richmond, Utah",earthquake,,2,0.3,,reviewed,iscgem,iscgem
1964-10-14T16:03:53.600Z,47.9,-114.3,33,4.6,mb,,,,,ushis,ushis2727,2018-06-04T20:43:45.000Z,"4 km NNW of Dayton, Montana",earthquake,,,,,reviewed,ushis,us
1964-10-09T02:26:02.400Z,47.8,-114.2,33,4.6,mb,,,,,ushis,ushis2724,2018-06-04T20:43:45.000Z,"2 km ESE of Lindisfarne, Montana",earthquake,,,,,reviewed,ushis,us
1964-07-14T15:50:04.800Z,49,-122.6,13,4.6,mb,,,,,ushis,ushis2715,2018-06-04T20:43:45.000Z,"9 km NNE of Custer, Washington",earthquake,,,,,reviewed,ushis,us
1964-07-06T02:14:36.920Z,26.142,-110.307,15,6.5,mw,,,,,iscgem,iscgem865773,2022-04-27T00:00:46.651Z,"93 km SW of Etchoropo, Mexico",earthquake,,6,0.2,,reviewed,iscgem,iscgem
1964-07-05T19:07:59.180Z,26.128,-110.276,15,6.3,mw,,,,,iscgem,iscgem865760,2022-04-27T00:00:34.609Z,"92 km SW of Etchoropo, Mexico",earthquake,,6,0.2,,reviewed,iscgem,iscgem
1964-05-12T06:45:10.700Z,40.298,-76.411,1,4.5,mb,,,,,ushis,ushis2703,2020-04-16T21:22:45.895Z,"2 km N of Cornwall, Pennsylvania",earthquake,,,,,reviewed,ushis,us
1964-04-24T20:10:01.230Z,37.1496667,-116.0553333,0.5,4.78,ml,15,266,1.741,2.01,ci,ci3330943,2016-01-28T19:49:06.370Z,"68km ENE of Beatty, NV",nuclear explosion,99,31.61,0.179,12,reviewed,ci,ci
1964-03-28T10:08:46.500Z,42.997,-101.798,30,5.1,mb,,,,,ushis,ushis2657,2020-04-16T21:23:08.632Z,"11 km NW of Merriman, Nebraska",earthquake,,,,,reviewed,ushis,us
1964-03-22T16:30:55.200Z,38.8,-118.7,16,4.5,mb,,,,,ushis,ushis2641,2018-06-04T20:43:45.000Z,"17 km NNE of Walker Lake, Nevada",earthquake,,,,,reviewed,ushis,us
1964-02-26T20:32:51.400Z,40.308,-124.892,,4.5,ml,,,,,ushis,ushis2639,2018-06-04T20:43:45.000Z,"61 km WSW of Ferndale, California",earthquake,,,,,reviewed,ushis,brk
1964-02-20T15:30:00.640Z,37.1508333,-116.0401667,0.5,4.7,ml,13,266,1.753,0.48,ci,ci3330945,2016-01-28T19:40:06.960Z,"69km ENE of Beatty, NV",nuclear explosion,99,31.61,0.152,12,reviewed,ci,ci
1964-01-17T17:08:24.400Z,31,-114,6,4.5,mh,4,334,2.824,2.53,ci,ci10086726,2016-01-28T19:57:27.890Z,"163km SE of Estacion Coahuila, B.C., MX",earthquake,99,31.61,,0,reviewed,ci,ci
1964-01-16T16:00:00.850Z,37.1423333,-116.0491667,0.5,4.87,ml,12,266,,0.64,ci,ci3330999,2016-01-28T20:01:43.550Z,"68km ENE of Beatty, NV",nuclear explosion,99,31.61,0.228,12,reviewed,ci,ci
1964-01-06T23:47:13.130Z,34.373,-116.4826667,6,4.55,ml,8,201,0.8313,0.5,ci,ci3331045,2018-06-04T20:43:45.000Z,"29km N of Yucca Valley, CA",earthquake,2.07,31.61,0.119,12,reviewed,ci,ci
1963-12-27T02:36:21.600Z,45.7,-123.4,33,4.5,mb,,,,,ushis,ushis2634,2018-06-04T20:43:45.000Z,"23 km SW of Vernonia, Oregon",earthquake,,,,,reviewed,ushis,us
1963-12-06T08:34:23.470Z,37.5588333,-118.2575,6,4.64,ml,13,301,0.5042,0.5,ci,ci3331055,2018-06-04T20:43:45.000Z,"24km NE of Dixon Lane-Meadow Creek, CA",earthquake,4.89,31.61,0.241,12,reviewed,ci,ci
1963-11-23T07:50:48.820Z,29.919,-113.915,15,6.14,mw,,,,,iscgem,iscgem873576,2022-04-27T00:30:21.081Z,"118 km W of La Libertad, Mexico",earthquake,,25,0.2,,reviewed,iscgem,iscgem
1963-11-18T14:38:29.930Z,29.479,-113.732,15,6.4,mw,,,,,iscgem,iscgem873551,2022-04-27T00:30:10.417Z,"111 km WSW of La Libertad, Mexico",earthquake,,25,0.2,,reviewed,iscgem,iscgem
1963-10-27T14:58:12.270Z,33.1451667,-115.425,6,4.57,ml,2,309,1.147,0.71,ci,ci3331111,2016-01-28T19:53:15.190Z,"9km ENE of Calipatria, CA",earthquake,9.45,31.61,0.16,11,reviewed,ci,ci
1963-10-26T17:00:01.120Z,39.2001667,-118.3803333,0.4,4.72,ml,13,320,2.146,1.4,ci,ci3332196,2016-01-28T19:31:40.110Z,"46km SE of Fallon, NV",nuclear explosion,99,31.61,0.118,9,reviewed,ci,ci
1963-10-20T13:29:32.640Z,31.6846667,-115.387,6,5,mh,9,318,1.119,0.5,ci,ci10086722,2016-04-02T19:58:05.504Z,"64km SSW of Alberto Oviedo Mota, B.C., MX",earthquake,7.09,31.61,,0,reviewed,ci,ci
1963-10-17T01:22:07.700Z,44.4,-114.7,30,4.7,mb,,,,,ushis,ushis2629,2018-06-04T20:43:45.000Z,"27 km NE of Stanley, Idaho",earthquake,,,,,reviewed,ushis,us
1963-10-16T17:00:02.100Z,37.1982,-116.2295,0.5,4.83,ml,0,292,1.605,1.244,ci,ci3332189,2016-04-02T16:12:39.469Z,"57km NE of Beatty, NV",nuclear explosion,,,,12,reviewed,ci,ci
1963-09-24T06:35:52.100Z,44.9,-111,33,4.7,mb,,,,,ushis,ushis2626,2018-06-04T20:43:45.000Z,"20 km NE of Hebgen Lake Estates, Montana",earthquake,,,,,reviewed,ushis,us
1963-09-23T14:41:52.790Z,33.7036667,-116.9381667,10.66,5.29,ml,12,120,,0.35,ci,ci3331170,2018-06-04T20:43:45.000Z,"6km SSE of Hemet, CA",earthquake,1.25,1.83,0.25,7,reviewed,ci,ci
1963-09-16T05:36:16.000Z,35.75,-118.05,6,4.9,mh,,,,,ci,ci10086718,2016-01-28T19:39:58.130Z,"24km WNW of Inyokern, CA",earthquake,,,,0,reviewed,ci,ci
1963-09-14T19:46:17.000Z,36.89,-121.597,3,5.4,mb,,,,,ushis,ushis2622,2018-06-04T20:43:45.000Z,"4 km E of Aromas, California",earthquake,,,,,reviewed,ushis,us
1963-09-14T03:51:16.770Z,33.5623333,-118.3285,6,4.7,ml,13,187,0.5991,0.49,ci,ci3331219,2016-01-28T19:35:49.820Z,"20km S of San Pedro, CA",earthquake,1.74,31.61,0.252,12,reviewed,ci,ci
1963-09-13T17:00:00.650Z,37.0603333,-116.0216667,0.7,5.39,ml,15,263,,0.62,ci,ci3331217,2016-01-28T19:48:49.000Z,"67km ENE of Beatty, NV",nuclear explosion,99,31.61,0.161,10,reviewed,ci,ci
1963-09-11T02:08:43.700Z,44.177,-114.615,8,4.9,mb,,,,,ushis,ushis2620,2018-06-04T20:43:45.000Z,"19 km WSW of Clayton, Idaho",earthquake,,,,,reviewed,ushis,us
1963-07-30T06:34:56.850Z,34.1613333,-116.189,6,4.64,ml,15,157,0.6436,0.56,ci,ci3331237,2018-06-04T20:43:45.000Z,"11km WNW of Twentynine Palms, CA",earthquake,1.73,31.61,0.114,12,reviewed,ci,ci
1963-07-07T19:20:41.830Z,39.698,-111.871,10,5.03,mw,,,,,iscgem,iscgem872679,2022-04-27T00:24:36.749Z,"3 km WSW of Nephi, Utah",earthquake,,25,0.3,,reviewed,iscgem,iscgem
1963-06-12T22:15:54.140Z,31.65,-116.25,6,4.51,ml,4,312,1.088,3.51,ci,ci3331352,2016-01-28T19:57:29.830Z,"31km ESE of Maneadero, B.C., MX",earthquake,99,31.61,0.041,4,reviewed,ci,ci
1963-06-12T22:15:14.200Z,31.6503333,-116.2078333,6,4.67,ml,12,276,1.274,0.46,ci,ci3331351,2016-01-28T19:49:00.210Z,"35km ESE of Maneadero, B.C., MX",earthquake,3.51,31.61,0.05,9,reviewed,ci,ci
1963-06-11T15:23:41.670Z,31.9726667,-116.2516667,6,5.6,ml,8,280,0.7901,0.51,ci,ci3331349,2020-07-09T21:32:06.691Z,"37km ENE of Ensenada, B.C., MX",earthquake,5.2,31.61,0.1,9,reviewed,ci,ci
1963-05-23T15:53:01.840Z,33.0056667,-115.6451667,6,4.68,ml,7,158,,0.53,ci,ci3331316,2018-06-04T20:43:45.000Z,"4km SSW of Westmorland, CA",earthquake,1.57,31.61,0.108,12,reviewed,ci,ci
1963-05-23T09:06:05.270Z,33.0183333,-115.5765,6,4.51,ml,6,178,0.2205,0.71,ci,ci3331314,2018-06-04T20:43:45.000Z,"5km ESE of Westmorland, CA",earthquake,2.16,31.61,0.156,9,reviewed,ci,ci
1963-05-22T22:41:04.800Z,37.272,-122.318,,4.6,ml,,,,,ushis,ushis2609,2018-06-04T20:43:45.000Z,"0 km W of Loma Mar, California",earthquake,,,,,reviewed,ushis,brk
1963-05-22T15:40:01.340Z,37.111,-116.0391667,0.4,4.55,ml,12,265,1.753,2.33,ci,ci3332173,2016-01-28T19:44:19.960Z,"67km ENE of Beatty, NV",nuclear explosion,99,31.61,0.147,10,reviewed,ci,ci
1963-03-25T09:28:43.940Z,35.9615,-114.8613333,6,4.82,ml,13,264,1.715,0.62,ci,ci3332155,2018-06-04T20:43:45.000Z,"3km SW of Boulder City, NV",earthquake,5.44,31.61,0.174,12,reviewed,ci,ci
1963-03-07T23:53:26.500Z,44.877,-122.738,,4.6,mb,,,,,ushis,ushis2596,2018-06-04T20:43:45.000Z,"Oregon",earthquake,,,,,reviewed,ushis,us
1963-03-03T17:30:10.600Z,36.642,-90.05,9,4.66,mw,,,,,ushis,ushis2595,2018-06-04T20:43:45.000Z,"7 km WSW of Bernie, Missouri",earthquake,,,,,reviewed,ushis,hrn
1963-03-01T00:25:57.930Z,34.9563333,-118.971,8.38,4.64,ml,14,86,0.1027,0.56,ci,ci3331412,2018-06-04T20:43:45.000Z,"4km WNW of Grapevine, CA",earthquake,1.16,2.55,0.248,9,reviewed,ci,ci
1963-02-16T03:01:41.000Z,46.1,-111,33,4.5,mb,,,,,ushis,ushis2593,2018-06-04T20:43:45.000Z,"Western Montana",earthquake,,,,,reviewed,ushis,us
1963-01-27T15:24:43.800Z,44.19,-114.528,11,4.8,lg,,,,,ushis,ushis2591,2018-06-04T20:43:45.000Z,"12 km SW of Clayton, Idaho",earthquake,,,,,reviewed,ushis,dw
1963-01-27T03:00:38.980Z,31.5645,-115.8343333,6,4.91,ml,9,312,1.254,0.7,ci,ci3331448,2016-01-28T19:40:11.360Z,"71km ESE of Maneadero, B.C., MX",earthquake,4.24,31.61,0.161,9,reviewed,ci,ci
1963-01-24T21:43:11.800Z,47.6,-122.1,17,4.5,md,,,,,ushis,ushis2590,2018-06-04T20:43:45.000Z,"2 km N of West Lake Sammamish, Washington",earthquake,,,,,reviewed,ushis,yel
1962-12-31T20:49:35.300Z,47.1,-122,33,4.7,md,,,,,ushis,ushis2587,2018-06-04T20:43:45.000Z,"3 km E of Wilkeson, Washington",earthquake,,,,,reviewed,ushis,yel
1962-12-15T06:34:59.800Z,40.7,-117.5,,4.9,ml,,,,,ushis,ushis2581,2018-06-04T20:43:45.000Z,"28 km S of Golconda, Nevada",earthquake,,,,,reviewed,ushis,brk
1962-11-06T03:36:43.190Z,45.601,-122.601,15,5.16,mw,,,,,iscgem,iscgem875624,2022-04-26T16:13:35.222Z,"5 km E of Bridgeton, Oregon",earthquake,,2.1,0.3,,reviewed,iscgem,iscgem
1962-10-29T02:42:53.710Z,34.349,-116.8663333,6,4.97,ml,12,143,,0.24,ci,ci3331521,2018-06-04T20:43:45.000Z,"10km NNW of Big Bear City, CA",earthquake,0.77,31.61,0.19,8,reviewed,ci,ci
1962-10-14T10:14:28.100Z,38.68,-124.028,,4.7,ml,,,,,ushis,ushis2574,2018-06-04T20:43:45.000Z,"38 km SW of Point Arena, California",earthquake,,,,,reviewed,ushis,brk
1962-10-05T17:00:00.620Z,37.1393333,-116.0503333,0.5,4.68,ml,13,266,1.745,0.44,ci,ci3331644,2016-01-28T19:48:21.990Z,"68km ENE of Beatty, NV",nuclear explosion,99,31.61,0.182,9,reviewed,ci,ci
1962-09-16T05:36:16.140Z,35.7593333,-118.0508333,6,4.95,ml,12,87,,0.47,ci,ci3331691,2018-06-04T20:43:45.000Z,"24km SSW of Little Lake, CA",earthquake,1.5,31.61,0.171,7,reviewed,ci,ci
1962-09-07T23:19:12.800Z,41.3,-116.7,33,4.6,ml,,,,,ushis,ushis2572,2018-06-04T20:43:45.000Z,"66 km NNE of Valmy, Nevada",earthquake,,,,,reviewed,ushis,pas
1962-09-05T16:04:27.800Z,40.72,-112.09,7,5.03,mw,,,,,ushis,ushis2571,2018-06-04T20:43:45.000Z,"1 km NE of Magna, Utah",earthquake,,,,,reviewed,ushis,dos
1962-09-04T17:17:26.000Z,41.01,-124.21,45,4.9,ml,,,,,ushis,ushis2570,2018-06-04T20:43:45.000Z,"7 km SW of Trinidad, California",earthquake,,,,,reviewed,ushis,brk
1962-08-30T13:35:29.450Z,41.937,-111.492,15,5.83,mw,,,,,iscgem,iscgem875249,2022-04-26T16:11:54.087Z,"8 km W of Garden City, Utah",earthquake,,25,0.3,,reviewed,iscgem,iscgem
1962-08-23T19:29:17.270Z,41.838,-124.048,25,5.86,mw,,,,,iscgem,iscgem875211,2022-04-26T16:11:45.910Z,"5 km NNE of Hiouchi, California",earthquake,,3.8,0.2,,reviewed,iscgem,iscgem
1962-08-20T10:43:13.700Z,31,-114,6,4.9,mh,6,347,2.824,10.06,ci,ci10086686,2016-01-28T20:01:15.770Z,"163km SE of Estacion Coahuila, B.C., MX",earthquake,99,31.61,,0,reviewed,ci,ci
1962-07-20T09:02:10.000Z,39.5,-118.2,33,4.7,ml,,,,,ushis,ushis2558,2018-06-04T20:43:45.000Z,"45 km ENE of Fallon Station, Nevada",earthquake,,,,,reviewed,ushis,brk
1962-06-27T18:00:00.520Z,37.0416667,-116.0351667,0.4,4.56,ml,10,262,1.756,0.8,ci,ci3344336,2016-01-28T20:01:12.280Z,"66km ENE of Beatty, NV",nuclear explosion,99,31.61,0.073,9,reviewed,ci,ci
1962-06-06T17:50:07.200Z,39.116,-123.097,10,5.2,ml,,,,,ushis,ushis2552,2018-06-04T20:43:45.000Z,"6 km ESE of Talmage, California",earthquake,,,,,reviewed,ushis,brk
1962-06-05T22:29:45.000Z,38,-112.1,33,4.5,ml,,,,,ushis,ushis2551,2018-06-04T20:43:45.000Z,"15 km SW of Antimony, Utah",earthquake,,,,,reviewed,ushis,pas
1962-05-27T01:45:40.740Z,32.2583333,-115.7693333,6,5.1,mh,6,296,0.8713,0.39,ci,ci10086670,2016-01-28T20:01:10.180Z,"40km SSW of Progreso, B.C., MX",earthquake,6.01,31.61,,0,reviewed,ci,ci
1962-05-12T19:00:00.490Z,37.0651667,-116.0303333,0.4,4.73,ml,11,277,1.76,0.65,ci,ci3344382,2016-01-28T19:48:14.920Z,"67km ENE of Beatty, NV",nuclear explosion,99,31.61,0.099,10,reviewed,ci,ci
1962-04-25T08:48:58.200Z,38.5,-118.1,25,4.6,ml,,,,,ushis,ushis2547,2018-06-04T20:43:45.000Z,"12 km N of Mina, Nevada",earthquake,,,,,reviewed,ushis,brk
1962-04-15T08:41:02.300Z,36.415,-120.617,21,4.7,ml,,,,,ushis,ushis2546,2018-06-04T20:43:45.000Z,"22 km WSW of Three Rocks, California",earthquake,,,,,reviewed,ushis,brk
1962-04-13T15:38:51.900Z,38.222,-119.455,6,5.1,ml,,,,,ushis,ushis2544,2018-06-04T20:43:45.000Z,"19 km W of Bridgeport, California",earthquake,,,,,reviewed,ushis,brk
1962-03-05T07:43:57.870Z,34.5556667,-121.4366667,6,4.5,mh,9,307,2.412,0.5,ci,ci12277847,2016-04-02T07:19:55.839Z,"87km WSW of Vandenberg Air Force Base, CA",earthquake,4.1,31.61,,0,reviewed,ci,ci
1962-02-15T07:12:42.900Z,36.9,-112.4,26,4.5,ml,,,,,ushis,ushis2539,2018-06-04T20:43:45.000Z,"12 km ESE of Fredonia, Arizona",earthquake,,,,,reviewed,ushis,pas
1962-02-05T14:45:51.100Z,38.2,-107.6,25,4.7,ml,,,,,ushis,ushis2537,2018-06-04T20:43:45.000Z,"15 km ENE of Ridgway, Colorado",earthquake,,,,,reviewed,ushis,gol
1961-11-15T05:38:55.620Z,34.9463333,-118.9871667,5.45,4.97,ml,13,137,0.1033,0.55,ci,ci3344602,2018-06-04T20:43:45.000Z,"5km W of Grapevine, CA",earthquake,1.17,1.79,0.072,9,reviewed,ci,ci
1961-11-07T01:29:08.400Z,45.7,-122.4,33,4.5,md,,,,,ushis,ushis2527,2018-06-04T20:43:45.000Z,"7 km N of Fern Prairie, Washington",earthquake,,,,,reviewed,ushis,yel
1961-10-20T19:49:50.180Z,33.671,-117.984,0.62,4.58,ml,16,121,0.3332,0.34,ci,ci3344656,2018-06-04T20:43:45.000Z,"3km SSE of Huntington Beach, CA",earthquake,0.82,1.79,0.091,11,reviewed,ci,ci
1961-10-19T05:09:44.520Z,35.8643333,-117.7946667,6.29,5.13,ml,14,122,,0.4,ci,ci3344648,2018-06-04T20:43:45.000Z,"13km SE of Little Lake, CA",earthquake,1.09,2.27,0.083,7,reviewed,ci,ci
1961-09-17T15:55:55.900Z,46.023,-122.122,7,5.1,ml,,,,,ushis,ushis2517,2018-06-04T20:43:45.000Z,"28 km ENE of Amboy, Washington",earthquake,,,,,reviewed,ushis,gw
1961-09-16T03:24:55.800Z,46.011,-122.128,7,4.8,ml,,,,,ushis,ushis2516,2018-06-04T20:43:45.000Z,"26 km NE of Yacolt, Washington",earthquake,,,,,reviewed,ushis,gw
1961-09-12T19:18:49.210Z,32.7415,-115.5698333,6,4.75,ml,4,270,0.9313,0.38,ci,ci3344797,2018-06-04T20:43:45.000Z,"4km WNW of Heber, CA",earthquake,6.51,31.61,0.234,12,reviewed,ci,ci
1961-08-23T17:59:47.000Z,42.4,-123.2,,4.6,ml,,,,,ushis,ushis2509,2018-06-04T20:43:45.000Z,"4 km SSW of Rogue River, Oregon",earthquake,,,,,reviewed,ushis,brk
1961-08-23T01:00:47.580Z,33.0531667,-116.2263333,6,4.69,ml,8,190,0.5284,0.59,ci,ci3344781,2018-06-04T20:43:45.000Z,"13km SW of Ocotillo Wells, CA",earthquake,2.18,31.61,0.111,9,reviewed,ci,ci
1961-08-19T04:56:24.100Z,44.7,-122.5,33,4.5,uk,,,,,ushis,ushis2507,2018-06-04T20:43:45.000Z,"6 km SSW of Mill City, Oregon",earthquake,,,,,reviewed,ushis,pas
1961-08-04T16:56:09.100Z,39.2,-117.4,12,4.5,ml,,,,,ushis,ushis2505,2018-06-04T20:43:45.000Z,"28 km W of Kingston, Nevada",earthquake,,,,,reviewed,ushis,brk
1961-07-31T00:07:06.690Z,35.8801667,-120.347,6,4.64,ml,12,291,0.7382,0.57,ci,ci3344833,2018-06-04T20:43:45.000Z,"8km ESE of Parkfield, CA",earthquake,3.49,31.61,0.132,12,reviewed,ci,ci
1961-07-04T11:09:11.000Z,40.13,-118.6,,5,ml,,,,,ushis,ushis2502,2018-06-04T20:43:45.000Z,"12 km WSW of Lovelock, Nevada",earthquake,,,,,reviewed,ushis,brk
1961-07-04T04:56:00.000Z,40.9,-118.4,,5.4,ml,,,,,ushis,ushis2501,2018-06-04T20:43:45.000Z,"33 km NW of Imlay, Nevada",earthquake,,,,,reviewed,ushis,brk
1961-06-18T08:12:07.100Z,32.4,-112.5,,4.7,ml,,,,,ushis,ushis2497,2018-06-04T20:43:45.000Z,"19 km NNE of Charco, Arizona",earthquake,,,,,reviewed,ushis,pas
1961-05-31T14:17:43.470Z,30.005,-113.785,15,6.04,mw,,,,,iscgem,iscgem876667,2022-04-26T16:20:34.472Z,"106 km W of La Libertad, Mexico",earthquake,,25,0.2,,reviewed,iscgem,iscgem
1961-04-09T07:25:41.000Z,36.683,-121.3,,5.5,ml,,,,,ushis,ushis2492,2018-06-04T20:43:45.000Z,"12 km S of Tres Pinos, California",earthquake,,,,,reviewed,ushis,brk
1961-04-09T07:23:21.580Z,36.732,-121.222,12,5.88,mw,,,,,iscgem,iscgem876374,2022-04-26T16:18:38.811Z,"10 km SE of Tres Pinos, California",earthquake,,3.9,0.24,,reviewed,iscgem,iscgem
1961-04-06T04:04:45.000Z,40.183,-124.75,,5.1,ml,,,,,ushis,ushis2490,2018-06-04T20:43:45.000Z,"60 km SW of Ferndale, California",earthquake,,,,,reviewed,ushis,brk
1961-02-09T17:50:44.410Z,31.579,-115.478,6,4.8,mh,8,316,1.494,0.6,ci,ci12277827,2016-04-02T10:40:03.000Z,"78km SSW of Alberto Oviedo Mota, B.C., MX",earthquake,8.37,31.61,,0,reviewed,ci,ci
1961-02-02T00:07:43.390Z,37.4853333,-118.4973333,6,5.1,mh,11,301,,0.65,ci,ci10086626,2018-06-04T20:43:45.000Z,"13km NNW of Dixon Lane-Meadow Creek, CA",earthquake,3.61,31.61,,0,reviewed,ci,ci
1961-02-02T00:04:12.960Z,37.7695,-118.198,6,5.3,mh,6,317,1.642,0.67,ci,ci10086622,2018-06-04T20:43:45.000Z,"47km NNE of Dixon Lane-Meadow Creek, CA",earthquake,6.19,31.61,,0,reviewed,ci,ci
1961-01-28T08:12:46.260Z,35.758,-118.0408333,6,5.05,ml,14,88,0.365,0.43,ci,ci3347759,2018-06-04T20:43:45.000Z,"23km SSW of Little Lake, CA",earthquake,1.06,31.61,0.063,5,reviewed,ci,ci
1961-01-25T07:17:56.490Z,31.6386667,-116.439,6,4.5,mh,8,341,1.057,0.2,ci,ci10086618,2016-01-28T19:47:46.180Z,"15km SE of Maneadero, B.C., MX",earthquake,6.48,31.61,,0,reviewed,ci,ci
1960-12-27T11:08:44.000Z,41.5,-125,,4.7,ml,,,,,ushis,ushis2475,2018-06-04T20:43:45.000Z,"72 km WSW of Crescent City, California",earthquake,,,,,reviewed,ushis,brk
1960-10-11T08:05:30.500Z,38.3,-107.6,49,5.5,mb,,,,,ushis,ushis2466,2018-06-04T20:43:45.000Z,"15 km E of Colona, Colorado",earthquake,,,,,reviewed,ushis,brk
1960-09-10T15:06:32.500Z,47.7,-122.7,25,4.6,md,,,,,ushis,ushis2463,2018-06-04T20:43:45.000Z,"2 km SSE of Bangor Trident Base, Washington",earthquake,,,,,reviewed,ushis,yel
1960-06-06T01:17:53.420Z,40.729,-124.792,15,6,mw,,,,,iscgem,iscgem879414,2022-04-26T16:31:24.478Z,"near the coast of Northern California",earthquake,,10.6,0.2,,reviewed,iscgem,iscgem
1960-06-05T07:47:07.000Z,37.517,-118.733,16,4.91,mw,,,,,ushis,ushis2443,2019-05-13T21:02:39.632Z,"4 km SSW of Aspen Springs, California",earthquake,,,,,reviewed,ushis,th
1960-06-03T21:38:00.060Z,31.5,-114,6,4.8,mh,6,339,2.555,1.7,ci,ci10086518,2016-01-28T19:30:39.840Z,"122km SE of Estacion Coahuila, B.C., MX",earthquake,99,31.61,,0,reviewed,ci,ci
1960-03-31T19:56:18.930Z,25.986,-110.262,15,6,mw,,,,,iscgem,iscgem878707,2022-04-26T16:28:37.980Z,"93 km W of Las Grullas Margen Derecha, Mexico",earthquake,,6,0.38,,reviewed,iscgem,iscgem
1960-02-03T08:37:17.840Z,32.0766667,-116.043,6,4.64,ml,5,289,0.8034,0.4,ci,ci3351652,2016-01-28T19:31:49.730Z,"59km ENE of Ensenada, B.C., MX",earthquake,4.24,31.61,0.082,9,reviewed,ci,ci
1960-01-26T04:17:36.000Z,38,-116.5,,4.9,ml,,,,,ushis,ushis2434,2018-06-04T20:43:45.000Z,"64 km E of Tonopah, Nevada",earthquake,,,,,reviewed,ushis,brk
1960-01-20T03:25:53.000Z,36.783,-121.433,,5,ml,,,,,ushis,ushis2433,2018-06-04T20:43:45.000Z,"6 km WSW of Ridgemark, California",earthquake,,,,,reviewed,ushis,brk
1959-12-29T02:32:53.000Z,36.9,-121.483,,4.7,ml,,,,,ushis,ushis2429,2018-06-04T20:43:45.000Z,"Central California",earthquake,,,,,reviewed,ushis,brk
1959-12-22T02:38:57.000Z,40.267,-124.517,,4.7,ml,,,,,ushis,ushis2426,2018-06-04T20:43:45.000Z,"40 km SSW of Ferndale, California",earthquake,,,,,reviewed,ushis,brk
1959-12-19T15:07:01.370Z,27.198,-111.885,15,5.83,mw,,,,,iscgem,iscgem883505,2022-04-26T16:51:07.584Z,"35 km NNE of Mulegé, Mexico",earthquake,,25,0.25,,reviewed,iscgem,iscgem
1959-11-23T18:15:25.000Z,46.667,-121.75,,4.8,ml,,,,,ushis,ushis2421,2018-06-04T20:43:45.000Z,"9 km NW of Packwood, Washington",earthquake,,,,,reviewed,ushis,epb
1959-10-13T08:15:00.000Z,35.5,-111.5,,5,mb,,,,,ushis,ushis2416,2018-06-04T20:43:45.000Z,"36 km NNE of Flagstaff, Arizona",earthquake,,,,,reviewed,ushis,us
1959-10-01T04:35:33.600Z,34.4203333,-120.5771667,6,4.69,ml,9,286,,0.51,ci,ci3297214,2018-06-04T20:43:45.000Z,"27km SSW of Lompoc, CA",earthquake,2.93,31.61,0.118,12,reviewed,ci,ci
1959-08-21T00:28:17.000Z,44.8,-124.7,,4.6,ml,,,,,ushis,ushis2406,2018-06-04T20:43:45.000Z,"50 km W of Depoe Bay, Oregon",earthquake,,,,,reviewed,ushis,brk
1959-08-20T19:11:26.800Z,44.704,-111.678,5,5,uk,,,,,ushis,ushis2405,2018-06-04T20:43:45.000Z,"39 km W of Hebgen Lake Estates, Montana",earthquake,,,,,reviewed,ushis,brk
1959-08-19T21:45:57.400Z,44.773,-111.606,5,4.7,uk,,,,,ushis,ushis2404,2018-06-04T20:43:45.000Z,"32 km W of Hebgen Lake Estates, Montana",earthquake,,,,,reviewed,ushis,brk
1959-08-19T19:43:47.200Z,44.756,-110.96,5,5,uk,,,,,ushis,ushis2403,2018-06-04T20:43:45.000Z,"15 km NE of West Yellowstone, Montana",earthquake,,,,,reviewed,ushis,brk
1959-08-19T19:06:27.000Z,44.818,-111.588,5,5,uk,,,,,ushis,ushis2402,2018-06-04T20:43:45.000Z,"31 km W of Hebgen Lake Estates, Montana",earthquake,,,,,reviewed,ushis,brk
1959-08-19T04:04:01.700Z,44.648,-110.84,5,5.99,mw,,,,,ushis,ushis2401,2022-04-26T16:47:20.905Z,"21 km E of West Yellowstone, Montana",earthquake,,,,,reviewed,ushis,dor
1959-08-18T15:26:10.240Z,44.812,-110.864,10,6.3,mw,,,,,iscgem,iscgem882678,2022-04-26T16:47:16.154Z,"22 km SW of Mammoth, Wyoming",earthquake,,3.8,0.2,,reviewed,iscgem,iscgem
1959-08-18T11:03:51.980Z,44.864,-110.754,15,5.67,mw,,,,,iscgem,iscgem882677,2022-04-26T16:47:14.657Z,"13 km SSW of Mammoth, Wyoming",earthquake,,3.8,0.2,,reviewed,iscgem,iscgem
1959-08-18T06:37:14.000Z,44.7925,-111.2001,12,7.2,mw,,,,,official,official19590818063714000_12,2024-05-27T23:22:43.732Z,"The 1959 Hebgen Lake, Montana Earthquake",earthquake,,,,,reviewed,official,official
1959-08-04T23:53:30.000Z,45.683,-122.267,,4.7,ml,,,,,ushis,ushis2391,2018-06-04T20:43:45.000Z,"11 km ENE of Fern Prairie, Washington",earthquake,,,,,reviewed,ushis,epb
1959-08-04T07:36:58.290Z,37.5005,-118.4168333,6,5.17,ml,9,311,,0.53,ci,ci3297154,2018-06-04T20:43:45.000Z,"13km N of Dixon Lane-Meadow Creek, CA",earthquake,5.73,31.61,0.152,8,reviewed,ci,ci
1959-07-21T17:39:29.000Z,36.8,-112.37,,5.6,ml,,,,,ushis,ushis2387,2018-06-04T20:43:45.000Z,"21 km SE of Fredonia, Arizona",earthquake,,,,,reviewed,ushis,pas
1959-07-17T07:26:26.460Z,31.5651667,-115.9798333,6,4.87,ml,10,311,,0.75,ci,ci3297116,2016-01-28T18:11:10.630Z,"58km ESE of Maneadero, B.C., MX",earthquake,6.51,31.61,0.093,9,reviewed,ci,ci
1959-07-01T23:49:23.620Z,35.178,-119.0868333,6,4.63,ml,14,164,,0.72,ci,ci3297109,2018-06-04T20:43:45.000Z,"18km WSW of Lamont, CA",earthquake,2.01,31.61,0.177,11,reviewed,ci,ci
1959-06-23T15:04:38.240Z,39.105,-119.119,15,5.38,mw,,,,,iscgem,iscgem882316,2022-04-26T16:45:23.558Z,"13 km NNE of Yerington, Nevada",earthquake,,25,0.3,,reviewed,iscgem,iscgem
1959-06-23T14:35:04.720Z,39.027,-118.931,15,5.54,mw,,,,,iscgem,iscgem882314,2022-04-26T16:45:22.245Z,"13 km NW of Schurz, Nevada",earthquake,,25,0.3,,reviewed,iscgem,iscgem
1959-06-18T00:29:40.000Z,37.55,-118.567,,4.7,ml,,,,,ushis,ushis2380,2018-06-04T20:43:45.000Z,"8 km NE of Swall Meadows, California",earthquake,,,,,reviewed,ushis,pas
1959-06-14T06:13:37.140Z,31.3351667,-116.0925,6,4.87,ml,9,319,1.428,0.73,ci,ci3297083,2016-01-28T18:20:21.530Z,"62km SE of Maneadero, B.C., MX",earthquake,4.94,31.61,0.139,10,reviewed,ci,ci
1959-06-14T01:26:32.000Z,39.667,-120.55,,4.5,ml,,,,,ushis,ushis2378,2018-06-04T20:43:45.000Z,"5 km S of Whitehawk, California",earthquake,,,,,reviewed,ushis,brk
1959-06-02T18:49:00.000Z,43.7,-119.7,,4.7,ml,,,,,ushis,ushis2376,2018-06-04T20:43:45.000Z,"52 km WNW of Hines, Oregon",earthquake,,,,,reviewed,ushis,brk
1959-06-01T16:35:34.360Z,32.5351667,-115.9855,6,4.5,ml,9,231,,0.73,ci,ci3297075,2018-06-04T20:43:45.000Z,"22km S of Ocotillo, CA",earthquake,4.22,31.61,0.118,9,reviewed,ci,ci
1959-05-26T15:58:01.000Z,36.717,-121.617,,4.6,ml,,,,,ushis,ushis2374,2018-06-04T20:43:45.000Z,"5 km NE of Salinas, California",earthquake,,,,,reviewed,ushis,brk
1959-05-21T17:51:40.000Z,39.47,-118.12,,4.8,ml,,,,,ushis,ushis2373,2018-06-04T20:43:45.000Z,"51 km E of Fallon Station, Nevada",earthquake,,,,,reviewed,ushis,brk
1959-04-27T17:45:02.170Z,31.9285,-115.023,6,4.5,ml,8,326,0.975,1.04,ci,ci3297047,2016-01-28T18:24:56.880Z,"30km S of Estacion Coahuila, B.C., MX",earthquake,12.5,31.61,0.129,10,reviewed,ci,ci
1959-04-01T18:18:30.000Z,39.717,-120.2,,5.6,ml,,,,,ushis,ushis2364,2018-06-04T20:43:45.000Z,"5 km NE of Loyalton, California",earthquake,,,,,reviewed,ushis,brk
1959-03-23T07:10:26.240Z,39.404,-118.171,15,5.71,mw,,,,,iscgem,iscgem881629,2022-04-26T16:42:06.008Z,"47 km E of Fallon Station, Nevada",earthquake,,4.4,0.3,,reviewed,iscgem,iscgem
1959-03-02T23:27:17.000Z,36.983,-121.6,,5.3,ml,,,,,ushis,ushis2362,2018-06-04T20:43:45.000Z,"3 km SW of Gilroy, California",earthquake,,,,,reviewed,ushis,brk
1959-02-26T03:03:16.210Z,30.8571667,-116.5465,6,4.6,ml,3,340,1.821,0.87,ci,ci12277807,2016-01-28T17:57:22.830Z,"96km S of Maneadero, B.C., MX",earthquake,24.81,31.61,0.05,14,reviewed,ci,ci
1959-01-05T12:36:02.400Z,36.1653333,-118.0525,0.17,4.72,ml,9,117,0.08965,0.48,ci,ci3296903,2018-06-04T20:43:45.000Z,"14km SSW of Olancha, CA",earthquake,1.7,4.12,0.171,9,reviewed,ci,ci
1958-12-11T09:52:27.000Z,37.7,-122.567,,4.7,ml,,,,,ushis,ushis2348,2018-06-04T20:43:45.000Z,"7 km WNW of Broadmoor, California",earthquake,,,,,reviewed,ushis,brk
1958-12-01T06:03:00.000Z,32.15,-115.8,6,4.6,mh,,,,,ci,ci10086466,2016-01-28T18:29:17.670Z,"52km SSW of Progreso, B.C., MX",earthquake,,,,0,reviewed,ci,ci
1958-12-01T06:02:29.880Z,32.0798333,-115.8825,6,5.39,ml,8,292,,0.3,ci,ci3296833,2017-02-07T00:20:27.401Z,"62km SSW of Progreso, B.C., MX",earthquake,1.99,31.61,0.155,11,reviewed,ci,ci
1958-12-01T04:26:47.350Z,32.1515,-115.7708333,6,4.57,ml,7,301,,0.34,ci,ci3296832,2016-01-28T18:01:50.900Z,"51km SSW of Progreso, B.C., MX",earthquake,4.29,31.61,0.165,10,reviewed,ci,ci
1958-12-01T03:50:05.040Z,32.0228333,-115.8518333,6,4.73,ml,8,296,,0.56,ci,ci3296831,2016-01-28T18:01:50.360Z,"67km SSW of Progreso, B.C., MX",earthquake,3.21,31.61,0.139,9,reviewed,ci,ci
1958-12-01T03:21:17.620Z,32.2163333,-115.7541667,6,5.75,ml,7,299,,0.16,ci,ci3296828,2022-04-26T17:05:48.062Z,"44km SSW of Progreso, B.C., MX",earthquake,16.74,31.61,0.092,12,reviewed,ci,ci
1958-10-10T13:05:13.250Z,36.0188333,-120.7571667,6,4.71,ml,12,295,1.586,0.6,ci,ci3296778,2018-06-04T20:43:45.000Z,"30km N of San Miguel, CA",earthquake,3.7,31.61,0.167,12,reviewed,ci,ci
1958-10-01T21:42:11.000Z,39.567,-120.3,,4.6,ml,,,,,ushis,ushis2336,2018-06-04T20:43:45.000Z,"6 km ESE of Sierraville, California",earthquake,,,,,reviewed,ushis,brk
1958-09-21T07:24:49.240Z,37.0306667,-121.3798333,6,4.56,ml,7,331,2.44,0.74,ci,ci3296765,2018-06-04T20:43:45.000Z,"17km E of Gilroy, CA",earthquake,7.56,31.61,0.024,9,reviewed,ci,ci
1958-08-30T18:38:24.360Z,27.483,-111.666,15,6,mw,,,,,iscgem,iscgem885060,2022-04-26T17:02:41.261Z,"61 km ENE of Santa Rosalía, Mexico",earthquake,,25,0.2,,reviewed,iscgem,iscgem
1958-05-24T23:04:47.000Z,40.3,-124.05,,4.9,ml,,,,,ushis,ushis2304,2018-06-04T20:43:45.000Z,"11 km WSW of Weott, California",earthquake,,,,,reviewed,ushis,brk
1958-04-19T04:03:27.530Z,26.142,-110.698,15,5.88,mw,,,,,iscgem,iscgem884227,2022-04-26T16:56:40.753Z,"66 km ENE of Loreto, Mexico",earthquake,,6,0.21,,reviewed,iscgem,iscgem
1958-04-12T11:47:06.110Z,26.571,-110.925,15,6.31,mw,,,,,iscgem,iscgem884174,2022-04-26T16:56:20.805Z,"75 km NE of Loreto, Mexico",earthquake,,25,0.39,,reviewed,iscgem,iscgem
1958-03-12T12:09:16.000Z,42.4,-120,,4.5,ml,,,,,ushis,ushis2288,2018-06-04T20:43:44.000Z,"8 km W of Plush, Oregon",earthquake,,,,,reviewed,ushis,brk
1958-02-06T11:15:30.740Z,31.9831667,-116.3578333,6,4.56,ml,8,278,0.7441,0.36,ci,ci3296482,2016-01-28T18:24:57.370Z,"28km ENE of Ensenada, B.C., MX",earthquake,3.07,31.61,0.234,10,reviewed,ci,ci
1958-01-04T17:27:34.000Z,38.9,-115.5,,4.5,ml,,,,,ushis,ushis2279,2018-06-04T20:43:44.000Z,"38 km W of Preston, Nevada",earthquake,,,,,reviewed,ushis,brk
1957-10-31T02:47:46.000Z,39.183,-123.683,,4.7,ml,,,,,ushis,ushis2266,2018-06-04T20:43:44.000Z,"8 km ESE of Albion, California",earthquake,,,,,reviewed,ushis,brk
1957-10-24T21:44:32.850Z,24.79,-109.245,15,6.19,mw,,,,,iscgem,iscgem887419,2022-04-26T17:18:20.825Z,"91 km SSW of Topolobampo, Mexico",earthquake,,8,0.34,,reviewed,iscgem,iscgem
1957-10-17T10:14:09.000Z,39.28,-118.43,,4.6,ml,,,,,ushis,ushis2263,2018-06-04T20:43:44.000Z,"28 km ESE of Fallon Station, Nevada",earthquake,,,,,reviewed,ushis,brk
1957-09-28T21:04:39.000Z,36.6,-121.233,,4.5,ml,,,,,ushis,ushis2260,2018-06-04T20:43:44.000Z,"21 km NNE of Soledad, California",earthquake,,,,,reviewed,ushis,brk
1957-06-21T00:41:25.150Z,37.8048333,-119.3968333,6,4.5,ml,10,301,,0.34,ci,ci3296058,2018-06-04T20:43:44.000Z,"17km ENE of Yosemite Valley, CA",earthquake,1.97,31.61,0.175,11,reviewed,ci,ci
1957-05-26T15:59:33.570Z,33.2736667,-116.0103333,6,4.97,ml,9,105,0.5324,0.65,ci,ci3296029,2018-06-04T20:43:44.000Z,"6km WSW of Salton City, CA",earthquake,1.66,31.61,0.083,9,reviewed,ci,ci
1957-04-25T22:49:08.860Z,32.9023333,-115.965,6,4.72,ml,2,296,0.6355,1.05,ci,ci3295977,2016-01-28T18:29:46.300Z,"19km N of Ocotillo, CA",earthquake,13.47,31.61,,7,reviewed,ci,ci
1957-04-25T22:24:13.250Z,33.2226667,-116.0285,6,5.05,ml,4,261,0.5842,0.72,ci,ci3295973,2018-06-04T20:43:44.000Z,"11km SW of Salton City, CA",earthquake,8.14,31.61,0.22,11,reviewed,ci,ci
1957-04-25T21:57:36.900Z,33.119,-115.6808333,6,5.19,ml,12,272,0.3383,0.46,ci,ci3295960,2018-06-04T20:43:44.000Z,"11km NNW of Westmorland, CA",earthquake,3.14,31.61,0.139,11,reviewed,ci,ci
1957-03-22T19:44:21.000Z,37.667,-122.483,,5.3,ml,,,,,ushis,ushis2195,2025-02-13T21:42:13.940Z,"The 1957 San Francisco, California Earthquake",earthquake,,,,,reviewed,ushis,brk
1957-03-18T18:56:28.180Z,34.1461667,-119.203,6,4.82,ml,15,182,0.5157,0.69,ci,ci3295906,2018-06-04T20:43:44.000Z,"1km WSW of Port Hueneme, CA",earthquake,2.17,31.61,0.268,10,reviewed,ci,ci
1957-02-01T07:52:14.560Z,33.9823333,-116.3263333,6,4.51,ml,14,141,0.5484,0.36,ci,ci3295808,2018-06-04T20:43:44.000Z,"16km E of Desert Hot Springs, CA",earthquake,1.21,31.61,0.07,12,reviewed,ci,ci
1957-01-29T21:19:43.370Z,35.5206667,-123.0771667,6,5.22,ml,10,317,2.727,1.1,ci,ci3295807,2018-06-04T20:43:44.000Z,"155km SW of Carmel-by-the-Sea, CA",earthquake,99,31.61,0.234,11,reviewed,ci,ci
1957-01-26T01:16:06.000Z,48.333,-122.433,,5,ml,,,,,ushis,ushis2130,2018-06-04T20:43:44.000Z,"6 km W of Conway, Washington",earthquake,,,,,reviewed,ushis,epb
1957-01-24T20:54:47.840Z,33.0621667,-116.3735,6,4.65,ml,11,171,0.4565,0.68,ci,ci3295792,2018-06-04T20:43:44.000Z,"21km E of Julian, CA",earthquake,2.71,31.61,0.034,12,reviewed,ci,ci
1956-12-31T17:39:24.000Z,38.28,-118.97,,5.1,ml,,,,,ushis,ushis2117,2018-06-04T20:43:44.000Z,"23 km E of Bridgeport, California",earthquake,,,,,reviewed,ushis,brk
1956-12-31T17:37:45.000Z,38.25,-118.93,,5,ml,,,,,ushis,ushis2116,2018-06-04T20:43:44.000Z,"26 km E of Bridgeport, California",earthquake,,,,,reviewed,ushis,brk
1956-11-16T08:26:10.000Z,41.03,-116.45,,4.7,ml,,,,,ushis,ushis2109,2018-06-04T20:43:44.000Z,"45 km NW of Carlin, Nevada",earthquake,,,,,reviewed,ushis,brk
1956-11-16T03:23:01.190Z,36.3756667,-120.8846667,6,5,ml,13,318,,0.48,ci,ci3295741,2018-06-04T20:43:44.000Z,"28km NE of King City, CA",earthquake,5.6,31.61,0.133,8,reviewed,ci,ci
1956-09-23T08:52:00.940Z,31.455,-115.6258333,6,4.8,ml,8,323,,0.38,ci,ci3295479,2016-01-28T18:28:38.480Z,"94km ESE of Maneadero, B.C., MX",earthquake,6.03,31.61,0.096,7,reviewed,ci,ci
1956-08-25T15:57:39.460Z,31.336,-115.5936667,6,5.02,ml,6,342,,0.54,ci,ci3295396,2016-01-28T18:05:35.190Z,"102km ESE of Maneadero, B.C., MX",earthquake,24.07,31.61,0.028,8,reviewed,ci,ci
1956-08-03T04:27:52.580Z,30.9995,-116.0211667,6,4.55,ml,4,329,1.765,0.77,ci,ci3295362,2016-01-28T18:28:34.460Z,"95km SSE of Maneadero, B.C., MX",earthquake,32.5,31.61,0.152,10,reviewed,ci,ci
1956-07-26T09:53:17.000Z,39.55,-118.45,,5.1,ml,,,,,ushis,ushis2098,2018-06-04T20:43:44.000Z,"27 km ENE of Fallon Station, Nevada",earthquake,,,,,reviewed,ushis,brk
1956-07-23T08:03:48.000Z,36.3,-121.3,,4.7,ml,,,,,ushis,ushis2097,2018-06-04T20:43:44.000Z,"5 km WSW of Greenfield, California",earthquake,,,,,reviewed,ushis,brk
1956-07-16T00:39:41.540Z,30.8,-115.5,6,4.88,ml,6,329,2.796,0.58,ci,ci3295337,2016-01-28T18:05:31.100Z,"144km SE of Maneadero, B.C., MX",earthquake,99,31.61,0.144,6,reviewed,ci,ci
1956-07-09T02:21:55.000Z,42,-122.4,,4.9,ml,,,,,ushis,ushis2096,2018-06-04T20:43:44.000Z,"16 km NE of Hornbrook, California",earthquake,,,,,reviewed,ushis,brk
1956-07-06T03:31:35.000Z,38.45,-118.62,,4.9,ml,,,,,ushis,ushis2095,2018-06-04T20:43:44.000Z,"California-Nevada border region",earthquake,,,,,reviewed,ushis,brk
1956-07-04T21:41:08.350Z,31.0108333,-116.353,6,4.56,ml,4,323,2.376,0.78,ci,ci3295316,2016-01-28T18:00:43.550Z,"81km SSE of Maneadero, B.C., MX",earthquake,11.15,31.61,0.112,7,reviewed,ci,ci
1956-05-24T02:27:31.090Z,26.097,-109.972,15,5.55,mw,,,,,iscgem,iscgem888285,2022-04-26T17:24:13.876Z,"66 km WNW of El Aguajito, Mexico",earthquake,,9.4,0.2,,reviewed,iscgem,iscgem
1956-05-14T14:52:26.850Z,31.6646667,-115.7788333,6,4.55,ml,5,350,,0.93,ci,ci3295458,2016-01-28T18:19:14.170Z,"75km E of Maneadero, B.C., MX",earthquake,41.03,31.61,0.056,9,reviewed,ci,ci
1956-05-11T16:30:50.440Z,34.2288333,-116.7776667,11.68,4.68,ml,15,198,0.1097,0.47,ci,ci3295148,2018-06-04T20:43:44.000Z,"7km ESE of Big Bear City, CA",earthquake,1.17,1.75,0.054,11,reviewed,ci,ci
1956-05-10T11:48:55.530Z,31.8526667,-116.1966667,6,4.61,ml,6,338,,0.43,ci,ci3295145,2016-01-28T18:28:26.150Z,"38km ENE of Maneadero, B.C., MX",earthquake,13.72,31.61,0.215,7,reviewed,ci,ci
1956-04-25T09:08:25.970Z,31.2873333,-115.4261667,6,4.76,ml,7,345,,0.49,ci,ci3295129,2016-01-28T18:23:42.420Z,"107km SSW of Alberto Oviedo Mota, B.C., MX",earthquake,16.34,31.61,0.147,10,reviewed,ci,ci
1956-04-02T19:47:37.480Z,31.5095,-115.462,6,4.62,ml,9,341,1.555,0.77,ci,ci3295064,2016-01-28T18:09:48.730Z,"84km SSW of Alberto Oviedo Mota, B.C., MX",earthquake,24.28,31.61,0.085,7,reviewed,ci,ci
1956-03-31T07:27:04.620Z,31.4178333,-115.5521667,6,4.63,ml,6,342,,0.9,ci,ci3295058,2016-01-28T18:19:12.080Z,"97km SSW of Alberto Oviedo Mota, B.C., MX",earthquake,38.06,31.61,0.069,9,reviewed,ci,ci
1956-03-17T01:27:23.620Z,31.5791667,-115.5841667,6,4.54,ml,8,343,,0.51,ci,ci3295039,2016-01-28T18:23:37.990Z,"82km SSW of Alberto Oviedo Mota, B.C., MX",earthquake,13.41,31.61,0.051,8,reviewed,ci,ci
1956-03-16T20:29:33.730Z,34.289,-116.775,2.71,4.7,ml,13,198,0.1207,0.33,ci,ci3295013,2018-06-04T20:43:44.000Z,"7km ENE of Big Bear City, CA",earthquake,1.06,1.55,0.106,11,reviewed,ci,ci
1956-03-14T15:49:43.950Z,31.4731667,-115.8155,6,4.64,ml,8,343,,0.22,ci,ci3294994,2016-01-28T18:00:39.030Z,"76km ESE of Maneadero, B.C., MX",earthquake,6.76,31.61,0.07,8,reviewed,ci,ci
1956-03-14T05:29:36.090Z,31.589,-115.6545,6,4.7,ml,8,343,,0.48,ci,ci3294991,2016-01-28T18:14:40.110Z,"84km SSW of Alberto Oviedo Mota, B.C., MX",earthquake,12.05,31.61,0.112,10,reviewed,ci,ci
1956-03-10T22:01:15.900Z,29.8653333,-115.3761667,0.01,4.57,ml,6,350,3.017,9.25,ci,ci3294984,2016-01-28T18:28:23.160Z,"235km SSE of Maneadero, B.C., MX",earthquake,99,31.61,0.291,5,reviewed,ci,ci
1956-03-10T14:12:54.310Z,31.3751667,-115.725,6,5.09,ml,6,349,1.53,0.38,ci,ci3294980,2016-01-28T18:23:35.300Z,"88km ESE of Maneadero, B.C., MX",earthquake,14.43,31.61,0.159,8,reviewed,ci,ci
1956-03-10T05:56:14.000Z,40.3,-124.233,,4.5,ml,,,,,ushis,ushis2085,2018-06-04T20:43:44.000Z,"23 km SSW of Scotia, California",earthquake,,,,,reviewed,ushis,brk
1956-03-09T04:25:03.200Z,31.4603333,-115.6433333,6,4.76,ml,4,351,1.497,0.82,ci,ci3297710,2016-01-28T18:28:22.660Z,"92km ESE of Maneadero, B.C., MX",earthquake,36.48,31.61,0.13,9,reviewed,ci,ci
1956-03-09T00:32:41.490Z,31.6416667,-116.1973333,6,4.85,ml,6,345,1.111,0.5,ci,ci3297708,2017-02-07T01:06:37.904Z,"36km ESE of Maneadero, B.C., MX",earthquake,13.99,31.61,0.091,9,reviewed,ci,ci
1956-03-08T07:26:20.000Z,39.03,-118.07,,4.6,ml,,,,,ushis,ushis2084,2018-06-04T20:43:44.000Z,"22 km NW of Gabbs, Nevada",earthquake,,,,,reviewed,ushis,brk
1956-03-07T15:29:29.460Z,31.4613333,-115.8306667,6,4.72,ml,5,349,1.41,0.8,ci,ci3297707,2016-01-28T18:23:34.810Z,"75km ESE of Maneadero, B.C., MX",earthquake,33.99,31.61,0.052,7,reviewed,ci,ci
1956-03-03T18:23:15.480Z,31.5228333,-115.7578333,6,5.04,ml,8,342,1.39,0.23,ci,ci3297695,2017-02-07T00:54:22.439Z,"80km ESE of Maneadero, B.C., MX",earthquake,5.82,31.61,0.19,9,reviewed,ci,ci
1956-03-03T06:34:05.260Z,31.5386667,-115.8668333,6,4.81,ml,7,342,1.327,0.15,ci,ci3297694,2017-02-07T01:01:54.860Z,"69km ESE of Maneadero, B.C., MX",earthquake,6.99,31.61,0.096,9,reviewed,ci,ci
1956-03-01T02:52:58.070Z,31.7395,-116.0701667,6,4.63,ml,6,347,1.068,0.37,ci,ci3297630,2017-02-07T01:21:14.332Z,"47km E of Maneadero, B.C., MX",earthquake,14.29,31.61,0.062,8,reviewed,ci,ci
1956-02-29T09:01:17.790Z,31.6585,-116.206,6,4.71,ml,6,339,,0.48,ci,ci3297629,2017-02-07T01:14:08.879Z,"35km E of Maneadero, B.C., MX",earthquake,11.4,31.61,0.03,7,reviewed,ci,ci
1956-02-26T08:18:00.000Z,31.5,-115.5,6,4.5,mh,,,,,ci,ci10086454,2016-01-28T18:14:36.690Z,"87km SSW of Alberto Oviedo Mota, B.C., MX",earthquake,,,,0,reviewed,ci,ci
1956-02-26T05:49:23.990Z,31.548,-115.6481667,6,4.62,ml,8,342,,0.56,ci,ci3297626,2017-02-07T01:16:50.379Z,"88km SSW of Alberto Oviedo Mota, B.C., MX",earthquake,13.4,31.61,0.182,9,reviewed,ci,ci
1956-02-25T22:34:40.240Z,30.9248333,-116.0063333,6,4.86,ml,8,348,,0.83,ci,ci3297625,2016-01-28T18:19:05.390Z,"103km SSE of Maneadero, B.C., MX",earthquake,26.6,31.61,0.055,7,reviewed,ci,ci
1956-02-25T08:08:52.190Z,31.7971667,-115.4606667,6,4.9,ml,6,337,,0.54,ci,ci3297622,2017-02-07T00:51:18.960Z,"55km SSW of Alberto Oviedo Mota, B.C., MX",earthquake,14.55,31.61,0.081,9,reviewed,ci,ci
1956-02-24T20:22:25.310Z,31.7543333,-116.3503333,6,4.67,ml,6,338,0.9625,0.36,ci,ci3297621,2017-02-07T01:09:25.048Z,"21km ENE of Maneadero, B.C., MX",earthquake,11.9,31.61,0.109,9,reviewed,ci,ci
1956-02-24T16:59:36.250Z,31.3546667,-115.7596667,6,4.81,ml,5,343,1.532,0.74,ci,ci3297620,2016-01-28T18:05:12.630Z,"86km ESE of Maneadero, B.C., MX",earthquake,23.88,31.61,0.12,7,reviewed,ci,ci
1956-02-24T14:04:42.650Z,31.3986667,-115.7811667,6,4.72,ml,6,343,,0.63,ci,ci3297618,2016-01-28T18:23:33.260Z,"82km ESE of Maneadero, B.C., MX",earthquake,19.66,31.61,0.165,9,reviewed,ci,ci
1956-02-24T13:16:56.020Z,31.4991667,-115.3506667,6,4.55,ml,3,342,,0.34,ci,ci3297597,2016-01-28T18:23:32.730Z,"83km SSW of Alberto Oviedo Mota, B.C., MX",earthquake,10.9,31.61,0.107,9,reviewed,ci,ci
1956-02-21T02:49:51.550Z,31.6351667,-115.3431667,6,4.55,ml,8,340,,0.57,ci,ci3297591,2017-02-07T01:28:31.143Z,"68km SSW of Alberto Oviedo Mota, B.C., MX",earthquake,13.96,31.61,0.147,10,reviewed,ci,ci
1956-02-19T06:54:00.000Z,31.5,-115.5,6,4.7,mh,,,,,ci,ci10086450,2016-01-28T18:09:41.620Z,"87km SSW of Alberto Oviedo Mota, B.C., MX",earthquake,,,,0,reviewed,ci,ci
1956-02-19T01:58:00.000Z,31.5,-115.5,6,4.5,mh,,,,,ci,ci10086446,2016-01-28T17:56:18.760Z,"87km SSW of Alberto Oviedo Mota, B.C., MX",earthquake,,,,0,reviewed,ci,ci
1956-02-18T15:11:00.000Z,31.5,-115.5,6,4.6,mh,,,,,ci,ci10086442,2016-01-28T18:23:33.810Z,"87km SSW of Alberto Oviedo Mota, B.C., MX",earthquake,,,,0,reviewed,ci,ci
1956-02-17T10:40:03.440Z,31.4848333,-115.6145,6,4.63,ml,8,343,,0.15,ci,ci3297587,2016-01-28T18:14:33.200Z,"93km SSW of Alberto Oviedo Mota, B.C., MX",earthquake,5.28,31.61,0.246,7,reviewed,ci,ci
1956-02-17T09:25:04.750Z,31.5661667,-115.4845,6,4.83,ml,8,342,,0.6,ci,ci3297586,2017-02-07T00:59:00.791Z,"79km SSW of Alberto Oviedo Mota, B.C., MX",earthquake,14.41,31.61,0.079,9,reviewed,ci,ci
1956-02-17T06:25:00.000Z,31.5,-115.5,6,4.7,mh,,,,,ci,ci10086438,2016-01-28T18:28:21.730Z,"87km SSW of Alberto Oviedo Mota, B.C., MX",earthquake,,,,0,reviewed,ci,ci
1956-02-17T03:57:00.000Z,31.5,-115.5,6,4.5,mh,,,,,ci,ci10086434,2016-01-28T17:56:18.330Z,"87km SSW of Alberto Oviedo Mota, B.C., MX",earthquake,,,,0,reviewed,ci,ci
1956-02-17T01:13:00.000Z,31.5,-115.5,6,4.5,mh,,,,,ci,ci10086430,2016-01-28T17:56:17.920Z,"87km SSW of Alberto Oviedo Mota, B.C., MX",earthquake,,,,0,reviewed,ci,ci
1956-02-16T08:12:28.350Z,31.374,-115.7025,6,5.06,ml,8,343,,1.11,ci,ci3297585,2016-01-28T18:14:32.700Z,"90km ESE of Maneadero, B.C., MX",earthquake,26.06,31.61,0.22,9,reviewed,ci,ci
1956-02-16T05:53:01.620Z,31.3136667,-115.5536667,6,4.94,ml,9,343,,0.94,ci,ci3297584,2016-01-28T18:28:18.980Z,"106km ESE of Maneadero, B.C., MX",earthquake,21.16,31.61,0.176,9,reviewed,ci,ci
1956-02-16T01:30:09.970Z,31.4963333,-115.6393333,6,4.57,ml,3,350,1.47,0.4,ci,ci3297583,2016-01-28T18:14:32.210Z,"91km ESE of Maneadero, B.C., MX",earthquake,20.76,31.61,0.198,5,reviewed,ci,ci
1956-02-15T18:54:44.140Z,31.5035,-115.3103333,6,4.9,ml,7,341,,0.32,ci,ci3297581,2017-02-07T00:46:44.483Z,"82km S of Alberto Oviedo Mota, B.C., MX",earthquake,7.33,31.61,0.055,5,reviewed,ci,ci
1956-02-15T09:31:00.000Z,31.5,-115.5,6,4.5,mh,,,,,ci,ci10086426,2016-04-02T13:46:12.413Z,"87km SSW of Alberto Oviedo Mota, B.C., MX",earthquake,,,,0,reviewed,ci,ci
1956-02-15T08:35:53.540Z,31.4731667,-115.3578333,6,5.06,ml,7,342,,0.52,ci,ci3297580,2016-01-28T18:00:32.890Z,"86km SSW of Alberto Oviedo Mota, B.C., MX",earthquake,12.09,31.61,0.114,8,reviewed,ci,ci
1956-02-15T07:07:47.630Z,31.7213333,-115.2528333,6,5.21,ml,9,335,1.537,0.59,ci,ci3297577,2017-02-07T00:43:50.863Z,"57km S of Alberto Oviedo Mota, B.C., MX",earthquake,11.77,31.61,0.034,8,reviewed,ci,ci
1956-02-15T07:04:00.000Z,31.5,-115.5,6,4.6,mh,,,,,ci,ci10086422,2016-01-28T18:05:14.020Z,"87km SSW of Alberto Oviedo Mota, B.C., MX",earthquake,,,,0,reviewed,ci,ci
1956-02-15T06:43:00.000Z,31.5,-115.5,6,4.5,mh,,,,,ci,ci10086418,2016-01-28T18:00:36.580Z,"87km SSW of Alberto Oviedo Mota, B.C., MX",earthquake,,,,0,reviewed,ci,ci
1956-02-15T06:00:00.000Z,31.5,-115.5,6,4.6,mh,,,,,ci,ci10086414,2016-01-28T18:00:36.160Z,"87km SSW of Alberto Oviedo Mota, B.C., MX",earthquake,,,,0,reviewed,ci,ci
1956-02-15T02:40:00.000Z,31.5,-115.5,6,4.5,mh,,,,,ci,ci10086410,2016-01-28T18:05:13.600Z,"87km SSW of Alberto Oviedo Mota, B.C., MX",earthquake,,,,0,reviewed,ci,ci
1956-02-15T02:28:37.230Z,30.982,-116.2263333,6,5.33,ml,10,343,,0.78,ci,ci3297575,2016-01-28T18:28:18.490Z,"88km SSE of Maneadero, B.C., MX",earthquake,20.5,31.61,0.181,9,reviewed,ci,ci
1956-02-15T01:20:43.800Z,31.25,-115.9,6,4.84,ml,0,360,2.25,0,ci,ci3297568,2021-07-07T19:00:43.535Z,"82km SE of Maneadero, B.C., MX",earthquake,,,0.098,5,reviewed,ci,ci
1956-02-15T01:20:35.270Z,31.149,-115.4846667,6,6.52,ml,11,344,,0.67,ci,ci3297567,2022-04-26T17:22:33.231Z,"120km ESE of Maneadero, B.C., MX",earthquake,13.8,31.61,0.056,6,reviewed,ci,ci
1956-02-14T22:07:00.000Z,31.5,-115.5,6,4.7,mh,,,,,ci,ci10086406,2016-01-28T18:05:13.180Z,"87km SSW of Alberto Oviedo Mota, B.C., MX",earthquake,,,,0,reviewed,ci,ci
1956-02-14T18:41:14.650Z,31.45,-115.9,6,4.56,ml,4,348,1.391,6.39,ci,ci3297565,2016-01-28T18:05:11.060Z,"70km ESE of Maneadero, B.C., MX",earthquake,99,31.61,0.197,5,reviewed,ci,ci
1956-02-14T18:40:36.400Z,31.4291667,-116.2415,6,4.64,ml,3,355,1.3,1.31,ci,ci3297564,2016-01-28T18:23:31.240Z,"44km SE of Maneadero, B.C., MX",earthquake,89.88,31.61,0.065,7,reviewed,ci,ci
1956-02-14T18:39:08.750Z,31.4108333,-116.1818333,6,4.53,ml,3,355,1.332,1.33,ci,ci3297563,2016-01-28T18:23:30.750Z,"50km SE of Maneadero, B.C., MX",earthquake,79.75,31.61,0.258,7,reviewed,ci,ci
1956-02-14T18:33:28.320Z,31.0201667,-115.4816667,6,6.43,ml,10,344,,0.42,ci,ci3297559,2022-04-26T17:22:27.586Z,"129km SE of Maneadero, B.C., MX",earthquake,11.71,31.61,0.042,6,reviewed,ci,ci
1956-02-14T14:45:31.660Z,31.4565,-115.4521667,6,5.09,ml,8,343,1.6,0.37,ci,ci3297558,2016-01-28T18:00:32.350Z,"90km SSW of Alberto Oviedo Mota, B.C., MX",earthquake,8.46,31.61,0.098,9,reviewed,ci,ci
1956-02-11T06:24:28.090Z,31.4261667,-115.9403333,6,5.37,ml,8,341,,0.16,ci,ci3297555,2016-01-28T18:00:31.320Z,"68km ESE of Maneadero, B.C., MX",earthquake,5.29,31.61,0.153,9,reviewed,ci,ci
1956-02-11T06:11:26.230Z,31.7313333,-116.1338333,6,4.89,ml,6,340,,0.38,ci,ci3297554,2017-02-07T00:39:03.362Z,"41km E of Maneadero, B.C., MX",earthquake,11.59,31.61,0.067,7,reviewed,ci,ci
1956-02-11T05:19:06.650Z,31.4941667,-115.8503333,6,4.94,ml,9,341,,0.41,ci,ci3297553,2016-01-28T18:14:31.150Z,"72km ESE of Maneadero, B.C., MX",earthquake,10.18,31.61,0.095,8,reviewed,ci,ci
1956-02-11T02:57:47.150Z,31.6488333,-116.1365,6,4.96,ml,7,338,,0.3,ci,ci3297552,2017-02-07T00:33:56.546Z,"41km E of Maneadero, B.C., MX",earthquake,7.15,31.61,0.134,8,reviewed,ci,ci
1956-02-10T19:48:00.000Z,31.75,-116,6,4.5,mh,,,,,ci,ci10086402,2016-01-28T17:56:17.500Z,"54km E of Maneadero, B.C., MX",earthquake,,,,0,reviewed,ci,ci
1956-02-10T18:12:54.510Z,31.609,-116.1346667,6,5.43,ml,7,340,1.161,0.63,ci,ci3297551,2017-02-07T00:25:40.958Z,"43km ESE of Maneadero, B.C., MX",earthquake,14.47,31.61,0.139,10,reviewed,ci,ci
1956-02-10T15:09:32.020Z,31.6805,-116.3135,6,4.78,ml,7,337,1.042,0.48,ci,ci3297549,2016-01-28T18:05:10.530Z,"24km E of Maneadero, B.C., MX",earthquake,12.98,31.61,0.087,6,reviewed,ci,ci
1956-02-10T14:30:12.550Z,31.671,-116.1041667,6,4.77,ml,7,339,1.115,0.26,ci,ci3297548,2016-01-28T18:28:16.960Z,"44km E of Maneadero, B.C., MX",earthquake,6.72,31.61,0.1,6,reviewed,ci,ci
1956-02-10T13:42:00.000Z,31.6,-116,6,4.6,mh,,,,,ci,ci3297550,2016-04-02T09:52:01.203Z,"55km ESE of Maneadero, B.C., MX",earthquake,,,,0,reviewed,ci,ci
1956-02-10T12:30:00.000Z,31.75,-116,6,4.5,mh,,,,,ci,ci10086398,2016-01-28T18:19:07.510Z,"54km E of Maneadero, B.C., MX",earthquake,,,,0,reviewed,ci,ci
1956-02-10T11:41:00.000Z,31.75,-116,6,4.5,mh,,,,,ci,ci10086394,2016-01-28T18:14:36.270Z,"54km E of Maneadero, B.C., MX",earthquake,,,,0,reviewed,ci,ci
1956-02-10T07:33:44.990Z,31.4896667,-115.7523333,6,4.77,ml,7,343,1.421,0.67,ci,ci3297547,2016-01-28T18:14:30.190Z,"81km ESE of Maneadero, B.C., MX",earthquake,19.99,31.61,0.075,7,reviewed,ci,ci
1956-02-10T05:55:00.000Z,31.75,-116,6,4.6,mh,,,,,ci,ci10086390,2016-01-28T18:19:07.090Z,"54km E of Maneadero, B.C., MX",earthquake,,,,0,reviewed,ci,ci
1956-02-10T04:39:00.000Z,31.75,-116,6,4.5,mh,,,,,ci,ci10086386,2016-01-28T18:09:41.200Z,"54km E of Maneadero, B.C., MX",earthquake,,,,0,reviewed,ci,ci
1956-02-10T04:23:00.000Z,31.75,-116,6,4.5,mh,,,,,ci,ci10086382,2016-01-28T18:09:40.770Z,"54km E of Maneadero, B.C., MX",earthquake,,,,0,reviewed,ci,ci
1956-02-10T04:20:00.000Z,31.75,-116,6,4.6,mh,,,,,ci,ci10086378,2016-01-28T18:00:35.740Z,"54km E of Maneadero, B.C., MX",earthquake,,,,0,reviewed,ci,ci
1956-02-10T04:18:16.790Z,31.5745,-115.605,6,5.02,ml,7,343,1.426,0.59,ci,ci3297546,2016-01-28T18:09:38.100Z,"83km SSW of Alberto Oviedo Mota, B.C., MX",earthquake,16.28,31.61,0.083,7,reviewed,ci,ci
1956-02-10T03:57:00.000Z,31.75,-116,6,4.5,mh,,,,,ci,ci10086374,2016-01-28T18:19:06.640Z,"54km E of Maneadero, B.C., MX",earthquake,,,,0,reviewed,ci,ci
1956-02-10T02:53:00.000Z,31.75,-116,6,4.5,mh,,,,,ci,ci10086370,2016-01-28T18:28:21.290Z,"54km E of Maneadero, B.C., MX",earthquake,,,,0,reviewed,ci,ci
1956-02-10T00:32:00.000Z,31.75,-116,6,4.5,mh,,,,,ci,ci10086366,2016-01-28T18:14:35.850Z,"54km E of Maneadero, B.C., MX",earthquake,,,,0,reviewed,ci,ci
1956-02-09T23:56:00.000Z,31.7,-115.9,6,4.5,mh,,,,,ci,ci10086362,2016-01-28T18:28:20.870Z,"63km E of Maneadero, B.C., MX",earthquake,,,,0,reviewed,ci,ci
1956-02-09T21:07:11.100Z,31.737,-116.1815,6,4.8,ml,4,344,1.028,0.24,ci,ci3297541,2016-01-28T18:05:09.540Z,"36km E of Maneadero, B.C., MX",earthquake,10.89,31.61,0.018,7,reviewed,ci,ci
1956-02-09T18:48:44.900Z,31.7816667,-115.7666667,6,5.56,ml,8,331,1.18,0.33,ci,ci3297542,2020-07-09T21:23:44.361Z,"75km SW of Alberto Oviedo Mota, B.C., MX",earthquake,5.32,31.61,0.105,10,reviewed,ci,ci
1956-02-09T17:50:34.120Z,31.6931667,-115.9931667,6,4.68,ml,5,340,1.14,0.42,ci,ci3297540,2016-01-28T18:23:29.790Z,"54km E of Maneadero, B.C., MX",earthquake,11.96,31.61,0.102,9,reviewed,ci,ci
1956-02-09T17:47:00.000Z,31.7,-115.9,6,4.6,mh,,,,,ci,ci10086358,2016-01-28T18:28:20.450Z,"63km E of Maneadero, B.C., MX",earthquake,,,,0,reviewed,ci,ci
1956-02-09T17:23:13.610Z,31.5101667,-115.8471667,6,4.74,ml,7,341,1.36,0.24,ci,ci3297539,2016-01-28T18:05:09.020Z,"72km ESE of Maneadero, B.C., MX",earthquake,6.82,31.61,0.209,8,reviewed,ci,ci
1956-02-09T17:07:44.520Z,31.501,-116.0518333,6,4.8,ml,3,358,1.288,0.96,ci,ci3297538,2016-01-28T18:28:16.460Z,"54km ESE of Maneadero, B.C., MX",earthquake,60.81,31.61,0.16,8,reviewed,ci,ci
1956-02-09T16:59:53.860Z,31.6146667,-116.1346667,6,5.58,ml,10,340,1.156,0.36,ci,ci3297537,2020-07-09T21:23:30.424Z,"42km ESE of Maneadero, B.C., MX",earthquake,7.78,31.61,0.228,7,reviewed,ci,ci
1956-02-09T16:29:49.020Z,31.0435,-115.677,6,5.89,ml,10,343,1.838,0.78,ci,ci3297536,2020-07-09T21:23:13.606Z,"113km SE of Maneadero, B.C., MX",earthquake,18.61,31.61,0.294,4,reviewed,ci,ci
1956-02-09T15:45:00.000Z,31.6,-116.1,6,4.73,ml,,,,,ci,ci3297533,2016-01-28T18:23:29.330Z,"46km ESE of Maneadero, B.C., MX",earthquake,,,0.119,6,reviewed,ci,ci
1956-02-09T15:41:00.000Z,31.6,-116.1,6,4.55,ml,,,,,ci,ci3297531,2016-01-28T18:28:16.000Z,"46km ESE of Maneadero, B.C., MX",earthquake,,,0.098,6,reviewed,ci,ci
1956-02-09T15:24:24.160Z,31.5171667,-115.915,6,6.2,ml,10,341,1.326,0.65,ci,ci3297529,2020-07-09T21:22:51.361Z,"66km ESE of Maneadero, B.C., MX",earthquake,11.74,31.61,0.033,5,reviewed,ci,ci
1956-02-09T15:01:36.520Z,31.3705,-116.099,6,5.36,ml,2,357,1.393,1.06,ci,ci3297528,2016-01-28T18:23:28.850Z,"59km SE of Maneadero, B.C., MX",earthquake,69.27,31.61,0.032,6,reviewed,ci,ci
1956-02-09T14:48:34.640Z,31.8,-116.2,6,4.7,ml,0,360,2.401,0,ci,ci3297526,2016-01-28T18:19:04.430Z,"36km ENE of Maneadero, B.C., MX",earthquake,,,0.078,6,reviewed,ci,ci
1956-02-09T14:46:26.440Z,31.8,-116.2,6,4.91,ml,0,358.1,1.647,1.724,ci,ci3297525,2016-01-28T18:05:08.550Z,"36km ENE of Maneadero, B.C., MX",earthquake,,,0.177,7,reviewed,ci,ci
1956-02-09T14:34:15.770Z,31.8,-116.2,6,5.6,mh,0,360,1.647,1.018,ci,ci3297522,2020-07-09T21:22:38.616Z,"36km ENE of Maneadero, B.C., MX",earthquake,,,,0,reviewed,ci,ci
1956-02-09T14:32:41.910Z,31.8321667,-116.2308333,6,6.8,ms,6,339,0.9244,0.1,ci,ci3297521,2022-04-26T17:22:19.406Z,"34km ENE of Maneadero, B.C., MX",earthquake,4.34,31.61,,0,reviewed,ci,ci
1956-02-09T14:16:25.320Z,31.6708333,-116.1426667,6,4.56,ml,7,338,,0.21,ci,ci3297519,2016-01-28T17:56:14.470Z,"40km E of Maneadero, B.C., MX",earthquake,4.63,31.61,0.116,6,reviewed,ci,ci
1956-01-03T14:24:01.250Z,32.3735,-116.0385,6,4.64,ml,7,321,,0.57,ci,ci3297475,2016-01-28T18:00:27.700Z,"40km S of Ocotillo, CA",earthquake,4.26,31.61,0.097,10,reviewed,ci,ci
1956-01-03T00:25:49.130Z,33.7528333,-117.4906667,10.81,4.71,ml,13,145,,0.45,ci,ci3297472,2018-06-04T20:43:44.000Z,"14km NE of Trabuco Canyon, CA",earthquake,0.82,1.54,0.073,6,reviewed,ci,ci
1955-12-31T13:51:04.000Z,39,-118.03,,4.5,ml,,,,,ushis,ushis2074,2018-06-04T20:43:44.000Z,"17 km NNW of Gabbs, Nevada",earthquake,,,,,reviewed,ushis,brk
1955-12-22T12:06:54.000Z,38.98,-118.7,,4.6,ml,,,,,ushis,ushis2073,2018-06-04T20:43:44.000Z,"10 km ENE of Schurz, Nevada",earthquake,,,,,reviewed,ushis,brk
1955-12-22T12:05:07.000Z,38.98,-118.7,,4.8,ml,,,,,ushis,ushis2072,2018-06-04T20:43:44.000Z,"10 km ENE of Schurz, Nevada",earthquake,,,,,reviewed,ushis,brk
1955-12-17T06:52:02.620Z,32.953,-115.486,6,4.59,ml,9,286,1.035,0.57,ci,ci3297440,2018-06-04T20:43:44.000Z,"5km SE of Brawley, CA",earthquake,8.19,31.61,0.143,9,reviewed,ci,ci
1955-12-17T06:07:27.900Z,32.9551667,-115.4718333,6,5.26,ml,9,287,1.047,0.23,ci,ci3297422,2022-04-26T17:38:56.560Z,"6km ESE of Brawley, CA",earthquake,1.94,31.61,0.217,12,reviewed,ci,ci
1955-11-26T17:36:00.290Z,31.721,-116.0635,6,5.31,ml,9,328,1.087,0.44,ci,ci3297369,2016-01-28T18:00:22.950Z,"48km E of Maneadero, B.C., MX",earthquake,8.47,31.61,0.159,8,reviewed,ci,ci
1955-11-02T19:40:03.820Z,36.572,-120.6995,6,4.87,ml,6,320,,1.3,ci,ci3297331,2018-06-04T20:43:44.000Z,"35km SW of Mendota, CA",earthquake,11,31.61,0.264,8,reviewed,ci,ci
1955-11-02T06:15:17.000Z,39.5,-118.05,,4.6,ml,,,,,ushis,ushis2066,2018-06-04T20:43:44.000Z,"58 km E of Fallon Station, Nevada",earthquake,,,,,reviewed,ushis,brk
1955-09-29T05:40:51.000Z,39.22,-118.2,,4.5,ml,,,,,ushis,ushis2061,2018-06-04T20:43:44.000Z,"45 km NNW of Gabbs, Nevada",earthquake,,,,,reviewed,ushis,brk
1955-09-05T02:01:18.680Z,37.189,-122.145,15,5.81,mw,,,,,iscgem,iscgem889890,2022-04-26T17:36:30.590Z,"7 km NNW of Boulder Creek, California",earthquake,,3.7,0.4,,reviewed,iscgem,iscgem
1955-08-27T07:00:26.000Z,40.383,-124.5,,4.5,ml,,,,,ushis,ushis2057,2018-06-04T20:43:44.000Z,"29 km SW of Ferndale, California",earthquake,,,,,reviewed,ushis,brk
1955-08-11T17:46:19.070Z,31.6213333,-116.3123333,6,4.64,ml,6,339,1.099,0.52,ci,ci3297951,2017-02-07T01:23:59.631Z,"26km ESE of Maneadero, B.C., MX",earthquake,9.86,31.61,0.122,8,reviewed,ci,ci
1955-08-08T10:35:35.000Z,38.33,-118.67,,5.2,ml,,,,,ushis,ushis2054,2021-05-17T23:02:07.250Z,"21 km S of Hawthorne, Nevada",earthquake,,,,,reviewed,ushis,brk
1955-06-19T19:25:16.000Z,39,-118.5,,5,ml,,,,,ushis,ushis2041,2018-06-04T20:43:44.000Z,"27 km ENE of Schurz, Nevada",earthquake,,,,,reviewed,ushis,brk
1955-06-19T19:20:00.000Z,38.97,-118.25,,5.2,ml,,,,,ushis,ushis2040,2018-06-04T20:43:44.000Z,"30 km WNW of Gabbs, Nevada",earthquake,,,,,reviewed,ushis,brk
1955-06-16T12:37:27.610Z,25.432,-112.588,15,5.72,mw,,,,,iscgem,iscgem889656,2022-04-26T17:34:48.802Z,"54 km WNW of Puerto Adolfo Lopez Mateos, Mexico",earthquake,,25,0.2,,reviewed,iscgem,iscgem
1955-06-08T12:22:11.000Z,38.88,-118.17,,4.5,ml,,,,,ushis,ushis2039,2018-06-04T20:43:44.000Z,"21 km W of Gabbs, Nevada",earthquake,,,,,reviewed,ushis,brk
1955-05-30T21:28:26.000Z,39.42,-118,,4.5,ml,,,,,ushis,ushis2035,2018-06-04T20:43:44.000Z,"61 km N of Gabbs, Nevada",earthquake,,,,,reviewed,ushis,brk
1955-05-28T19:44:20.030Z,35.538,-118.2473333,6,4.51,ml,12,117,,0.46,ci,ci3297817,2018-06-04T20:43:44.000Z,"22km ESE of Lake Isabella, CA",earthquake,0.9,31.61,0.055,11,reviewed,ci,ci
1955-05-08T10:38:31.000Z,38.933,-118.117,,4.5,ml,,,,,ushis,ushis2031,2018-06-04T20:43:44.000Z,"18 km WNW of Gabbs, Nevada",earthquake,,,,,reviewed,ushis,brk
1955-05-07T11:50:39.000Z,38.933,-122.867,,4.6,ml,,,,,ushis,ushis2030,2018-06-04T20:43:44.000Z,"5 km SSW of Kelseyville, California",earthquake,,,,,reviewed,ushis,brk
1955-04-25T10:43:07.420Z,32.4658333,-114.989,6,4.89,ml,9,320,1.437,0.43,ci,ci3297793,2016-01-28T18:13:54.000Z,"8km SW of Hermosillo, B.C., MX",earthquake,8.67,31.61,0.211,11,reviewed,ci,ci
1955-04-05T16:16:37.520Z,25.559,-109.851,15,6.01,mw,,,,,iscgemsup,iscgemsup889399,2022-05-09T20:00:08.503Z,"58 km WSW of Campo Pesquero el Colorado, Mexico",earthquake,,25,0.74,,reviewed,iscgemsup,iscgemsup
1955-04-05T15:09:27.440Z,25.471,-109.662,15,6.53,mw,,,,,iscgem,iscgem889398,2022-04-26T17:33:03.717Z,"47 km SW of Campo Pesquero el Colorado, Mexico",earthquake,,3.5,0.24,,reviewed,iscgem,iscgem
1955-03-14T18:23:47.000Z,39.42,-118.25,,4.7,ml,,,,,ushis,ushis2023,2018-06-04T20:43:44.000Z,"40 km E of Fallon Station, Nevada",earthquake,,,,,reviewed,ushis,brk
1955-03-13T08:41:04.000Z,39.57,-118.05,,4.6,ml,,,,,ushis,ushis2021,2018-06-04T20:43:44.000Z,"59 km ENE of Fallon Station, Nevada",earthquake,,,,,reviewed,ushis,brk
1955-03-11T14:23:16.000Z,39.3,-118.1,,4.5,ml,,,,,ushis,ushis2020,2018-06-04T20:43:44.000Z,"50 km NNW of Gabbs, Nevada",earthquake,,,,,reviewed,ushis,brk
1955-03-08T20:05:17.000Z,39.2,-118.55,,4.5,ml,,,,,ushis,ushis2019,2018-06-04T20:43:44.000Z,"27 km SSE of Fallon Station, Nevada",earthquake,,,,,reviewed,ushis,brk
1955-03-02T15:59:00.910Z,35.902,-120.9985,6,4.77,ml,11,278,,0.72,ci,ci3297743,2018-06-04T20:43:44.000Z,"22km NNW of Lake Nacimiento, CA",earthquake,5.98,31.61,0.219,12,reviewed,ci,ci
1955-02-19T23:50:07.000Z,39.3,-117.8,,4.8,ml,,,,,ushis,ushis2016,2018-06-04T20:43:44.000Z,"49 km NNE of Gabbs, Nevada",earthquake,,,,,reviewed,ushis,brk
1955-02-18T15:27:28.380Z,32.0695,-116.1041667,6,4.53,ml,5,339,0.7756,0.18,ci,ci3297733,2017-02-07T01:31:37.303Z,"54km ENE of Ensenada, B.C., MX",earthquake,6.19,31.61,0.069,9,reviewed,ci,ci
1955-02-11T16:12:32.000Z,39.47,-118.1,,4.7,ml,,,,,ushis,ushis2014,2018-06-04T20:43:44.000Z,"53 km E of Fallon Station, Nevada",earthquake,,,,,reviewed,ushis,brk
1955-01-25T23:26:46.000Z,39,-118,,4.7,ml,,,,,ushis,ushis2013,2018-06-04T20:43:44.000Z,"16 km NNW of Gabbs, Nevada",earthquake,,,,,reviewed,ushis,brk
1955-01-19T02:10:10.000Z,39.35,-118.25,,4.6,ml,,,,,ushis,ushis2010,2018-06-04T20:43:44.000Z,"40 km E of Fallon Station, Nevada",earthquake,,,,,reviewed,ushis,brk
1955-01-11T10:21:40.000Z,39,-118,,4.7,ml,,,,,ushis,ushis2006,2018-06-04T20:43:44.000Z,"16 km NNW of Gabbs, Nevada",earthquake,,,,,reviewed,ushis,brk
1955-01-09T09:10:50.000Z,39,-118,,5,ml,,,,,ushis,ushis2005,2018-06-04T20:43:44.000Z,"16 km NNW of Gabbs, Nevada",earthquake,,,,,reviewed,ushis,brk
1955-01-01T12:13:54.000Z,39,-118,,5.1,ml,,,,,ushis,ushis2003,2018-06-04T20:43:44.000Z,"16 km NNW of Gabbs, Nevada",earthquake,,,,,reviewed,ushis,brk
1954-12-30T09:16:13.000Z,40.783,-123.867,,4.7,ml,,,,,ushis,ushis2001,2018-06-04T20:43:44.000Z,"14 km SE of Blue Lake, California",earthquake,,,,,reviewed,ushis,brk
1954-12-21T19:56:29.000Z,40.78,-123.87,,6.5,mw,,,,,cdmg,cdmg19541221195629000,2024-12-19T18:16:00.938Z,"The 1954 Eureka-Arcata, California Earthquake",earthquake,,,,,reviewed,cdmg,cdmg
1954-12-20T17:36:47.000Z,39.28,-118.12,,5,ml,,,,,ushis,ushis1999,2018-06-04T20:43:44.000Z,"48 km NNW of Gabbs, Nevada",earthquake,,,,,reviewed,ushis,brk
1954-12-18T01:45:36.000Z,39.28,-118.12,,4.7,ml,,,,,ushis,ushis1998,2018-06-04T20:43:44.000Z,"48 km NNW of Gabbs, Nevada",earthquake,,,,,reviewed,ushis,brk
1954-12-17T20:27:06.000Z,39.28,-118.12,,5,ml,,,,,ushis,ushis1997,2018-06-04T20:43:44.000Z,"48 km NNW of Gabbs, Nevada",earthquake,,,,,reviewed,ushis,brk
1954-12-17T10:33:29.000Z,39.28,-118.12,,4.7,ml,,,,,ushis,ushis1996,2018-06-04T20:43:44.000Z,"48 km NNW of Gabbs, Nevada",earthquake,,,,,reviewed,ushis,brk
1954-12-17T10:15:26.000Z,39.28,-118.12,,4.5,ml,,,,,ushis,ushis1995,2018-06-04T20:43:44.000Z,"48 km NNW of Gabbs, Nevada",earthquake,,,,,reviewed,ushis,brk
1954-12-17T07:08:58.000Z,37.717,-122.133,,4.5,ml,,,,,ushis,ushis1994,2018-06-04T20:43:44.000Z,"2 km ESE of San Leandro, California",earthquake,,,,,reviewed,ushis,brk
1954-12-16T21:48:43.000Z,39.28,-118.12,,4.5,ml,,,,,ushis,ushis1993,2018-06-04T20:43:44.000Z,"48 km NNW of Gabbs, Nevada",earthquake,,,,,reviewed,ushis,brk
1954-12-16T15:09:42.000Z,39.28,-118.12,,5.1,ml,,,,,ushis,ushis1992,2018-06-04T20:43:44.000Z,"48 km NNW of Gabbs, Nevada",earthquake,,,,,reviewed,ushis,brk
1954-12-16T14:24:10.000Z,39.28,-118.12,,5.3,ml,,,,,ushis,ushis1991,2018-06-04T20:43:44.000Z,"48 km NNW of Gabbs, Nevada",earthquake,,,,,reviewed,ushis,brk
1954-12-16T14:16:57.000Z,39.28,-118.12,,5.8,ml,,,,,ushis,ushis1990,2018-06-04T20:43:44.000Z,"48 km NNW of Gabbs, Nevada",earthquake,,,,,reviewed,ushis,brk
1954-12-16T13:15:03.000Z,39.28,-118.12,,5,ml,,,,,ushis,ushis1989,2018-06-04T20:43:44.000Z,"48 km NNW of Gabbs, Nevada",earthquake,,,,,reviewed,ushis,brk
1954-12-16T11:57:30.000Z,39.28,-118.12,,5,ml,,,,,ushis,ushis1988,2018-06-04T20:43:44.000Z,"48 km NNW of Gabbs, Nevada",earthquake,,,,,reviewed,ushis,brk
1954-12-16T11:50:36.000Z,39.28,-118.12,,5,ml,,,,,ushis,ushis1987,2018-06-04T20:43:44.000Z,"48 km NNW of Gabbs, Nevada",earthquake,,,,,reviewed,ushis,brk
1954-12-16T11:11:00.000Z,39.67,-117.87,12,6.9,mw,,,,,nn,nn19541216111100000,2024-08-07T00:38:04.664Z,"The 1954 Dixie Valley, Nevada Earthquake",earthquake,,0,,,reviewed,nn,nn
1954-12-16T11:07:00.000Z,39.2,-118,12,7.1,mw,,,,,nn,nn19541216110700000,2024-08-06T22:43:11.226Z,"The 1954 Fairview Peak, Nevada Earthquake",earthquake,,0,,,reviewed,nn,nn
1954-11-17T11:55:18.660Z,31.6265,-116.3386667,6,4.73,ml,6,339,1.088,0.47,ci,ci3298610,2017-02-07T03:32:27.095Z,"24km ESE of Maneadero, B.C., MX",earthquake,11.62,31.61,0.084,6,reviewed,ci,ci
1954-11-14T05:36:21.390Z,31.5608333,-116.1876667,6,5.16,ml,7,333,,0.28,ci,ci3298602,2017-02-07T03:29:30.744Z,"40km ESE of Maneadero, B.C., MX",earthquake,6.69,31.61,0.101,9,reviewed,ci,ci
1954-11-14T00:57:41.160Z,31.6841667,-116.2525,6,4.62,ml,4,345,,0.36,ci,ci3298600,2017-02-07T03:57:37.352Z,"30km E of Maneadero, B.C., MX",earthquake,13.61,31.61,0.043,10,reviewed,ci,ci
1954-11-12T20:19:57.130Z,31.5938333,-116.2301667,6,4.62,ml,6,340,1.146,0.26,ci,ci3298593,2017-02-07T03:50:47.369Z,"35km ESE of Maneadero, B.C., MX",earthquake,6.82,31.61,0.039,8,reviewed,ci,ci
1954-11-12T15:48:52.300Z,31.6543333,-116.2236667,6,4.56,ml,6,340,1.091,0.81,ci,ci3298590,2017-02-07T03:47:57.246Z,"33km ESE of Maneadero, B.C., MX",earthquake,21.66,31.61,0.074,7,reviewed,ci,ci
1954-11-12T13:16:49.500Z,31.6,-116.2,6,4.8,ml,4,343,1.149,5.5,ci,ci3298585,2017-02-07T03:22:11.314Z,"37km ESE of Maneadero, B.C., MX",earthquake,99,31.61,0.072,9,reviewed,ci,ci
1954-11-12T12:34:56.860Z,31.7195,-116.2298333,6,4.7,ml,5,339,1.029,0.79,ci,ci3298564,2017-02-07T03:24:49.545Z,"32km E of Maneadero, B.C., MX",earthquake,22.96,31.61,0.081,9,reviewed,ci,ci
1954-11-12T12:26:53.750Z,31.9343333,-116.3126667,6,6.09,ml,9,325,,0.31,ci,ci3298562,2022-04-26T17:48:05.215Z,"30km ENE of Ensenada, B.C., MX",earthquake,9.83,31.61,0.223,5,reviewed,ci,ci
1954-10-24T11:21:32.310Z,31.6001667,-116.2115,6,5.13,ml,5,340,1.145,0.31,ci,ci3298532,2017-02-07T03:17:35.878Z,"36km ESE of Maneadero, B.C., MX",earthquake,8.54,31.61,0.202,7,reviewed,ci,ci
1954-10-24T09:44:10.030Z,31.6075,-116.1365,6,5.92,ml,8,340,,0.42,ci,ci3298521,2022-04-26T17:47:48.508Z,"42km ESE of Maneadero, B.C., MX",earthquake,7.5,31.61,0.093,6,reviewed,ci,ci
1954-10-17T22:57:23.010Z,31.377,-116.923,15,6.36,mw,,,,,iscgem,iscgem891170,2022-04-26T17:47:25.639Z,"50 km SW of Rodolfo Sánchez Taboada, Mexico",earthquake,,4.1,0.31,,reviewed,iscgem,iscgem
1954-10-17T22:57:05.950Z,30.6101667,-116.9056667,6,5.77,ml,9,329,,0.63,ci,ci3298512,2016-01-28T18:18:16.560Z,"127km SSW of Maneadero, B.C., MX",earthquake,99,31.61,0.194,6,reviewed,ci,ci
1954-09-09T09:21:05.000Z,39.58,-118.45,,4.9,ml,,,,,ushis,ushis1979,2018-06-04T20:43:44.000Z,"29 km NE of Fallon Station, Nevada",earthquake,,,,,reviewed,ushis,brk
1954-08-31T22:20:36.890Z,39.813,-118.465,15,5.8,mw,,,,,iscgem,iscgem891016,2022-04-26T17:46:31.642Z,"40 km S of Lovelock, Nevada",earthquake,,25,0.3,,reviewed,iscgem,iscgem
1954-08-29T03:58:05.000Z,39.58,-118.45,,4.8,ml,,,,,ushis,ushis1976,2018-06-04T20:43:44.000Z,"29 km NE of Fallon Station, Nevada",earthquake,,,,,reviewed,ushis,brk
1954-08-29T03:41:06.000Z,39.58,-118.45,,4.7,ml,,,,,ushis,ushis1975,2018-06-04T20:43:44.000Z,"29 km NE of Fallon Station, Nevada",earthquake,,,,,reviewed,ushis,brk
1954-08-26T13:48:01.610Z,33.87,-119.5406667,6,4.76,ml,12,231,0.5874,0.47,ci,ci3298426,2018-06-04T20:43:44.000Z,"18km S of Santa Cruz Is. (E end), CA",earthquake,2.85,31.61,0.174,10,reviewed,ci,ci
1954-08-26T12:56:15.000Z,39.58,-118.45,,4.6,ml,,,,,ushis,ushis1973,2018-06-04T20:43:44.000Z,"29 km NE of Fallon Station, Nevada",earthquake,,,,,reviewed,ushis,brk
1954-08-25T22:21:10.000Z,39.58,-118.45,,4.7,ml,,,,,ushis,ushis1972,2018-06-04T20:43:44.000Z,"29 km NE of Fallon Station, Nevada",earthquake,,,,,reviewed,ushis,brk
1954-08-25T02:17:13.000Z,39.58,-118.45,,4.8,ml,,,,,ushis,ushis1971,2018-06-04T20:43:44.000Z,"29 km NE of Fallon Station, Nevada",earthquake,,,,,reviewed,ushis,brk
1954-08-24T05:57:46.000Z,39.58,-118.45,,5.2,ml,,,,,ushis,ushis1970,2018-06-04T20:43:44.000Z,"29 km NE of Fallon Station, Nevada",earthquake,,,,,reviewed,ushis,brk
1954-08-24T05:51:35.160Z,39.378,-118.516,15,6.5,mw,,,,,iscgem,iscgem890996,2022-04-26T17:46:26.837Z,"17 km ESE of Fallon Station, Nevada",earthquake,,2.2,0.3,,reviewed,iscgem,iscgem
1954-08-05T05:03:08.000Z,39.42,-118.53,,4.7,ml,,,,,ushis,ushis1967,2018-06-04T20:43:44.000Z,"16 km E of Fallon Station, Nevada",earthquake,,,,,reviewed,ushis,brk
1954-08-03T21:24:54.000Z,39.42,-118.53,,4.7,ml,,,,,ushis,ushis1966,2018-06-04T20:43:44.000Z,"16 km E of Fallon Station, Nevada",earthquake,,,,,reviewed,ushis,brk
1954-08-02T10:18:53.000Z,39.42,-118.53,,5.4,ml,,,,,ushis,ushis1965,2018-06-04T20:43:44.000Z,"16 km E of Fallon Station, Nevada",earthquake,,,,,reviewed,ushis,brk
1954-07-31T17:24:14.000Z,39.42,-118.53,,4.5,ml,,,,,ushis,ushis1964,2018-06-04T20:43:44.000Z,"16 km E of Fallon Station, Nevada",earthquake,,,,,reviewed,ushis,brk
1954-07-30T02:00:10.000Z,39.42,-118.53,,5.1,ml,,,,,ushis,ushis1963,2018-06-04T20:43:44.000Z,"16 km E of Fallon Station, Nevada",earthquake,,,,,reviewed,ushis,brk
1954-07-20T00:11:38.000Z,38.2,-116.4,,5,ml,,,,,ushis,ushis1962,2021-05-17T23:02:06.702Z,"74 km E of Tonopah, Nevada",earthquake,,,,,reviewed,ushis,brk
1954-07-19T20:01:55.200Z,31.6258333,-115.7726667,6,4.79,ml,9,341,1.299,0.26,ci,ci3300024,2017-02-07T03:55:05.658Z,"76km E of Maneadero, B.C., MX",earthquake,9.74,31.61,0.12,9,reviewed,ci,ci
1954-07-12T16:05:25.000Z,39.42,-118.53,,4.6,ml,,,,,ushis,ushis1961,2018-06-04T20:43:44.000Z,"16 km E of Fallon Station, Nevada",earthquake,,,,,reviewed,ushis,brk
1954-07-12T10:17:06.000Z,39.42,-118.53,,4.5,ml,,,,,ushis,ushis1960,2018-06-04T20:43:44.000Z,"16 km E of Fallon Station, Nevada",earthquake,,,,,reviewed,ushis,brk
1954-07-11T09:58:12.000Z,39.42,-118.53,,4.6,ml,,,,,ushis,ushis1959,2018-06-04T20:43:44.000Z,"16 km E of Fallon Station, Nevada",earthquake,,,,,reviewed,ushis,brk
1954-07-11T07:04:00.000Z,39.42,-118.53,,4.6,ml,,,,,ushis,ushis1958,2018-06-04T20:43:44.000Z,"16 km E of Fallon Station, Nevada",earthquake,,,,,reviewed,ushis,brk
1954-07-10T01:22:20.000Z,39.42,-118.53,,4.6,ml,,,,,ushis,ushis1957,2018-06-04T20:43:44.000Z,"16 km E of Fallon Station, Nevada",earthquake,,,,,reviewed,ushis,brk
1954-07-09T08:50:03.000Z,39.42,-118.53,,4.9,ml,,,,,ushis,ushis1956,2018-06-04T20:43:44.000Z,"16 km E of Fallon Station, Nevada",earthquake,,,,,reviewed,ushis,brk
1954-07-08T19:31:57.000Z,39.42,-118.53,,5.3,ml,,,,,ushis,ushis1955,2018-06-04T20:43:44.000Z,"16 km E of Fallon Station, Nevada",earthquake,,,,,reviewed,ushis,brk
1954-07-08T12:55:10.000Z,39.42,-118.53,,4.7,ml,,,,,ushis,ushis1954,2018-06-04T20:43:44.000Z,"16 km E of Fallon Station, Nevada",earthquake,,,,,reviewed,ushis,brk
1954-07-08T04:08:19.000Z,39.42,-118.53,,4.5,ml,,,,,ushis,ushis1953,2018-06-04T20:43:44.000Z,"16 km E of Fallon Station, Nevada",earthquake,,,,,reviewed,ushis,brk
1954-07-08T02:13:55.000Z,39.42,-118.53,,4.8,ml,,,,,ushis,ushis1952,2018-06-04T20:43:44.000Z,"16 km E of Fallon Station, Nevada",earthquake,,,,,reviewed,ushis,brk
1954-07-07T06:11:08.000Z,39.42,-118.53,,4.6,ml,,,,,ushis,ushis1951,2018-06-04T20:43:44.000Z,"16 km E of Fallon Station, Nevada",earthquake,,,,,reviewed,ushis,brk
1954-07-06T22:07:44.820Z,39.242,-118.599,10,5.9,mw,,,,,iscgem,iscgem890827,2022-04-26T17:44:50.064Z,"21 km SSE of Fallon Station, Nevada",earthquake,,4.5,0.3,,reviewed,iscgem,iscgem
1954-07-06T14:55:15.000Z,39.42,-118.53,,4.5,ml,,,,,ushis,ushis1949,2018-06-04T20:43:44.000Z,"16 km E of Fallon Station, Nevada",earthquake,,,,,reviewed,ushis,brk
1954-07-06T13:36:01.000Z,39.42,-118.53,,4.5,ml,,,,,ushis,ushis1948,2018-06-04T20:43:44.000Z,"16 km E of Fallon Station, Nevada",earthquake,,,,,reviewed,ushis,brk
1954-07-06T13:15:11.000Z,39.42,-118.53,,5.2,ml,,,,,ushis,ushis1947,2018-06-04T20:43:44.000Z,"16 km E of Fallon Station, Nevada",earthquake,,,,,reviewed,ushis,brk
1954-07-06T12:53:59.000Z,39.42,-118.53,,4.5,ml,,,,,ushis,ushis1946,2018-06-04T20:43:44.000Z,"16 km E of Fallon Station, Nevada",earthquake,,,,,reviewed,ushis,brk
1954-07-06T11:49:00.000Z,39.42,-118.53,,5.7,ml,,,,,ushis,ushis1945,2018-06-04T20:43:44.000Z,"16 km E of Fallon Station, Nevada",earthquake,,,,,reviewed,ushis,brk
1954-07-06T11:41:00.000Z,39.42,-118.53,,4.5,ml,,,,,ushis,ushis1944,2018-06-04T20:43:44.000Z,"16 km E of Fallon Station, Nevada",earthquake,,,,,reviewed,ushis,brk
1954-07-06T11:26:55.000Z,39.42,-118.53,,4.8,ml,,,,,ushis,ushis1943,2018-06-04T20:43:44.000Z,"16 km E of Fallon Station, Nevada",earthquake,,,,,reviewed,ushis,brk
1954-07-06T11:18:04.000Z,39.42,-118.53,,5.5,ml,,,,,ushis,ushis1942,2018-06-04T20:43:44.000Z,"16 km E of Fallon Station, Nevada",earthquake,,,,,reviewed,ushis,brk
1954-07-06T11:13:23.420Z,39.42,-118.566,10,6.2,mw,,,,,iscgem,iscgem890822,2024-01-29T09:22:38.398Z,"The 1954 Rainbow Mountain, Nevada Earthquake",earthquake,,3.7,0.3,,reviewed,iscgem,iscgem
1954-06-04T20:42:45.900Z,27.081,-110.983,15,5.64,mw,,,,,iscgem,iscgem890728,2022-04-26T17:43:37.580Z,"60 km WSW of Bahía de Lobos, Mexico",earthquake,,25,0.65,,reviewed,iscgem,iscgem
1954-06-04T16:01:58.600Z,27.629,-111.11,15,5.89,mw,,,,,iscgem,iscgem890725,2022-04-26T17:43:35.828Z,"36 km S of San Carlos, Mexico",earthquake,,25,0.23,,reviewed,iscgem,iscgem
1954-05-31T08:06:14.850Z,31.0101667,-115.2378333,6,5.18,ml,9,341,,0.44,ci,ci3299946,2016-01-28T18:13:35.660Z,"134km S of Estacion Coahuila, B.C., MX",earthquake,99,31.61,0.08,3,reviewed,ci,ci
1954-05-23T23:52:43.130Z,34.9681667,-119.0023333,14.48,5.03,ml,14,90,,0.34,ci,ci3299932,2018-06-04T20:43:44.000Z,"7km WNW of Grapevine, CA",earthquake,0.68,1.32,0.146,9,reviewed,ci,ci
1954-05-15T13:02:14.000Z,48,-122,,5,ml,,,,,ushis,ushis1936,2018-06-04T20:43:44.000Z,"4 km ENE of Machias, Washington",earthquake,,,,,reviewed,ushis,epb
1954-05-05T13:09:53.360Z,27.71,-112.073,10,6.38,mw,,,,,iscgem,iscgem890627,2022-04-26T17:43:14.760Z,"45 km NNE of Santa Rosalía, Mexico",earthquake,,25,0.2,,reviewed,iscgem,iscgem
1954-04-29T11:34:39.260Z,29.112,-113.024,10,7.21,mw,,,,,iscgem,iscgem890579,2022-04-26T17:42:49.738Z,"94 km SSW of La Libertad, Mexico",earthquake,,9,0.32,,reviewed,iscgem,iscgem
1954-04-29T10:49:32.220Z,29.04,-112.833,10,6.56,mw,,,,,iscgem,iscgem890578,2022-04-26T17:42:48.535Z,"90 km WNW of Bahía de Kino, Mexico",earthquake,,9,0.2,,reviewed,iscgem,iscgem
1954-04-25T20:33:28.000Z,36.933,-121.683,,5.3,ml,,,,,ushis,ushis1934,2018-06-04T20:43:44.000Z,"4 km ESE of Interlaken, California",earthquake,,,,,reviewed,ushis,brk
1954-03-23T04:14:48.330Z,33.2623333,-116.0353333,6,4.93,ml,8,249,,0.5,ci,ci3299750,2018-06-04T20:43:44.000Z,"8km WSW of Salton City, CA",earthquake,3.41,31.61,0.162,9,reviewed,ci,ci
1954-03-20T04:19:18.170Z,33.2463333,-116.0788333,6,4.74,ml,11,247,,0.46,ci,ci3299731,2018-06-04T20:43:44.000Z,"12km NNE of Ocotillo Wells, CA",earthquake,2.91,31.61,0.217,9,reviewed,ci,ci
1954-03-19T10:21:16.330Z,33.2095,-116.0976667,6,5.48,ml,6,276,0.6567,0.61,ci,ci3299672,2018-06-04T20:43:44.000Z,"8km NNE of Ocotillo Wells, CA",earthquake,3.89,31.61,0.148,7,reviewed,ci,ci
1954-03-19T09:57:05.070Z,33.3,-116.08,6,4.53,ml,3,282,0.6574,1.25,ci,ci3299655,2018-06-04T20:43:44.000Z,"12km W of Salton City, CA",earthquake,99,31.61,0.131,3,reviewed,ci,ci
1954-03-19T09:55:56.190Z,33.3,-116.08,6,4.79,ml,3,282,0.6574,2.01,ci,ci3299654,2018-06-04T20:43:44.000Z,"12km W of Salton City, CA",earthquake,99,31.61,0.156,2,reviewed,ci,ci
1954-03-19T09:54:27.830Z,33.2985,-116.0805,6,6.4,mw,10,246,,0.54,ci,ci3299653,2024-02-27T00:24:28.786Z,"The 1954 San Jacinto Fault, California Earthquake",earthquake,5.98,31.61,,0,reviewed,ci,ci
1954-02-24T22:30:22.550Z,35.0596667,-119.049,8.07,4.67,ml,14,78,,0.51,ci,ci3298682,2018-06-04T20:43:44.000Z,"17km NW of Grapevine, CA",earthquake,0.96,2.13,0.348,10,reviewed,ci,ci
1954-02-12T09:44:27.490Z,33.3216667,-116.4478333,14.45,4.5,ml,11,217,,0.44,ci,ci3301261,2018-06-04T20:43:44.000Z,"10km NW of Borrego Springs, CA",earthquake,1.69,1.54,0.116,10,reviewed,ci,ci
1954-02-10T23:58:38.280Z,34.9296667,-119.0988333,9.56,4.61,ml,14,90,0.1733,0.48,ci,ci3301260,2018-06-04T20:43:44.000Z,"10km NNE of Pine Mountain Club, CA",earthquake,0.86,2.09,0.132,11,reviewed,ci,ci
1954-02-07T00:09:53.230Z,35.0446667,-119.082,7.9,4.56,ml,14,83,,0.5,ci,ci3301253,2017-02-07T04:56:28.114Z,"18km NW of Grapevine, CA",earthquake,1.24,3.22,0.146,9,reviewed,ci,ci
1954-02-01T13:05:10.160Z,31.7188333,-114.0115,6,5.36,ml,10,329,2.451,0.38,ci,ci3301223,2017-02-07T04:26:26.818Z,"107km ESE of Estacion Coahuila, B.C., MX",earthquake,22.64,31.61,0.065,4,reviewed,ci,ci
1954-02-01T04:31:48.850Z,32.1946667,-114.3516667,6,5.66,ml,10,328,2.021,0.45,ci,ci3301219,2020-07-09T21:25:47.604Z,"50km SE of San Luis Rio Colorado, Son., MX",earthquake,7.03,31.61,0.22,8,reviewed,ci,ci
1954-02-01T04:23:45.790Z,32.2028333,-114.5545,6,5.21,ml,11,320,1.853,0.42,ci,ci3301218,2017-02-07T04:18:17.245Z,"36km SE of San Luis Rio Colorado, Son., MX",earthquake,6.16,31.61,0.184,8,reviewed,ci,ci
1954-01-27T14:19:48.190Z,35.143,-118.5856667,6,4.96,ml,12,106,,0.54,ci,ci3301213,2018-06-04T20:43:44.000Z,"12km W of Tehachapi, CA",earthquake,1.11,31.61,0.102,9,reviewed,ci,ci
1954-01-13T01:45:31.100Z,35.0365,-119.0866667,8.48,4.6,ml,13,83,0.2248,0.35,ci,ci3301121,2017-02-07T04:53:45.911Z,"18km NW of Grapevine, CA",earthquake,0.6,1.51,0.067,12,reviewed,ci,ci
1954-01-12T23:33:48.280Z,34.9823333,-119.0613333,0.02,5.4,ml,12,88,,0.69,ci,ci3301140,2022-04-26T17:39:28.106Z,"13km WNW of Grapevine, CA",earthquake,1.49,3.16,0.064,6,reviewed,ci,ci
1953-12-16T04:32:12.000Z,45.5,-122.7,,5,uk,,,,,ushis,ushis1907,2018-06-04T20:43:44.000Z,"3 km SW of Portland, Oregon",earthquake,,,,,reviewed,ushis,epb
1953-12-15T12:44:35.690Z,35.1976667,-118.8478333,6,4.64,ml,14,79,0.3282,0.62,ci,ci3300290,2018-06-04T20:43:44.000Z,"2km SW of Arvin, CA",earthquake,1.55,31.61,0.09,9,reviewed,ci,ci
1953-11-24T05:46:06.840Z,35.7943333,-116.8993333,6,4.79,ml,12,216,0.9164,0.49,ci,ci3300252,2018-06-04T20:43:44.000Z,"43km E of Trona, CA",earthquake,2.26,31.61,0.218,10,reviewed,ci,ci
1953-10-13T08:53:53.840Z,29.977,-113.984,15,6.21,mw,,,,,iscgem,iscgem892078,2022-04-26T17:56:12.906Z,"124 km W of La Libertad, Mexico",earthquake,,25,0.2,,reviewed,iscgem,iscgem
1953-10-10T18:49:43.710Z,30.906,-115.4501667,6,5.14,ml,9,345,2.052,12.25,ci,ci3300191,2016-01-28T18:03:53.360Z,"139km SE of Maneadero, B.C., MX",earthquake,99,31.61,0.134,6,reviewed,ci,ci
1953-10-07T14:59:21.280Z,34.9961667,-118.8283333,3.75,4.7,ml,10,139,0.1377,0.56,ci,ci3300189,2018-06-04T20:43:44.000Z,"11km ENE of Grapevine, CA",earthquake,1.3,2.56,0.256,8,reviewed,ci,ci
1953-09-26T03:34:29.000Z,39.53,-119.98,,5.3,ml,,,,,ushis,ushis1903,2018-06-04T20:43:44.000Z,"1 km NNE of Verdi, Nevada",earthquake,,,,,reviewed,ushis,brk
1953-08-09T22:00:02.000Z,37.5,-114.5,,4.5,ml,,,,,ushis,ushis1900,2018-06-04T20:43:44.000Z,"12 km S of Caliente, Nevada",earthquake,,,,,reviewed,ushis,ren
1953-06-14T04:30:01.760Z,33.567,-115.2511667,6,4.8,ml,6,319,1.534,0.58,ci,ci3304049,2018-06-04T20:43:44.000Z,"22km SE of Desert Center, CA",earthquake,9.37,31.61,0.052,7,reviewed,ci,ci
1953-06-14T04:17:26.700Z,32.8923333,-115.5043333,6,5.47,ml,10,320,1.229,0.44,ci,ci3304047,2018-06-04T20:43:44.000Z,"8km NE of Imperial, CA",earthquake,5.65,31.61,0.065,7,reviewed,ci,ci
1953-05-25T03:24:00.470Z,34.9708333,-119.0485,3.23,4.77,ml,11,89,0.1571,0.49,ci,ci3304007,2018-06-04T20:43:44.000Z,"11km WNW of Grapevine, CA",earthquake,1.35,2.44,0.045,6,reviewed,ci,ci
1953-04-29T12:47:45.020Z,34.9901667,-118.7198333,8.58,4.69,ml,12,81,0.1897,0.4,ci,ci3303154,2018-06-04T20:43:44.000Z,"20km ENE of Grapevine, CA",earthquake,1.07,2.31,0.112,8,reviewed,ci,ci
1953-03-22T05:19:00.000Z,38.817,-119.983,,5,ml,,,,,ushis,ushis1886,2018-06-04T20:43:44.000Z,"12 km S of South Lake Tahoe, California",earthquake,,,,,reviewed,ushis,brk
1952-11-22T07:46:36.320Z,35.7231667,-121.3278333,6,6.2,ml,10,288,,0.54,ci,ci3307216,2022-04-26T18:11:08.790Z,"28km NW of Cambria, CA",earthquake,6,31.61,0.058,4,reviewed,ci,ci
1952-11-18T04:04:08.000Z,39.8,-117.7,,4.6,ml,,,,,ushis,ushis1872,2018-06-04T20:43:44.000Z,"63 km WNW of Austin, Nevada",earthquake,,,,,reviewed,ushis,brk
1952-11-13T00:55:16.000Z,38.5,-118.5,,4.8,ml,,,,,ushis,ushis1870,2018-06-04T20:43:44.000Z,"11 km ESE of Hawthorne, Nevada",earthquake,,,,,reviewed,ushis,brk
1952-11-07T20:55:05.950Z,26.304,-110.89,15,6.31,mw,,,,,iscgem,iscgem893693,2022-04-26T18:09:49.177Z,"56 km NE of Loreto, Mexico",earthquake,,25,0.45,,reviewed,iscgem,iscgem
1952-11-07T08:55:35.010Z,34.9641667,-119.0995,8.34,4.53,ml,12,73,0.1714,0.5,ci,ci3307201,2018-06-04T20:43:44.000Z,"14km NNE of Pine Mountain Club, CA",earthquake,1.13,2.93,0.107,9,reviewed,ci,ci
1952-10-09T14:45:52.200Z,34.9635,-122.9338333,6,4.72,ml,9,319,2.703,1.87,ci,ci3306845,2016-01-28T18:16:07.100Z,"181km WSW of Cambria, CA",earthquake,8.42,31.61,0.101,9,reviewed,ci,ci
1952-09-22T11:41:29.750Z,40.234,-124.322,15,6.01,mw,,,,,iscgem,iscgem893449,2022-04-26T18:06:42.506Z,"31 km NW of Shelter Cove, California",earthquake,,15.1,0.29,,reviewed,iscgem,iscgem
1952-09-02T20:45:56.830Z,34.9086667,-118.989,6.43,4.7,ml,12,142,0.1018,0.6,ci,ci3306770,2018-06-04T20:43:44.000Z,"7km SW of Grapevine, CA",earthquake,1.48,2.74,0.124,10,reviewed,ci,ci
1952-09-02T12:41:32.520Z,35.0681667,-118.7025,6,4.61,ml,10,136,0.3629,0.69,ci,ci3306768,2018-06-04T20:43:44.000Z,"19km SE of Arvin, CA",earthquake,2.34,31.61,0.189,10,reviewed,ci,ci
1952-08-30T04:55:59.470Z,35.3181667,-118.4825,0.11,4.71,ml,12,74,0.1934,0.28,ci,ci3306759,2018-06-04T20:43:44.000Z,"21km N of Tehachapi, CA",earthquake,0.86,1.91,0.053,8,reviewed,ci,ci
1952-08-25T06:20:26.100Z,35.0575,-118.9516667,6,4.66,ml,11,141,0.647,0.44,ci,ci3306754,2018-06-04T20:43:44.000Z,"13km N of Grapevine, CA",earthquake,0.98,31.61,0.084,6,reviewed,ci,ci
1952-08-23T10:09:06.820Z,34.5081667,-118.1741667,6,4.75,ml,12,89,,0.59,ci,ci3306750,2018-06-04T20:43:44.000Z,"5km NNE of Acton, CA",earthquake,1.34,31.61,0.18,5,reviewed,ci,ci
1952-08-22T22:41:23.480Z,35.3516667,-118.954,6,5.52,ml,11,56,,0.52,ci,ci3306746,2024-02-24T10:50:20.742Z,"The 1952 Bakersfield, California Earthquake",earthquake,1.7,31.61,0.03,3,reviewed,ci,ci
1952-08-18T04:40:10.040Z,35.0353333,-119.0768333,13,4.7,ml,10,177,0.2327,0.32,ci,ci3306593,2018-06-04T20:43:44.000Z,"17km NW of Grapevine, CA",earthquake,0.95,1.61,0.047,6,reviewed,ci,ci
1952-08-13T17:39:25.600Z,35.0893333,-118.681,6,4.68,ml,10,136,0.4407,0.3,ci,ci3306533,2018-06-04T20:43:44.000Z,"19km SE of Arvin, CA",earthquake,0.84,31.61,0.114,9,reviewed,ci,ci
1952-08-13T04:29:39.070Z,35.2865,-118.4268333,0.46,4.63,ml,12,78,0.2348,0.59,ci,ci3306532,2018-06-04T20:43:44.000Z,"17km N of Tehachapi, CA",earthquake,1.52,3.22,0.11,8,reviewed,ci,ci
1952-08-10T12:23:16.690Z,35.318,-118.4478333,1,4.59,ml,12,75,0.1997,0.71,ci,ci3306475,2018-06-04T20:43:44.000Z,"21km N of Tehachapi, CA",earthquake,1.75,31.61,0.097,8,reviewed,ci,ci
1952-08-07T16:31:50.610Z,35.045,-119.0936667,6,5.03,ml,11,156,,0.34,ci,ci3317936,2018-06-04T20:43:44.000Z,"19km NW of Grapevine, CA",earthquake,1.1,31.61,0.161,7,reviewed,ci,ci
1952-08-01T13:04:29.180Z,34.9045,-118.9963333,6,4.92,ml,11,95,,0.63,ci,ci3317879,2018-06-04T20:43:44.000Z,"7km SW of Grapevine, CA",earthquake,2.16,31.61,0.141,6,reviewed,ci,ci
1952-08-01T03:16:11.790Z,35.3015,-118.4758333,6,4.54,ml,12,79,,0.62,ci,ci3317874,2018-06-04T20:43:44.000Z,"19km N of Tehachapi, CA",earthquake,1.21,31.61,0.086,10,reviewed,ci,ci
1952-07-31T19:53:13.090Z,35.352,-119.0178333,6,4.7,ml,13,101,,0.44,ci,ci3317872,2018-06-04T20:43:44.000Z,"1km ESE of Bakersfield, CA",earthquake,1.13,31.61,0.09,8,reviewed,ci,ci
1952-07-31T17:19:08.020Z,35.283,-118.5286667,6,4.64,ml,13,81,,0.56,ci,ci3317869,2018-06-04T20:43:44.000Z,"18km NNW of Tehachapi, CA",earthquake,1.37,31.61,0.125,9,reviewed,ci,ci
1952-07-31T12:09:09.130Z,35.2488333,-118.4966667,6,5.64,ml,11,86,,0.69,ci,ci3317866,2022-05-09T20:19:36.078Z,"14km NNW of Tehachapi, CA",earthquake,2.51,31.61,0.079,3,reviewed,ci,ci
1952-07-29T19:51:31.750Z,35.3458333,-118.9771667,6,4.57,ml,12,99,,0.56,ci,ci3317850,2018-06-04T20:43:44.000Z,"5km ESE of Bakersfield, CA",earthquake,1.62,31.61,0.093,5,reviewed,ci,ci
1952-07-29T15:49:50.220Z,35.1888333,-118.5956667,6,4.78,ml,12,81,,0.52,ci,ci3317847,2018-06-04T20:43:44.000Z,"15km WNW of Tehachapi, CA",earthquake,1.34,31.61,0.086,7,reviewed,ci,ci
1952-07-29T08:01:45.830Z,35.4026667,-118.8203333,6,5.19,ml,13,94,,0.34,ci,ci3318185,2018-06-04T20:43:44.000Z,"18km NNE of Lamont, CA",earthquake,1.19,31.61,0.079,4,reviewed,ci,ci
1952-07-29T07:03:46.250Z,35.3568333,-118.8948333,6,5.72,ml,14,96,,0.86,ci,ci3317823,2022-04-26T18:05:22.223Z,"11km N of Lamont, CA",earthquake,2.77,31.61,0.038,4,reviewed,ci,ci
1952-07-26T22:41:02.700Z,35.179,-118.62,6,4.54,ml,13,81,,0.55,ci,ci3318703,2018-06-04T20:43:44.000Z,"16km WNW of Tehachapi, CA",earthquake,1.19,31.61,0.082,7,reviewed,ci,ci
1952-07-25T20:06:06.280Z,35.3301667,-118.4225,6,4.74,ml,8,134,,0.32,ci,ci3318465,2018-06-04T20:43:44.000Z,"22km N of Tehachapi, CA",earthquake,1.18,31.61,0.088,6,reviewed,ci,ci
1952-07-25T19:43:23.500Z,35.3041667,-118.4678333,6,5.62,ml,11,79,,0.48,ci,ci3318463,2022-05-09T20:19:30.028Z,"19km N of Tehachapi, CA",earthquake,1.38,31.61,0.083,3,reviewed,ci,ci
1952-07-25T19:09:45.290Z,35.332,-118.4628333,6,5.55,ml,11,74,,0.6,ci,ci3318460,2022-04-26T18:05:19.078Z,"22km N of Tehachapi, CA",earthquake,1.59,31.61,0.112,3,reviewed,ci,ci
1952-07-25T13:13:08.230Z,35.316,-118.4808333,1,4.93,ml,12,80,,0.48,ci,ci3318457,2018-06-04T20:43:44.000Z,"21km N of Tehachapi, CA",earthquake,1.07,31.61,0.085,5,reviewed,ci,ci
1952-07-23T18:13:50.170Z,34.996,-118.9301667,15.24,5.13,ml,14,88,,0.5,ci,ci3318277,2018-06-04T20:43:44.000Z,"6km N of Grapevine, CA",earthquake,1.07,2.42,0.09,5,reviewed,ci,ci
1952-07-23T13:30:03.770Z,35.2666667,-118.4975,6,4.5,ml,10,90,,0.62,ci,ci3318265,2016-01-28T18:01:57.190Z,"16km NNW of Tehachapi, CA",earthquake,1.42,31.61,0.06,9,reviewed,ci,ci
1952-07-23T13:17:05.670Z,35.1656667,-118.7993333,6,5.51,ml,11,64,,0.57,ci,ci3318262,2022-05-09T20:19:26.952Z,"6km SSE of Arvin, CA",earthquake,1.84,31.61,0.079,3,reviewed,ci,ci
1952-07-23T07:53:18.130Z,34.9881667,-118.8031667,6,5.55,ml,10,88,,0.74,ci,ci3318258,2020-07-09T21:28:07.338Z,"13km ENE of Grapevine, CA",earthquake,2.04,31.61,0.009,3,reviewed,ci,ci
1952-07-23T07:37:00.030Z,35.264,-118.5273333,6,4.78,ml,11,80,,0.56,ci,ci3318257,2018-06-04T20:43:44.000Z,"16km NNW of Tehachapi, CA",earthquake,1.35,31.61,0.015,6,reviewed,ci,ci
1952-07-23T05:46:03.010Z,35.3383333,-118.5593333,6,4.58,ml,11,70,,0.44,ci,ci3318253,2018-06-04T20:43:44.000Z,"25km NNW of Tehachapi, CA",earthquake,1.32,31.61,0.214,5,reviewed,ci,ci
1952-07-23T04:01:39.200Z,35.3416667,-118.5546667,6,4.81,ml,12,82,,0.65,ci,ci3318775,2018-06-04T20:43:44.000Z,"25km NNW of Tehachapi, CA",earthquake,1.82,31.61,0.116,5,reviewed,ci,ci
1952-07-23T03:19:22.250Z,35.3776667,-118.6278333,6,5.07,ml,12,85,,0.52,ci,ci3318777,2018-06-04T20:43:44.000Z,"26km NE of Arvin, CA",earthquake,1.47,31.61,0.119,3,reviewed,ci,ci
1952-07-23T00:47:36.880Z,35.4073333,-118.6436667,6,4.62,ml,10,87,,0.61,ci,ci3318778,2018-06-04T20:43:44.000Z,"24km SW of Bodfish, CA",earthquake,1.52,31.61,0.036,5,reviewed,ci,ci
1952-07-23T00:38:31.810Z,35.372,-118.5653333,6,5.43,mh,11,84,,0.39,ci,ci3318780,2022-04-26T18:05:14.248Z,"25km SSW of Bodfish, CA",earthquake,1.12,31.61,0.019,2,reviewed,ci,ci
1952-07-22T22:31:33.620Z,34.9618333,-118.9083333,6,4.64,ml,10,141,,0.6,ci,ci3318784,2018-06-04T20:43:44.000Z,"3km NE of Grapevine, CA",earthquake,1.37,31.61,0.074,5,reviewed,ci,ci
1952-07-22T13:31:42.740Z,34.926,-118.9803333,6,4.71,ml,12,93,,0.75,ci,ci3318794,2018-06-04T20:43:44.000Z,"5km WSW of Grapevine, CA",earthquake,1.42,31.61,0.163,7,reviewed,ci,ci
1952-07-22T08:47:33.370Z,35.0791667,-118.7656667,6,4.64,ml,12,83,,0.75,ci,ci3318797,2018-06-04T20:43:44.000Z,"16km SSE of Arvin, CA",earthquake,1.37,31.61,0.137,6,reviewed,ci,ci
1952-07-21T19:41:22.620Z,35.1153333,-118.792,6,5.19,ml,8,144,,0.64,ci,ci3319075,2018-06-04T20:43:44.000Z,"11km SSE of Arvin, CA",earthquake,1.78,31.61,0.199,5,reviewed,ci,ci
1952-07-21T18:00:25.860Z,35.1743333,-118.7375,6,4.6,ml,4,144,1.087,0.4,ci,ci3319093,2019-05-02T20:46:41.824Z,"9km ESE of Arvin, CA",earthquake,2.67,31.61,0.145,9,reviewed,ci,ci
1952-07-21T17:42:44.830Z,35.2915,-118.4773333,6,4.66,ml,4,155,,0.37,ci,ci3319095,2018-06-04T20:43:44.000Z,"18km N of Tehachapi, CA",earthquake,2.34,31.61,0.1,5,reviewed,ci,ci
1952-07-21T16:38:40.010Z,34.974,-118.9135,6,4.52,ml,5,231,,0.7,ci,ci3319104,2019-05-02T20:46:41.127Z,"4km NNE of Grapevine, CA",earthquake,4.53,31.61,0.09,7,reviewed,ci,ci
1952-07-21T15:13:58.540Z,35.1871667,-118.5636667,6,4.93,ml,5,154,,0.12,ci,ci3319128,2018-06-04T20:43:44.000Z,"12km WNW of Tehachapi, CA",earthquake,0.91,31.61,0.044,7,reviewed,ci,ci
1952-07-21T13:59:55.570Z,35.069,-118.85,6,4.88,ml,0,262.1,0.9487,0.111,ci,ci3319129,2019-05-02T20:46:40.400Z,"16km S of Arvin, CA",earthquake,,,0.108,3,reviewed,ci,ci
1952-07-21T13:13:05.910Z,34.997,-118.981,6,4.51,ml,5,148,0.8206,0.49,ci,ci3319158,2018-06-04T20:43:44.000Z,"8km NW of Grapevine, CA",earthquake,1.28,31.61,0.15,3,reviewed,ci,ci
1952-07-21T12:40:00.000Z,35,-119,16,4.9,ml,,,,,ushis,ushis1802,2018-06-04T20:43:44.000Z,"7 km SSW of Mettler, California",earthquake,,,,,reviewed,ushis,pas
1952-07-21T12:25:19.560Z,34.8536667,-118.879,6,4.73,mh,4,133,0.8029,0.33,ci,ci3319391,2019-05-02T20:46:39.793Z,"2km NW of Lebec, CA",earthquake,1.89,31.61,,1,reviewed,ci,ci
1952-07-21T12:22:01.770Z,35.1,-118.48,6,5.18,ml,0,360,0.9828,0,ci,ci3319389,2018-06-04T20:43:44.000Z,"5km SW of Tehachapi, CA",earthquake,,,0.063,2,reviewed,ci,ci
1952-07-21T12:19:36.190Z,35.0198333,-118.8301667,6,5.2,ml,8,85,,0.59,ci,ci3319392,2018-06-04T20:43:44.000Z,"12km NE of Grapevine, CA",earthquake,1.56,31.61,0.331,2,reviewed,ci,ci
1952-07-21T12:12:00.020Z,35.1,-118.8,6,4.75,ml,0,360,1.082,0,ci,ci3319393,2018-06-04T20:43:44.000Z,"12km SSE of Arvin, CA",earthquake,,,0.08,3,reviewed,ci,ci
1952-07-21T12:10:00.020Z,35.1,-118.8,6,4.53,ml,0,360,1.082,0,ci,ci3319395,2018-06-04T20:43:44.000Z,"12km SSE of Arvin, CA",earthquake,,,0.112,2,reviewed,ci,ci
1952-07-21T12:07:00.000Z,35,-119,0,5.18,mh,,,,,ci,ci3319396,2018-06-04T20:43:44.000Z,"9km NW of Grapevine, CA",earthquake,,,,1,reviewed,ci,ci
1952-07-21T12:06:00.000Z,35,-119,0,5.4,mh,,,,,ci,ci3319397,2018-06-04T20:43:44.000Z,"9km NW of Grapevine, CA",earthquake,,,,1,reviewed,ci,ci
1952-07-21T12:05:31.240Z,34.9731667,-119.0661667,6,5.8,mh,8,89,,0.68,ci,ci3319398,2022-05-09T20:19:15.571Z,"13km WNW of Grapevine, CA",earthquake,2.57,31.61,,1,reviewed,ci,ci
1952-07-21T11:59:00.000Z,35,-119.0333333,0,4.5,mh,,,,,ci,ci10084410,2018-06-04T20:43:44.000Z,"11km NW of Grapevine, CA",earthquake,,,,0,reviewed,ci,ci
1952-07-21T11:58:00.000Z,35,-119.0333333,0,4.6,mh,,,,,ci,ci10084406,2018-06-04T20:43:44.000Z,"11km NW of Grapevine, CA",earthquake,,,,0,reviewed,ci,ci
1952-07-21T11:57:00.000Z,35,-119.0333333,0,4.5,mh,,,,,ci,ci10084402,2018-06-04T20:43:44.000Z,"11km NW of Grapevine, CA",earthquake,,,,0,reviewed,ci,ci
1952-07-21T11:55:00.000Z,35,-119.033,16,4.5,ml,,,,,ushis,ushis1789,2018-06-04T20:43:44.000Z,"9 km SW of Mettler, California",earthquake,,,,,reviewed,ushis,pas
1952-07-21T11:54:00.000Z,35,-119.0333333,0,4.5,mh,,,,,ci,ci10084394,2018-06-04T20:43:44.000Z,"11km NW of Grapevine, CA",earthquake,,,,0,reviewed,ci,ci
1952-07-21T11:52:14.540Z,34.9581667,-118.998,6,7.5,mw,8,146,,0.39,ci,ci3319401,2024-12-19T02:54:15.531Z,"The 1952 Kern County, California Earthquake",earthquake,1.42,31.61,,0,reviewed,ci,ci
1952-05-24T04:15:12.840Z,36.1561667,-114.4613333,6,4.78,ml,6,281,,3.59,ci,ci3319549,2018-06-04T20:43:44.000Z,"39km ENE of Boulder City, NV",earthquake,99,31.61,0.054,10,reviewed,ci,ci
1952-05-09T15:31:32.000Z,39.42,-119.78,,5.1,ml,,,,,ushis,ushis1780,2018-06-04T20:43:44.000Z,"12 km SSE of Reno, Nevada",earthquake,,,,,reviewed,ushis,brk
1952-05-06T17:21:10.000Z,41.9,-124.6,,4.7,ml,,,,,ushis,ushis1779,2018-06-04T20:43:44.000Z,"31 km WSW of Brookings, Oregon",earthquake,,,,,reviewed,ushis,brk
1952-04-01T00:37:41.000Z,48,-113.8,,5.5,fa,,,,,ushis,ushis1774,2018-06-04T20:43:44.000Z,"Western Montana",earthquake,,,,,reviewed,ushis,mmt
1952-02-13T15:13:34.510Z,32.8071667,-118.381,6,4.61,ml,9,233,1.349,0.37,ci,ci3322069,2018-06-04T20:43:44.000Z,"4km WSW of San Clemente Is. (SE tip), CA",earthquake,2.35,31.61,0.117,10,reviewed,ci,ci
1951-12-28T02:49:26.970Z,37.665,-118.198,6,4.96,ml,6,323,,0.23,ci,ci3322189,2018-06-04T20:43:44.000Z,"36km NNE of Dixon Lane-Meadow Creek, CA",earthquake,4.04,31.61,0.109,7,reviewed,ci,ci
1951-12-26T00:46:54.430Z,32.9161667,-118.3051667,6,5.75,ml,11,37,,0.54,ci,ci3322187,2022-04-26T18:22:11.536Z,"11km NNE of San Clemente Is. (SE tip), CA",earthquake,2.13,31.61,0.042,5,reviewed,ci,ci
1951-11-14T08:39:53.000Z,40.433,-124.05,,4.7,ml,,,,,ushis,ushis1758,2018-06-04T20:43:44.000Z,"6 km SE of Scotia, California",earthquake,,,,,reviewed,ushis,brk
1951-10-31T20:58:19.000Z,36.9,-121.417,,4.8,ml,,,,,ushis,ushis1754,2018-06-04T20:43:44.000Z,"5 km NNW of Hollister, California",earthquake,,,,,reviewed,ushis,brk
1951-10-08T04:10:38.080Z,40.238,-124.713,15,6.02,mw,,,,,iscgem,iscgem894786,2022-04-26T18:18:26.295Z,"53 km SW of Ferndale, California",earthquake,,15.1,0.2,,reviewed,iscgem,iscgem
1951-09-02T16:27:45.440Z,32.0195,-117.275,6,4.69,ml,6,327,,0.41,ci,ci3322379,2016-01-28T17:58:46.880Z,"40km WSW of Primo Tapia, B.C., MX",earthquake,8.59,31.61,0.166,11,reviewed,ci,ci
1951-08-06T09:05:02.000Z,36.617,-121.217,,4.9,ml,,,,,ushis,ushis1749,2018-06-04T20:43:44.000Z,"21 km SSE of Tres Pinos, California",earthquake,,,,,reviewed,ushis,brk
1951-07-29T10:53:45.000Z,36.583,-121.183,,5,ml,,,,,ushis,ushis1748,2018-06-04T20:43:44.000Z,"21 km NE of Soledad, California",earthquake,,,,,reviewed,ushis,brk
1951-04-12T06:20:10.000Z,32,-113,,4.5,ml,,,,,ushis,ushis1738,2018-06-04T20:43:44.000Z,"20 km NW of Sonoita, Mexico",earthquake,,,,,reviewed,ushis,pas
1951-02-15T10:49:57.230Z,33.4516667,-116.4886667,6,4.58,ml,4,281,0.8698,0.29,ci,ci3322677,2018-06-04T20:43:44.000Z,"21km SE of Anza, CA",earthquake,2.22,31.61,0.105,9,reviewed,ci,ci
1951-02-15T10:48:00.220Z,33.4816667,-116.6011667,3.38,4.71,ml,8,241,,0.35,ci,ci3322675,2018-06-04T20:43:44.000Z,"11km SE of Anza, CA",earthquake,3.18,5.07,0.062,10,reviewed,ci,ci
1951-01-24T07:16:52.620Z,32.622,-115.1191667,6,5.95,ml,9,329,1.637,0.48,ci,ci3322622,2022-05-09T20:23:43.316Z,"14km WNW of Tecolots, B.C., MX",earthquake,4.33,31.61,0.168,12,reviewed,ci,ci
1951-01-22T15:14:53.000Z,39.08,-119.95,,4.8,ml,,,,,ushis,ushis1728,2018-06-04T20:43:44.000Z,"1 km SW of Glenbrook, Nevada",earthquake,,,,,reviewed,ushis,brk
1951-01-13T20:31:32.000Z,40.4,-125,,4.8,ml,,,,,ushis,ushis1726,2018-06-04T20:43:44.000Z,"65 km WSW of Ferndale, California",earthquake,,,,,reviewed,ushis,brk
1950-12-14T13:24:19.000Z,40.083,-120.067,,5.6,ml,,,,,ushis,ushis1725,2018-06-04T20:43:44.000Z,"6 km NNE of Doyle, California",earthquake,,,,,reviewed,ushis,brk
1950-12-14T08:59:34.000Z,40.083,-120.067,,4.5,ml,,,,,ushis,ushis1724,2018-06-04T20:43:44.000Z,"6 km NNE of Doyle, California",earthquake,,,,,reviewed,ushis,brk
1950-11-14T06:34:32.000Z,40.483,-121.5,,4.5,ml,,,,,ushis,ushis1721,2018-06-04T20:43:44.000Z,"17 km NNE of Mineral, California",earthquake,,,,,reviewed,ushis,brk
1950-11-14T02:35:50.000Z,40.483,-121.5,,4.6,ml,,,,,ushis,ushis1720,2018-06-04T20:43:44.000Z,"17 km NNE of Mineral, California",earthquake,,,,,reviewed,ushis,brk
1950-10-23T08:12:46.000Z,39.5,-117.5,,4.5,ml,,,,,ushis,ushis1719,2018-06-04T20:43:44.000Z,"37 km W of Austin, Nevada",earthquake,,,,,reviewed,ushis,brk
1950-10-17T03:54:33.000Z,39.6,-116.69,,4.5,ml,,,,,ushis,ushis1718,2018-06-04T20:43:44.000Z,"34 km ENE of Austin, Nevada",earthquake,,,,,reviewed,ushis,brk
1950-10-08T12:24:19.000Z,40.283,-124.8,,4.6,ml,,,,,ushis,ushis1717,2018-06-04T20:43:44.000Z,"55 km SW of Ferndale, California",earthquake,,,,,reviewed,ushis,brk
1950-09-05T19:19:56.770Z,33.726,-116.6973333,6.38,4.76,ml,7,223,0.3962,0.35,ci,ci3344132,2018-06-04T20:43:44.000Z,"2km SE of Idyllwild, CA",earthquake,1.74,1.59,0.071,13,reviewed,ci,ci
1950-08-01T08:37:21.300Z,33.2146667,-115.7236667,6,4.7,ml,7,306,1.332,0.4,ci,ci3342844,2018-06-04T20:43:44.000Z,"15km S of Bombay Beach, CA",earthquake,8.47,31.61,0.082,14,reviewed,ci,ci
1950-07-29T18:43:00.000Z,33.117,-115.567,16,4.7,ml,,,,,ushis,ushis1708,2018-06-04T20:43:44.000Z,"5 km W of Calipatria, California",earthquake,,,,,reviewed,ushis,pas
1950-07-29T14:36:31.930Z,33.0883333,-115.6636667,6,5.42,ml,10,288,1.039,0.4,ci,ci3344251,2022-04-26T18:26:39.112Z,"7km NW of Westmorland, CA",earthquake,7.39,31.61,0.142,12,reviewed,ci,ci
1950-07-28T17:58:08.670Z,32.9016667,-115.5395,6,4.7,ml,4,323,1.443,0.49,ci,ci3344240,2018-06-04T20:43:44.000Z,"7km NNE of Imperial, CA",earthquake,4.76,31.61,0.093,11,reviewed,ci,ci
1950-07-28T17:50:46.290Z,33.0891667,-115.4483333,6,5.33,ml,8,292,1.215,0.29,ci,ci3344239,2022-05-09T20:38:11.984Z,"7km ESE of Calipatria, CA",earthquake,8.93,31.61,0.112,12,reviewed,ci,ci
1950-07-28T17:26:46.650Z,33.2601667,-115.505,6,4.56,ml,4,311,1.141,0.44,ci,ci3344238,2018-06-04T20:43:44.000Z,"3km NNE of Niland, CA",earthquake,9.48,31.61,0.086,13,reviewed,ci,ci
1950-07-28T03:25:28.210Z,33.0871667,-115.487,6,4.59,ml,6,313,,0.33,ci,ci3344228,2019-05-02T20:46:39.163Z,"5km SSE of Calipatria, CA",earthquake,7.27,31.61,0.146,13,reviewed,ci,ci
1950-07-27T11:29:24.590Z,33.0216667,-115.5128333,6,4.76,ml,6,314,,0.45,ci,ci3344212,2018-06-04T20:43:44.000Z,"5km NNE of Brawley, CA",earthquake,4.45,31.61,0.141,12,reviewed,ci,ci
1950-03-23T04:16:50.000Z,40.5,-121.5,,4.6,ml,,,,,ushis,ushis1687,2018-06-04T20:43:44.000Z,"18 km NNE of Mineral, California",earthquake,,,,,reviewed,ushis,brk
1950-03-20T15:22:17.000Z,40.45,-121.467,,5.5,ml,,,,,ushis,ushis1686,2018-06-04T20:43:44.000Z,"15 km NE of Mineral, California",earthquake,,,,,reviewed,ushis,brk
1950-01-18T01:55:51.000Z,40.5,-110.5,,5.3,uk,,,,,ushis,ushis1683,2018-06-04T20:43:44.000Z,"23 km NW of Altamont, Utah",earthquake,,,,,reviewed,ushis,pas
1950-01-14T19:52:30.000Z,40.217,-124.417,,4.6,ml,,,,,ushis,ushis1681,2018-06-04T20:43:44.000Z,"35 km NW of Shelter Cove, California",earthquake,,,,,reviewed,ushis,brk
1949-11-20T07:09:53.620Z,28.474,-112.31,10,6.84,mw,,,,,iscgem,iscgem897037,2022-04-26T18:38:22.101Z,"52 km SW of Bahía de Kino, Mexico",earthquake,,25,0.2,,reviewed,iscgem,iscgem
1949-11-05T04:35:23.900Z,31.9823333,-116.9916667,6,5.08,ml,7,332,0.9061,0.42,ci,ci3355580,2022-05-09T20:53:37.822Z,"27km SSW of Primo Tapia, B.C., MX",earthquake,5.01,31.61,0.137,14,reviewed,ci,ci
1949-11-04T20:42:38.770Z,32.1266667,-116.7496667,6,5.66,ml,10,318,0.8494,0.35,ci,ci3355574,2022-05-09T19:35:55.271Z,"19km ESE of Primo Tapia, B.C., MX",earthquake,4.01,31.61,0.139,12,reviewed,ci,ci
1949-11-02T02:29:38.000Z,37,-113.5,,4.7,uk,,,,,ushis,ushis1677,2018-06-04T20:43:44.000Z,"13 km SSE of Saint George, Utah",earthquake,,,,,reviewed,ushis,pas
1949-10-28T02:29:16.000Z,40.9,-124.2,,4.5,ml,,,,,ushis,ushis1675,2018-06-04T20:43:44.000Z,"6 km NNW of Manila, California",earthquake,,,,,reviewed,ushis,brk
1949-10-22T21:45:20.000Z,36.58,-121.17,,4.7,ml,,,,,ushis,ushis1674,2018-06-04T20:43:44.000Z,"22 km NE of Soledad, California",earthquake,,,,,reviewed,ushis,brk
1949-08-27T14:51:44.120Z,34.1795,-120.7776667,6,4.73,ml,6,282,0.9175,0.3,ci,ci3355694,2022-05-09T20:51:02.086Z,"41km WNW of San Miguel Is., CA",earthquake,2.02,31.61,0.205,13,reviewed,ci,ci
1949-08-21T20:48:16.000Z,40.27,-121.23,,4.5,ml,,,,,ushis,ushis1668,2018-06-04T20:43:44.000Z,"4 km S of Chester, California",earthquake,,,,,reviewed,ushis,brk
1949-07-18T15:31:05.000Z,39.7,-119.8,,4.5,ml,,,,,ushis,ushis1666,2018-06-04T20:43:44.000Z,"Nevada",earthquake,,,,,reviewed,ushis,brk
1949-06-27T10:35:31.000Z,35.8,-121.1,,4.5,ml,,,,,ushis,ushis1665,2018-06-04T20:43:44.000Z,"11 km WNW of Oak Shores, California",earthquake,,,,,reviewed,ushis,brk
1949-05-02T11:25:46.900Z,34,-115.6958333,6,5.69,ml,4,263,1.395,0.52,ci,ci3356151,2022-05-09T19:35:32.801Z,"38km ESE of Twentynine Palms, CA",earthquake,2.34,31.61,0.127,12,reviewed,ci,ci
1949-04-13T19:55:43.640Z,47.014,-122.597,50,6.7,mw,,,,,iscgem,iscgem896466,2022-06-17T20:21:19.580Z,"4 km WNW of Roy, Washington",earthquake,,4.8,0.3,,reviewed,iscgem,iscgem
1949-04-13T07:58:25.780Z,37.6801667,-118.3848333,6,4.53,ml,5,328,0.6369,0.28,ci,ci3356131,2018-06-04T20:43:44.000Z,"33km N of Dixon Lane-Meadow Creek, CA",earthquake,19.38,31.61,0.075,10,reviewed,ci,ci
1949-02-11T21:05:10.280Z,37.9376667,-117.5331667,6,5.52,ml,5,325,1.042,0.19,ci,ci3356225,2018-06-04T20:43:44.000Z,"30km WSW of Tonopah, NV",earthquake,18.76,31.61,0.13,9,reviewed,ci,ci
1949-01-20T07:59:23.000Z,39.55,-120.08,,4.8,ml,,,,,ushis,ushis1648,2018-06-04T20:43:44.000Z,"6 km WNW of Verdi, California",earthquake,,,,,reviewed,ushis,brk
1949-01-03T13:43:39.170Z,34.965,-116.476,6,4.5,ml,8,225,1.221,0.54,ci,ci3356179,2018-06-04T20:43:44.000Z,"38km SSE of Fort Irwin, CA",earthquake,3.06,31.61,0.224,12,reviewed,ci,ci
1949-01-02T22:03:54.000Z,38.7,-119,,4.5,ml,,,,,ushis,ushis1646,2018-06-04T20:43:44.000Z,"22 km WNW of Walker Lake, Nevada",earthquake,,,,,reviewed,ushis,brk
1949-01-01T01:17:54.000Z,36.9,-121.62,,4.5,ml,,,,,ushis,ushis1645,2018-06-04T20:43:44.000Z,"2 km ENE of Aromas, California",earthquake,,,,,reviewed,ushis,brk
1948-12-31T14:35:46.000Z,35.67,-121.4,,4.6,ml,,,,,ushis,ushis1644,2018-06-04T20:43:44.000Z,"19 km W of San Simeon, California",earthquake,,,,,reviewed,ushis,brk
1948-12-29T12:53:28.000Z,39.55,-120.08,,6,ml,,,,,ushis,ushis1643,2023-04-17T16:14:20.446Z,"6 km WNW of Verdi, California",earthquake,,,,,reviewed,ushis,brk
1948-12-05T00:07:20.600Z,33.9216667,-116.3653333,6,4.73,ml,7,241,0.7022,0.46,ci,ci3356624,2018-06-04T20:43:44.000Z,"12km NNE of Thousand Palms, CA",earthquake,1.9,31.61,0.102,14,reviewed,ci,ci
1948-12-04T23:43:16.410Z,33.9833333,-116.3308333,6,6,mw,7,246,0.7689,0.26,ci,ci9860350,2024-02-22T10:22:50.319Z,"The 1948 Desert Hot Springs, California Earthquake",earthquake,4.09,31.61,,0,reviewed,ci,ci
1948-11-12T23:10:25.000Z,40.4,-124.32,,4.5,ml,,,,,ushis,ushis1636,2018-06-04T20:43:44.000Z,"20 km SSW of Ferndale, California",earthquake,,,,,reviewed,ushis,brk
1948-09-01T19:53:28.230Z,25.236,-109.718,10,5.98,mw,,,,,iscgem,iscgem897530,2022-04-26T18:44:43.605Z,"70 km SW of Campo Pesquero el Colorado, Mexico",earthquake,,25,0.2,,reviewed,iscgem,iscgem
1948-06-04T07:26:58.870Z,30.7858333,-115.2176667,6,4.58,ml,3,349,2.701,0.44,ci,ci12290351,2016-01-28T01:24:13.800Z,"158km S of Estacion Coahuila, B.C., MX",earthquake,99,31.61,0.136,10,reviewed,ci,ci
1948-04-16T22:26:25.300Z,33.9,-118.9846667,6,4.55,ml,8,187,0.7196,0.32,ci,ci3357617,2018-06-04T20:43:44.000Z,"20km SW of Malibu, CA",earthquake,1.03,31.61,0.128,13,reviewed,ci,ci
1948-03-28T22:45:00.000Z,36.85,-121.57,,4.5,ml,,,,,ushis,ushis1621,2018-06-04T20:43:44.000Z,"2 km W of San Juan Bautista, California",earthquake,,,,,reviewed,ushis,brk
1948-03-28T22:38:03.000Z,36.85,-121.57,,4.6,ml,,,,,ushis,ushis1620,2018-06-04T20:43:44.000Z,"2 km W of San Juan Bautista, California",earthquake,,,,,reviewed,ushis,brk
1948-03-28T18:26:20.000Z,39,-119.9,,4.6,ml,,,,,ushis,ushis1619,2018-06-04T20:43:44.000Z,"2 km NNE of Kingsbury, Nevada",earthquake,,,,,reviewed,ushis,brk
1948-03-12T04:29:06.300Z,36.221,-102.478,5,4.5,fa,,,,,ushis,ushis1618,2018-06-04T20:43:44.000Z,"18 km N of Dalhart, Texas",earthquake,,,,,reviewed,ushis,sc
1948-03-01T08:12:13.520Z,34.2656667,-117.4741667,2.52,4.6,ml,8,161,0.2836,0.2,ci,ci3357723,2018-06-04T20:43:44.000Z,"2km ENE of Lytle Creek, CA",earthquake,0.59,0.85,0.096,14,reviewed,ci,ci
1948-02-27T06:21:35.670Z,32.4343333,-118.5861667,6,4.65,ml,8,268,1.202,0.37,ci,ci3357728,2016-01-28T01:45:10.320Z,"48km SSW of San Clemente Is. (SE tip), CA",earthquake,1.62,31.61,0.163,12,reviewed,ci,ci
1948-02-24T08:15:10.480Z,32.4975,-118.5845,6,5.2,ml,7,264,1.18,0.5,ci,ci3357743,2022-05-09T15:28:24.691Z,"42km SSW of San Clemente Is. (SE tip), CA",earthquake,2.57,31.61,0.102,12,reviewed,ci,ci
1948-02-19T08:25:09.000Z,41,-124.9,,4.8,ml,,,,,ushis,ushis1614,2018-06-04T20:43:44.000Z,"63 km WNW of Samoa, California",earthquake,,,,,reviewed,ushis,brk
1947-12-28T19:58:18.000Z,45.2,-69.3,,4.5,ml,,,,,ushis,ushis1609,2018-06-04T20:43:44.000Z,"5 km NE of Sangerville, Maine",earthquake,,,,,reviewed,ushis,epb
1947-11-23T09:46:08.530Z,45.046,-111.556,15,6.1,mw,,,,,iscgem,iscgem898156,2022-04-26T18:52:39.817Z,"30 km SSW of Big Sky, Montana",earthquake,,3.1,0.3,,reviewed,iscgem,iscgem
1947-11-18T21:59:05.810Z,33.1715,-119.4566667,6,4.96,ml,8,253,1.284,0.69,ci,ci3358068,2022-05-09T15:52:50.978Z,"9km SSE of San Nicolas Is., CA",earthquake,2.29,31.61,0.156,14,reviewed,ci,ci
1947-09-25T01:34:30.000Z,44.3,-115.4,,4.7,ml,,,,,ushis,ushis1599,2018-06-04T20:43:44.000Z,"29 km NE of Lowman, Idaho",earthquake,,,,,reviewed,ushis,jon
1947-09-08T07:13:00.000Z,39.3,-120.2,,4.7,ml,,,,,ushis,ushis1596,2018-06-04T20:43:44.000Z,"3 km SSW of Truckee, California",earthquake,,,,,reviewed,ushis,brk
1947-09-08T05:52:00.000Z,39.3,-120.2,,4.5,ml,,,,,ushis,ushis1595,2018-06-04T20:43:44.000Z,"Northern California",earthquake,,,,,reviewed,ushis,brk
1947-07-26T02:49:42.460Z,33.9871667,-116.504,6,4.95,ml,8,230,0.6991,0.3,ci,ci3358272,2022-05-09T15:47:38.578Z,"3km N of Desert Hot Springs, CA",earthquake,1.45,31.61,0.042,10,reviewed,ci,ci
1947-07-25T06:19:49.500Z,34.03,-116.4063333,6,5.24,ml,8,235,0.7745,0.52,ci,ci3358256,2022-05-09T15:47:26.732Z,"10km SSE of Yucca Valley, CA",earthquake,2.37,31.61,0.059,10,reviewed,ci,ci
1947-07-25T00:46:30.670Z,34.064,-116.4153333,6,4.82,ml,8,233,0.8005,0.52,ci,ci3358709,2022-05-09T15:47:24.560Z,"6km SSE of Yucca Valley, CA",earthquake,2.18,31.61,0.046,10,reviewed,ci,ci
1947-07-24T22:54:28.120Z,33.9101667,-116.5166667,6,4.69,ml,4,286,0.7187,0.4,ci,ci3358700,2018-06-04T20:43:44.000Z,"3km ENE of Garnet, CA",earthquake,4.39,31.61,0.092,12,reviewed,ci,ci
1947-07-24T22:10:46.820Z,33.9936667,-116.481,6,5.3,ml,8,231,0.7133,0.5,ci,ci3358693,2022-05-09T15:47:23.417Z,"4km NNE of Desert Hot Springs, CA",earthquake,2.48,31.61,0.184,12,reviewed,ci,ci
1947-05-27T20:59:42.000Z,40.4,-124.7,,5.2,ml,,,,,ushis,ushis1581,2018-06-04T20:43:44.000Z,"41 km WSW of Ferndale, California",earthquake,,,,,reviewed,ushis,brk
1947-05-11T05:06:20.940Z,34.3063333,-116.1921667,6,4.66,ml,5,298,1.03,0.25,ci,ci3358488,2018-06-04T20:43:44.000Z,"22km NNW of Twentynine Palms, CA",earthquake,1.4,31.61,0.09,14,reviewed,ci,ci
1947-04-19T02:29:09.050Z,34.9578333,-116.5616667,6,4.51,ml,8,221,1.174,0.35,ci,ci3358384,2018-06-04T20:43:44.000Z,"36km SSE of Fort Irwin, CA",earthquake,1.68,31.61,0.282,20,reviewed,ci,ci
1947-04-11T07:47:08.790Z,34.9591667,-116.5258333,6,4.99,ml,8,222,1.192,0.45,ci,ci3358974,2018-06-04T20:43:44.000Z,"37km SSE of Fort Irwin, CA",earthquake,1.89,31.61,0.154,22,reviewed,ci,ci
1947-04-10T17:18:21.060Z,34.9725,-116.4288333,6,4.8,ml,6,227,1.251,0.36,ci,ci3358953,2018-06-04T20:43:44.000Z,"37km NW of Ludlow, CA",earthquake,2.56,31.61,0.094,10,reviewed,ci,ci
1947-04-10T16:03:00.330Z,35.0175,-116.7193333,6,5,ml,6,222,1.156,0.72,ci,ci3358946,2018-06-04T20:43:44.000Z,"27km S of Fort Irwin, CA",earthquake,4.45,31.61,0.131,9,reviewed,ci,ci
1947-04-10T15:58:05.110Z,34.9828333,-116.5315,6,6.5,mw,8,223,1.208,0.51,ci,ci3358945,2024-02-22T08:12:39.509Z,"The 1947 Manix, California Earthquake",earthquake,4.54,31.61,0.059,9,reviewed,ci,ci
1947-04-06T08:10:54.290Z,31.5,-115,6,4.9,ml,4,354,2.428,1.54,ci,ci12277783,2016-01-28T01:47:37.760Z,"77km S of Estacion Coahuila, B.C., MX",earthquake,99,31.61,0.107,9,reviewed,ci,ci
1947-03-30T07:44:00.000Z,40.38,-124.68,,4.6,ml,,,,,ushis,ushis1574,2018-06-04T20:43:44.000Z,"41 km WSW of Ferndale, California",earthquake,,,,,reviewed,ushis,brk
1947-02-06T17:20:41.560Z,35.6595,-117.8541667,6,4.55,ml,7,169,0.4821,0.47,ci,ci3358855,2018-06-04T20:43:44.000Z,"4km WNW of Inyokern, CA",earthquake,3.49,31.61,0.37,14,reviewed,ci,ci
1946-09-28T07:19:10.420Z,33.9346667,-116.8668333,12.81,4.87,ml,7,198,0.4268,0.32,ci,ci3359589,2022-05-09T16:08:19.062Z,"1km NE of Banning, CA",earthquake,1.52,1.74,0.069,10,reviewed,ci,ci
1946-08-30T11:16:44.510Z,33.0905,-115.5946667,6,4.5,ml,4,289,1.095,0.41,ci,ci3359561,2022-05-09T16:07:04.393Z,"6km NNE of Westmorland, CA",earthquake,4.16,31.61,0.064,14,reviewed,ci,ci
1946-07-18T14:27:57.990Z,34.5016667,-115.9148333,6,5.51,ml,7,250,1.312,0.56,ci,ci3359696,2022-05-09T16:01:01.261Z,"17km WSW of Amboy, CA",earthquake,4.32,31.61,0.119,9,reviewed,ci,ci
1946-06-15T19:46:50.850Z,32.2066667,-116.2588333,31.83,4.75,ml,5,332,1.066,0.56,ci,ci3359639,2022-05-09T15:59:34.434Z,"49km SSE of Campo, CA",earthquake,7.04,31.61,0.1,12,reviewed,ci,ci
1946-06-04T12:05:26.660Z,33.9861667,-115.7035,6,4.7,ml,8,263,1.154,0.68,ci,ci3359625,2018-06-04T20:43:44.000Z,"38km ESE of Twentynine Palms, CA",earthquake,4.02,31.61,0.149,11,reviewed,ci,ci
1946-05-29T17:51:03.000Z,36.77,-121.42,,4.5,ml,,,,,ushis,ushis1550,2018-06-04T20:43:44.000Z,"Central California",earthquake,,,,,reviewed,ushis,brk
1946-04-27T02:18:24.000Z,38.5,-118,,4.7,ml,,,,,ushis,ushis1548,2018-06-04T20:43:44.000Z,"15 km NE of Mina, Nevada",earthquake,,,,,reviewed,ushis,pas
1946-03-18T15:50:42.810Z,35.7786667,-117.7775,6,5.24,ml,5,184,0.3829,0.78,ci,ci3360225,2022-05-09T15:55:46.869Z,"15km NNE of Inyokern, CA",earthquake,11.56,31.61,0.224,9,reviewed,ci,ci
1946-03-18T15:49:26.710Z,35.7595,-117.8891667,6,4.6,ml,6,167,0.3793,0.2,ci,ci3360219,2018-06-04T20:43:44.000Z,"14km NNW of Inyokern, CA",earthquake,3.37,31.61,0.294,9,reviewed,ci,ci
1946-03-18T10:05:55.960Z,35.7498333,-117.7091667,6,4.58,ml,6,180,0.4317,0.57,ci,ci3360215,2018-06-04T20:43:44.000Z,"15km NNW of Ridgecrest, CA",earthquake,6.22,31.61,0.211,10,reviewed,ci,ci
1946-03-17T14:45:53.000Z,38.3,-117.9,,5,ml,,,,,ushis,ushis1526,2021-05-17T23:02:06.140Z,"20 km ESE of Mina, Nevada",earthquake,,,,,reviewed,ushis,brk
1946-03-16T09:46:18.750Z,35.7025,-118.1021667,0.49,4.83,ml,7,160,0.3053,0.49,ci,ci3360191,2018-06-04T20:43:44.000Z,"27km WNW of Inyokern, CA",earthquake,2.39,4.15,0.136,10,reviewed,ci,ci
1946-03-15T21:54:35.120Z,35.6965,-118.0521667,6,5.04,ml,6,162,1.363,0.63,ci,ci3360183,2022-05-09T15:55:42.147Z,"22km WNW of Inyokern, CA",earthquake,5.53,31.61,0.087,9,reviewed,ci,ci
1946-03-15T19:18:54.840Z,35.6785,-117.8195,6,5.43,ml,7,172,0.4688,0.51,ci,ci3360181,2022-05-09T15:55:41.008Z,"4km N of Inyokern, CA",earthquake,2.64,31.61,0.215,6,reviewed,ci,ci
1946-03-15T14:00:36.680Z,35.6913333,-117.7496667,6,5.19,ml,5,184,1.414,0.44,ci,ci3360176,2018-06-04T20:43:44.000Z,"8km NE of Inyokern, CA",earthquake,2.71,31.61,0.136,7,reviewed,ci,ci
1946-03-15T13:49:37.090Z,35.7023333,-117.9441667,6,6.3,mh,8,158,0.4334,0.26,ci,ci3360174,2024-02-21T11:26:50.887Z,"The 1946 Walker Pass, California Earthquake",earthquake,2.49,31.61,,0,reviewed,ci,ci
1946-03-15T13:21:01.910Z,35.7226667,-117.9406667,6,5.43,ml,8,159,0.4131,0.41,ci,ci3360172,2022-04-26T18:54:08.990Z,"14km NW of Inyokern, CA",earthquake,3.27,31.61,0.116,4,reviewed,ci,ci
1946-01-15T22:31:56.000Z,40.5,-117.25,,5.1,uk,,,,,ushis,ushis1516,2018-06-04T20:43:44.000Z,"31 km WSW of Battle Mountain, Nevada",earthquake,,,,,reviewed,ushis,sjg
1946-01-08T18:54:19.630Z,33.1111667,-116.0008333,6,5.33,ml,5,310,1.082,0.72,ci,ci3360124,2022-05-09T15:53:53.489Z,"13km ESE of Ocotillo Wells, CA",earthquake,5.31,31.61,0.211,11,reviewed,ci,ci
1945-09-18T22:39:00.000Z,40.6,-116.5,,5.1,ml,,,,,ushis,ushis1505,2018-06-04T20:43:44.000Z,"21 km NNE of Crescent Valley, Nevada",earthquake,,,,,reviewed,ushis,pas
1945-08-15T17:56:18.390Z,33.0823333,-115.6311667,6,5.77,ml,7,293,1.067,0.5,ci,ci3360494,2022-05-09T16:19:11.519Z,"5km N of Westmorland, CA",earthquake,4.73,31.61,0.042,10,reviewed,ci,ci
1945-06-27T18:08:12.230Z,26.925,-111.24,15,6.05,mw,,,,,iscgemsup,iscgemsup898977,2022-05-09T16:17:52.836Z,"73 km E of Mulegé, Mexico",earthquake,,25,0.75,,reviewed,iscgemsup,iscgemsup
1945-06-27T13:08:25.350Z,26.955,-110.852,10,6.92,mw,,,,,iscgem,iscgem898976,2022-04-26T19:01:47.493Z,"59 km SW of Bahía de Lobos, Mexico",earthquake,,25,0.23,,reviewed,iscgem,iscgem
1945-06-14T03:31:13.790Z,37.017,-117.418,6,4.67,ml,0,259.2,0.6509,0.266,ci,ci3360574,2022-05-09T16:17:16.966Z,"52km NNW of Stovepipe Wells, CA",earthquake,,,,12,reviewed,ci,ci
1945-05-17T15:06:47.000Z,36.82,-121.37,,4.6,ml,,,,,ushis,ushis1496,2018-06-04T20:43:44.000Z,"0 km NNW of Ridgemark, California",earthquake,,,,,reviewed,ushis,brk
1945-05-11T23:32:55.690Z,30.884,-115.8966667,6,5.15,ml,4,349,2.287,0.78,ci,ci10084854,2016-01-28T01:32:12.950Z,"112km SE of Maneadero, B.C., MX",earthquake,23.6,31.61,0.114,9,reviewed,ci,ci
1945-04-01T23:43:45.430Z,34.1266667,-119.8231667,0.06,4.94,ml,6,269,0.3259,0.67,ci,ci3360909,2022-05-09T16:15:28.997Z,"12km ENE of Santa Cruz Is. (NW end), CA",earthquake,4.21,4.9,0.167,14,reviewed,ci,ci
1945-03-20T21:55:08.220Z,34.2381667,-116.1415,6,4.87,ml,8,245,1.052,0.65,ci,ci3360727,2018-06-04T20:43:44.000Z,"13km NNW of Twentynine Palms, CA",earthquake,2.72,31.61,0.087,14,reviewed,ci,ci
1944-12-23T08:16:21.370Z,36.5528333,-117.4401667,6,4.55,ml,6,222,0.5834,0.37,ci,ci3360996,2018-06-04T20:43:44.000Z,"27km WSW of Stovepipe Wells, CA",earthquake,4.3,31.61,0.097,13,reviewed,ci,ci
1944-11-08T11:08:44.000Z,41.5,-125,,4.7,ml,,,,,ushis,ushis1482,2018-06-04T20:43:44.000Z,"72 km WSW of Crescent City, California",earthquake,,,,,reviewed,ushis,brk
1944-10-28T04:01:35.770Z,31.1626667,-115.7385,6,4.76,ml,5,347,2.129,1.03,ci,ci3362535,2016-01-28T01:24:19.080Z,"100km SE of Maneadero, B.C., MX",earthquake,22.12,31.61,0.089,9,reviewed,ci,ci
1944-09-05T08:51:06.000Z,44.999,-74.652,1,4.5,lg,,,,,ushis,ushis1480,2018-06-04T20:43:44.000Z,"6 km ESE of Cornwall, Canada",earthquake,,,,,reviewed,ushis,bas
1944-09-05T04:38:46.210Z,44.945,-74.746,15,5.74,mw,,,,,iscgem,iscgem899531,2022-04-26T19:07:28.559Z,"8 km S of Cornwall, Canada",earthquake,,25,0.3,,reviewed,iscgem,iscgem
1944-07-03T05:38:24.000Z,35.3678333,-117.8468333,6,4.57,ml,7,170,0.7715,0.32,ci,ci3366587,2018-06-04T20:43:44.000Z,"19km W of Johannesburg, CA",earthquake,2.28,31.61,0.155,14,reviewed,ci,ci
1944-06-12T11:16:35.810Z,34.0015,-116.6988333,6,5.24,ml,7,217,0.5622,0.26,ci,ci3366546,2022-05-09T16:25:44.155Z,"12km WSW of Morongo Valley, CA",earthquake,1.29,31.61,0.058,8,reviewed,ci,ci
1944-06-12T10:45:34.680Z,33.989,-116.7311667,6,5.06,ml,8,211,0.5353,0.31,ci,ci3366543,2022-05-09T16:02:04.118Z,"10km NNE of Cabazon, CA",earthquake,1.37,31.61,0.146,8,reviewed,ci,ci
1943-12-22T15:50:28.600Z,34.3698333,-115.8185,6,5.11,ml,8,254,1.335,0.3,ci,ci3366459,2018-06-04T20:43:44.000Z,"22km SSW of Amboy, CA",earthquake,2.2,31.61,0.121,13,reviewed,ci,ci
1943-11-29T00:43:00.000Z,48.4,-122.9,,4.8,ml,,,,,ushis,ushis1462,2018-06-04T20:43:44.000Z,"17 km SSE of Friday Harbor, Washington",earthquake,,,,,reviewed,ushis,rog
1943-08-29T03:45:14.310Z,34.268,-116.9678333,6,5.28,ml,6,258,0.4351,0.36,ci,ci3366373,2022-05-09T16:35:11.012Z,"6km WNW of Big Bear Lake, CA",earthquake,2.46,31.61,0.179,10,reviewed,ci,ci
1943-08-09T05:30:08.350Z,38.005,-118.086,15,5.56,mw,,,,,iscgem,iscgem899958,2022-04-26T19:12:50.328Z,"37 km N of Dyer, Nevada",earthquake,,2.6,0.3,,reviewed,iscgem,iscgem
1943-03-30T21:07:28.000Z,39.43,-120.4,,5.3,ml,,,,,ushis,ushis1442,2018-06-04T20:43:44.000Z,"11 km N of Soda Springs, California",earthquake,,,,,reviewed,ushis,brk
1943-03-17T00:40:41.120Z,32.428,-115.2696667,6,4.6,ml,4,333,1.627,0.76,ci,ci3366263,2018-06-04T20:43:44.000Z,"11km NW of Delta, B.C., MX",earthquake,8.99,31.61,0.042,13,reviewed,ci,ci
1943-03-09T03:25:24.900Z,41.628,-81.309,7,4.5,lg,,,,,ushis,ushis1440,2018-06-04T20:43:44.000Z,"0 km NNW of Kirtland Hills, Ohio",earthquake,,,,,reviewed,ushis,bas
1942-12-20T05:47:39.000Z,38.72,-119.73,,4.5,ml,,,,,ushis,ushis1436,2018-06-04T20:43:44.000Z,"5 km ENE of Markleeville, California",earthquake,,,,,reviewed,ushis,brk
1942-12-17T15:07:43.000Z,38.87,-119.9,,5.1,ml,,,,,ushis,ushis1435,2018-06-04T20:43:44.000Z,"10 km SE of South Lake Tahoe, California",earthquake,,,,,reviewed,ushis,brk
1942-12-03T09:44:42.000Z,39.7,-119.3,,5.5,ml,,,,,ushis,ushis1431,2018-06-04T20:43:44.000Z,"7 km N of Wadsworth, Nevada",earthquake,,,,,reviewed,ushis,brk
1942-10-22T18:13:27.660Z,32.9346667,-116.0011667,6,4.68,ml,4,314,1.056,0.3,ci,ci3366113,2018-06-04T20:43:44.000Z,"22km N of Ocotillo, CA",earthquake,3.03,31.61,0.019,6,reviewed,ci,ci
1942-10-22T01:50:37.080Z,33.2661667,-115.572,6,5.63,ml,8,284,,0.41,ci,ci3366107,2022-04-26T19:21:25.849Z,"6km WNW of Niland, CA",earthquake,3.72,31.61,0.113,10,reviewed,ci,ci
1942-10-21T16:26:57.110Z,32.9411667,-116.0441667,6,4.5,ml,3,312,1.021,0.24,ci,ci3366101,2018-06-04T20:43:44.000Z,"23km NNW of Ocotillo, CA",earthquake,4.05,31.61,0.07,7,reviewed,ci,ci
1942-10-21T16:25:16.230Z,32.9525,-115.6748333,6,4.61,ml,4,320,1.331,0.11,ci,ci3366100,2018-06-04T20:43:44.000Z,"11km SSW of Westmorland, CA",earthquake,2.21,31.61,0.141,7,reviewed,ci,ci
1942-10-21T16:22:11.980Z,32.9753333,-115.7853333,6,6.6,mw,7,291,,0.34,ci,ci3366099,2024-02-18T09:55:01.085Z,"The 1942 Fish Creek Mountains, California Earthquake",earthquake,3.97,31.61,,0,reviewed,ci,ci
1942-09-04T06:34:32.970Z,34.6643333,-118.983,20,4.53,ml,5,226,0.644,0.19,ci,ci3366068,2018-06-04T20:43:44.000Z,"18km S of Frazier Park, CA",earthquake,2.91,31.61,0.31,11,reviewed,ci,ci
1942-08-18T21:55:24.000Z,38.6,-118.5,,5,ml,,,,,ushis,ushis1405,2018-06-04T20:43:44.000Z,"13 km NE of Hawthorne, Nevada",earthquake,,,,,reviewed,ushis,brk
1942-08-07T01:15:34.480Z,34.2481667,-116.3696667,6,4.62,ml,6,232,0.8722,0.39,ci,ci3366044,2018-06-04T20:43:44.000Z,"14km NNW of Joshua Tree, CA",earthquake,2.76,31.61,0.049,8,reviewed,ci,ci
1942-07-11T16:45:00.000Z,38.5,-117.1,,4.5,uk,,,,,ushis,ushis1403,2018-06-04T20:43:44.000Z,"49 km NNE of Tonopah, Nevada",earthquake,,,,,reviewed,ushis,sjg
1942-07-11T16:41:56.000Z,38.5,-117.1,,5,ml,,,,,ushis,ushis1402,2018-06-04T20:43:44.000Z,"49 km NNE of Tonopah, Nevada",earthquake,,,,,reviewed,ushis,brk
1942-05-23T15:47:33.780Z,32.9945,-116.2503333,6,4.87,ml,6,305,0.6261,0.29,ci,ci3365989,2018-06-04T20:43:44.000Z,"20km SW of Ocotillo Wells, CA",earthquake,2.38,31.61,0.108,13,reviewed,ci,ci
1942-03-03T01:03:25.850Z,34.0011667,-115.8466667,6,4.82,ml,8,258,1.065,0.42,ci,ci3365922,2018-06-04T20:43:44.000Z,"26km SE of Twentynine Palms, CA",earthquake,2.69,31.61,0.184,12,reviewed,ci,ci
1942-02-01T15:18:28.790Z,34.4188333,-116.8128333,6,4.6,ml,8,206,0.6304,0.3,ci,ci3365890,2018-06-04T20:43:44.000Z,"14km E of Lucerne Valley, CA",earthquake,1.32,31.61,0.168,13,reviewed,ci,ci
1941-12-31T06:48:44.030Z,37.8036667,-118.3781667,6,5.36,ml,5,329,0.7573,0.31,ci,ci3365839,2018-06-04T20:43:44.000Z,"46km N of Dixon Lane-Meadow Creek, CA",earthquake,7.08,31.61,0.094,11,reviewed,ci,ci
1941-12-24T07:30:08.650Z,32.37,-115.962,6,4.59,ml,0,360,2.007,0.126,ci,ci3365838,2018-06-04T20:43:44.000Z,"41km S of Ocotillo, CA",earthquake,,,,10,reviewed,ci,ci
1941-11-14T08:41:37.650Z,33.7906667,-118.2636667,6,5.12,ml,8,61,0.3651,0.26,ci,ci3365807,2024-02-18T08:53:06.257Z,"The 1941 Torrance-Gardena, California Earthquakes (Second Event)",earthquake,1.41,31.61,0.198,9,reviewed,ci,ci
1941-10-25T07:09:00.000Z,39.5,-122.17,,4.6,ml,,,,,ushis,ushis1384,2018-06-04T20:43:44.000Z,"3 km SE of Willows, California",earthquake,,,,,reviewed,ushis,jon
1941-10-22T06:57:18.960Z,33.811,-118.3013333,0.19,4.69,ml,6,231,0.3535,0.28,ci,ci3365787,2024-02-18T08:10:13.419Z,"The 1941 Torrance-Gardena, California Earthquakes (First Event)",earthquake,2.57,3.42,0.342,11,reviewed,ci,ci
1941-10-06T06:59:00.000Z,40.4,-125,,5,ml,,,,,ushis,ushis1380,2018-06-04T20:43:44.000Z,"65 km WSW of Ferndale, California",earthquake,,,,,reviewed,ushis,brk
1941-09-21T19:53:08.830Z,34.8381667,-118.9335,6,5.1,ml,8,135,0.7565,0.47,ci,ci3365754,2018-06-04T20:43:44.000Z,"2km NNE of Frazier Park, CA",earthquake,2.14,31.61,0.112,11,reviewed,ci,ci
1941-09-14T21:16:05.510Z,37.5,-118.5,6,4.51,ml,5,339,0.4943,0.42,ci,ci3365747,2018-06-04T20:43:44.000Z,"15km NNW of Dixon Lane-Meadow Creek, CA",earthquake,99,31.61,0.137,10,reviewed,ci,ci
1941-09-14T18:39:11.900Z,37.567,-118.733,16,5.5,mw,,,,,ushis,ushis1374,2020-07-09T21:41:28.079Z,"2 km NW of Aspen Springs, California",earthquake,,,,,reviewed,ushis,hht
1941-09-14T18:21:18.700Z,37.567,-118.733,16,5.5,ml,,,,,ushis,ushis1373,2020-07-09T21:41:12.008Z,"2 km NW of Aspen Springs, California",earthquake,,,,,reviewed,ushis,pas
1941-09-14T16:43:34.420Z,37.5488333,-118.6158333,6,5.63,ml,7,310,0.5817,0.27,ci,ci3365741,2020-07-09T21:40:58.865Z,"25km NW of West Bishop, CA",earthquake,18.68,31.61,0.218,9,reviewed,ci,ci
1941-08-29T13:09:53.000Z,41.5,-118.5,,5.5,ms,,,,,ushis,ushis1369,2018-06-04T20:43:44.000Z,"55 km SSE of Denio, Nevada",earthquake,,,,,reviewed,ushis,gr
1941-07-18T03:53:42.000Z,40,-119,,5,ml,,,,,ushis,ushis1364,2018-06-04T20:43:44.000Z,"35 km ENE of Nixon, Nevada",earthquake,,,,,reviewed,ushis,brk
1941-07-12T16:18:53.040Z,34.1731667,-119.591,6,4.68,ml,5,286,1.178,0.54,ci,ci3365685,2019-05-02T20:46:36.317Z,"17km NNW of Santa Cruz Is. (E end), CA",earthquake,4.16,31.61,0.127,9,reviewed,ci,ci
1941-07-01T23:53:42.370Z,34.2543333,-119.6643333,9.71,4.54,ml,5,54,0.1906,0.42,ci,ci3365668,2019-05-02T20:46:35.662Z,"19km S of Santa Barbara, CA",earthquake,5.04,5,0.147,8,reviewed,ci,ci
1941-07-01T07:50:56.960Z,34.3291667,-119.5641667,9.58,5.47,ml,7,69,0.1671,0.51,ci,ci3365643,2024-02-17T09:37:45.969Z,"The 1941 Santa Barbara, California Earthquake",earthquake,6.98,6.77,0.13,5,reviewed,ci,ci
1941-05-28T06:23:18.000Z,37.08,-121.75,,4.5,ml,,,,,ushis,ushis1358,2018-06-04T20:43:44.000Z,"10 km WSW of Morgan Hill, California",earthquake,,,,,reviewed,ushis,brk
1941-05-16T02:36:42.000Z,40.3,-125,,4.5,ml,,,,,ushis,ushis1357,2018-06-04T20:43:44.000Z,"69 km WSW of Ferndale, California",earthquake,,,,,reviewed,ushis,brk
1941-05-01T13:29:00.000Z,40,-121,,4.5,ml,,,,,ushis,ushis1355,2018-06-04T20:43:44.000Z,"3 km WSW of Keddie, California",earthquake,,,,,reviewed,ushis,brk
1941-04-07T09:25:00.000Z,48.3,-119.6,,4.5,ml,,,,,ushis,ushis1352,2018-06-04T20:43:44.000Z,"6 km S of Okanogan, Washington",earthquake,,,,,reviewed,ushis,rog
1941-03-15T05:46:25.380Z,28.371,-113.443,15,6.01,mw,,,,,iscgem,iscgem900710,2022-04-26T19:24:57.389Z,"30 km ESE of San Luis, Mexico",earthquake,,25,0.37,,reviewed,iscgem,iscgem
1941-02-11T04:51:00.000Z,40,-125,,4.5,ms,,,,,ushis,ushis1349,2018-06-04T20:43:44.000Z,"79 km W of Shelter Cove, California",earthquake,,,,,reviewed,ushis,gr
1941-02-05T13:33:00.960Z,31.25,-115,6,4.77,ml,6,342,2.624,1.51,ci,ci3365551,2016-01-28T01:34:47.920Z,"105km S of Estacion Coahuila, B.C., MX",earthquake,99,31.61,0.046,8,reviewed,ci,ci
1941-01-23T12:03:00.000Z,40.5,-125,,4.7,ml,,,,,ushis,ushis1347,2018-06-04T20:43:44.000Z,"62 km W of Ferndale, California",earthquake,,,,,reviewed,ushis,brk
1941-01-09T10:28:37.570Z,31.1593333,-115.0568333,6,5.23,ml,5,338,2.524,1.54,ci,ci3365529,2016-01-28T01:34:46.510Z,"115km S of Estacion Coahuila, B.C., MX",earthquake,57.74,31.61,0.126,10,reviewed,ci,ci
1940-12-24T13:43:45.000Z,43.908,-71.283,8,5.61,mw,,,,,ushis,ushis1346,2018-06-04T20:43:44.000Z,"5 km NNW of Tamworth, New Hampshire",earthquake,,,,,reviewed,ushis,esm
1940-12-20T23:40:56.880Z,39.734,-124.415,15,5.96,mw,,,,,iscgem,iscgem901741,2022-04-26T19:40:41.517Z,"44 km SW of Shelter Cove, California",earthquake,,25,0.42,,reviewed,iscgem,iscgem
1940-12-20T07:27:26.200Z,43.872,-71.37,10,5.26,mw,,,,,ushis,ushis1343,2018-06-04T20:43:44.000Z,"8 km W of Tamworth, New Hampshire",earthquake,,,,,reviewed,ushis,st
1940-12-07T22:17:00.000Z,31.0693333,-114.8526667,6,6.05,ml,6,336,2.714,42.41,ci,ci3365515,2020-07-09T21:40:38.379Z,"126km S of Estacion Coahuila, B.C., MX",earthquake,99,31.61,0.106,8,reviewed,ci,ci
1940-11-19T18:35:00.000Z,40.75,-124.9,,4.7,ml,,,,,ushis,ushis1342,2018-06-04T20:43:44.000Z,"56 km W of Indianola, California",earthquake,,,,,reviewed,ushis,brk
1940-10-27T22:29:18.000Z,47.2,-123.4,,5.1,ml,,,,,ushis,ushis1339,2018-06-04T20:43:44.000Z,"Olympic Peninsula, Washington",earthquake,,,,,reviewed,ushis,rog
1940-10-22T11:01:00.000Z,40.5,-124.1,,4.5,ml,,,,,ushis,ushis1338,2018-06-04T20:43:44.000Z,"0 km E of Rio Dell, California",earthquake,,,,,reviewed,ushis,jon
1940-10-11T05:57:13.510Z,33.7781667,-118.4721667,6,4.7,ml,7,59,0.4461,0.43,ci,ci3365468,2018-06-04T20:43:44.000Z,"8km WSW of Palos Verdes Estates, CA",earthquake,1.94,31.61,0.177,11,reviewed,ci,ci
1940-09-27T17:03:36.000Z,40.5,-125,,4.5,ml,,,,,ushis,ushis1334,2018-06-04T20:43:44.000Z,"near the coast of Northern California",earthquake,,,,,reviewed,ushis,brk
1940-09-07T13:02:06.000Z,36.5,-121.5,,4.5,ml,,,,,ushis,ushis1332,2018-06-04T20:43:44.000Z,"5 km W of Gonzales, California",earthquake,,,,,reviewed,ushis,brk
1940-07-22T23:00:34.660Z,37.6106667,-118.7868333,6,4.6,ml,5,224,,0.55,ci,ci3365414,2018-06-04T20:43:44.000Z,"17km E of Mammoth Lakes, CA",earthquake,3.92,31.61,0.141,12,reviewed,ci,ci
1940-07-08T10:04:45.000Z,38.58,-117.83,,4.5,ml,,,,,ushis,ushis1322,2018-06-04T20:43:44.000Z,"32 km NE of Mina, Nevada",earthquake,,,,,reviewed,ushis,brk
1940-07-07T18:42:55.800Z,31.454,-115.1328333,6,4.89,ml,4,345,2.283,0.29,ci,ci3366203,2016-01-28T01:46:25.330Z,"83km S of Estacion Coahuila, B.C., MX",earthquake,9.72,31.61,0.107,11,reviewed,ci,ci
1940-06-04T10:35:08.120Z,32.966,-116.315,6,5.03,ml,4,348,0.6004,0.57,ci,ci3365330,2018-06-04T20:43:44.000Z,"26km NE of Pine Valley, CA",earthquake,99,31.61,0.065,14,reviewed,ci,ci
1940-06-03T18:05:27.000Z,25.378,-109.492,15,6.31,mw,,,,,iscgem,iscgem901399,2022-04-26T19:35:25.253Z,"45 km SSW of Campo Pesquero el Colorado, Mexico",earthquake,,3.5,0.2,,reviewed,iscgem,iscgem
1940-06-01T23:59:28.000Z,32.5,-115,6,4.68,ml,3,355,2.486,1.52,ci,ci3365328,2018-06-04T20:43:44.000Z,"7km W of Hermosillo, B.C., MX",earthquake,99,31.61,0.054,13,reviewed,ci,ci
1940-06-01T05:27:01.920Z,34.1055,-116.2716667,6,4.56,ml,5,247,0.8972,0.31,ci,ci3365321,2018-06-04T20:43:44.000Z,"5km SE of Joshua Tree, CA",earthquake,2.62,31.61,0.076,13,reviewed,ci,ci
1940-05-19T07:01:00.000Z,32.766,-115.483,16,4.5,ml,,,,,ushis,ushis1307,2018-06-04T20:43:44.000Z,"5 km NE of Heber, California",earthquake,,,,,reviewed,ushis,pas
1940-05-19T06:35:33.460Z,32.833,-115.5,6,5.18,ml,0,360,2.589,2.137,ci,ci3365289,2018-06-04T20:43:44.000Z,"7km ESE of Imperial, CA",earthquake,,,,6,reviewed,ci,ci
1940-05-19T06:33:21.400Z,32.833,-115.5,6,5.18,ml,0,324.7,1.477,0.494,ci,ci3365288,2018-06-04T20:43:44.000Z,"7km ESE of Imperial, CA",earthquake,,,,7,reviewed,ci,ci
1940-05-19T06:17:45.860Z,32.833,-115.5,6,4.71,ml,0,360,2.589,1.637,ci,ci3365287,2018-06-04T20:43:44.000Z,"7km ESE of Imperial, CA",earthquake,,,,7,reviewed,ci,ci
1940-05-19T05:57:19.360Z,32.833,-115.5,6,4.71,ml,0,360,2.589,0.637,ci,ci3365286,2018-06-04T20:43:44.000Z,"7km ESE of Imperial, CA",earthquake,,,,5,reviewed,ci,ci
1940-05-19T05:51:38.130Z,32.855,-115.5,6,5.41,ml,0,328.1,,1.445,ci,ci3365285,2018-06-04T20:43:44.000Z,"6km E of Imperial, CA",earthquake,,,,3,reviewed,ci,ci
1940-05-19T05:44:37.230Z,32.833,-115.5,6,4.91,ml,0,330.5,1.477,1.486,ci,ci3365283,2018-06-04T20:43:44.000Z,"7km ESE of Imperial, CA",earthquake,,,,5,reviewed,ci,ci
1940-05-19T04:54:56.180Z,32.833,-115.5,6,5.15,ml,0,360,1.477,0,ci,ci3365281,2018-06-04T20:43:44.000Z,"7km ESE of Imperial, CA",earthquake,,,,3,reviewed,ci,ci
1940-05-19T04:48:49.310Z,32.833,-115.5,6,4.71,ml,0,360,2.589,0.287,ci,ci3365280,2018-06-04T20:43:44.000Z,"7km ESE of Imperial, CA",earthquake,,,,3,reviewed,ci,ci
1940-05-19T04:36:40.500Z,32.8441667,-115.381,6,6.9,mw,7,300,,0.42,ci,ci3365279,2024-02-16T10:28:13.282Z,"The 1940 Imperial Valley, California Earthquake",earthquake,12.77,31.61,,0,reviewed,ci,ci
1940-05-18T07:21:34.470Z,34.0258333,-116.3145,6,4.96,ml,6,241,0.8819,0.34,ci,ci3365272,2018-06-04T20:43:44.000Z,"12km S of Joshua Tree, CA",earthquake,2.74,31.61,0.13,10,reviewed,ci,ci
1940-05-18T06:04:31.790Z,34.042,-116.2618333,6,4.52,ml,6,243,0.9262,0.45,ci,ci3365271,2018-06-04T20:43:44.000Z,"11km SSE of Joshua Tree, CA",earthquake,3.6,31.61,0.082,10,reviewed,ci,ci
1940-05-18T05:51:21.940Z,34.037,-116.3065,6,5.2,ml,6,241,0.889,0.17,ci,ci3365270,2018-06-04T20:43:44.000Z,"11km S of Joshua Tree, CA",earthquake,1.69,31.61,0.078,12,reviewed,ci,ci
1940-05-18T05:03:59.660Z,34.089,-116.2818333,6,5.31,ml,8,241,0.8788,0.15,ci,ci3365269,2022-05-09T16:48:44.719Z,"6km SSE of Joshua Tree, CA",earthquake,1.5,31.61,0.13,14,reviewed,ci,ci
1940-04-07T08:42:00.000Z,37,-115,16,4.5,ml,,,,,ushis,ushis1284,2018-06-04T20:43:44.000Z,"43 km SSE of Alamo, Nevada",earthquake,,,,,reviewed,ushis,pas
1940-03-11T00:06:30.000Z,37,-115,16,4.5,ml,,,,,ushis,ushis1283,2018-06-04T20:43:44.000Z,"43 km SSE of Alamo, Nevada",earthquake,,,,,reviewed,ushis,pas
1940-03-10T18:01:54.000Z,37,-115,16,5,fa,,,,,ushis,ushis1282,2018-06-04T20:43:44.000Z,"43 km SSE of Alamo, Nevada",earthquake,,,,,reviewed,ushis,woo
1940-02-28T17:28:06.820Z,33.1496667,-115.9828333,6,4.55,ml,3,309,1.106,0.29,ci,ci3365234,2018-06-04T20:43:44.000Z,"14km E of Ocotillo Wells, CA",earthquake,4.57,31.61,0.067,14,reviewed,ci,ci
1939-12-28T12:15:32.150Z,35.9533333,-120.9733333,6,5.17,ml,5,277,1.827,0.69,ci,ci3365181,2018-06-04T20:43:44.000Z,"26km NNW of Lake Nacimiento, CA",earthquake,6,31.61,0.211,14,reviewed,ci,ci
1939-12-27T19:28:48.590Z,33.7436667,-118.3283333,6,4.51,ml,6,233,0.4244,0.36,ci,ci3365178,2018-06-04T20:43:44.000Z,"3km ESE of Rolling Hills, CA",earthquake,1.97,31.61,0.079,14,reviewed,ci,ci
1939-12-22T06:59:21.350Z,29.662,-114.025,15,6.04,mw,,,,,iscgem,iscgem902277,2022-04-25T20:25:37.814Z,"131 km WSW of La Libertad, Mexico",earthquake,,25,0.31,,reviewed,iscgem,iscgem
1939-11-23T15:14:52.000Z,38.18,-90.137,,4.6,fa,,,,,ushis,ushis1271,2018-06-04T20:43:44.000Z,"7 km ENE of Fults, Illinois",earthquake,,,,,reviewed,ushis,sc
1939-11-13T07:46:01.350Z,47.402,-122.753,55,6.14,mw,,,,,iscgem,iscgem902225,2022-04-25T20:50:38.180Z,"Puget Sound region, Washington",earthquake,,5.3,0.44,,reviewed,iscgem,iscgem
1939-07-17T09:24:54.000Z,36.85,-121.68,,4.5,ml,,,,,ushis,ushis1264,2018-06-04T20:43:44.000Z,"5 km ESE of Las Lomas, California",earthquake,,,,,reviewed,ushis,brk
1939-06-24T16:27:29.380Z,32.062,-117.516,6,5.25,ml,6,308,0.8292,0.44,ci,ci3365037,2016-01-27T18:26:06.370Z,"54km WSW of Rosarito, B.C., MX",earthquake,28.99,31.61,0.172,12,reviewed,ci,ci
1939-06-24T13:02:06.000Z,36.8,-121.45,,5.5,ml,,,,,ushis,ushis1260,2018-06-04T20:43:44.000Z,"7 km SW of Hollister, California",earthquake,,,,,reviewed,ushis,brk
1939-06-21T11:28:30.000Z,38.6,-117.8,,4.5,ml,,,,,ushis,ushis1259,2018-06-04T20:43:44.000Z,"31 km SSE of Gabbs, Nevada",earthquake,,,,,reviewed,ushis,brk
1939-06-13T17:15:31.330Z,37.0705,-117.1455,6,4.77,ml,6,272,0.8677,0.15,ci,ci3365025,2016-01-27T18:43:03.480Z,"39km WNW of Beatty, NV",earthquake,1.33,31.61,0.093,12,reviewed,ci,ci
1939-06-04T01:19:10.000Z,33.3,-108.5,,4.6,lg,,,,,ushis,ushis1258,2018-06-04T20:43:44.000Z,"34 km E of Pleasanton, New Mexico",earthquake,,,,,reviewed,ushis,tag
1939-05-17T18:18:48.000Z,38.58,-117.83,,4.5,ml,,,,,ushis,ushis1257,2018-06-04T20:43:44.000Z,"32 km NE of Mina, Nevada",earthquake,,,,,reviewed,ushis,sjg
1939-05-13T02:49:06.000Z,38.58,-117.83,,4.8,ml,,,,,ushis,ushis1255,2018-06-04T20:43:44.000Z,"32 km NE of Mina, Nevada",earthquake,,,,,reviewed,ushis,sjg
1939-05-11T20:59:30.000Z,38.58,-117.83,,4.7,ml,,,,,ushis,ushis1252,2018-06-04T20:43:44.000Z,"32 km NE of Mina, Nevada",earthquake,,,,,reviewed,ushis,sjg
1939-05-11T18:04:00.000Z,38.58,-117.83,,5.5,ml,,,,,ushis,ushis1251,2018-06-04T20:43:44.000Z,"32 km NE of Mina, Nevada",earthquake,,,,,reviewed,ushis,brk
1939-05-04T20:44:46.800Z,35.967,-114.817,,5,ml,,,,,ushis,ushis1247,2018-06-04T20:43:44.000Z,"1 km SE of Boulder City, Nevada",earthquake,,,,,reviewed,ushis,pas
1939-05-03T23:58:08.380Z,31.8268333,-117.377,6,4.69,ml,4,340,1.039,0.22,ci,ci3364985,2016-01-27T18:38:41.040Z,"62km SW of Primo Tapia, B.C., MX",earthquake,7.78,31.61,0.196,14,reviewed,ci,ci
1939-05-02T13:14:54.020Z,29.241,-113.513,10,7.19,mw,,,,,iscgem,iscgem901929,2022-05-09T22:49:07.501Z,"92 km NNE of San Luis, Mexico",earthquake,,25,0.2,,reviewed,iscgem,iscgem
1939-05-01T23:57:56.090Z,32.2251667,-116.508,6,4.52,ml,4,338,0.8956,0.33,ci,ci3364976,2016-01-27T18:47:27.760Z,"38km E of Primo Tapia, B.C., MX",earthquake,10.79,31.61,0.153,13,reviewed,ci,ci
1939-05-01T23:53:09.380Z,32.0263333,-117.6841667,6,4.99,ml,4,327,0.9104,0.16,ci,ci3364975,2016-01-27T18:30:21.890Z,"70km WSW of Rosarito, B.C., MX",earthquake,5.24,31.61,0.285,14,reviewed,ci,ci
1939-05-01T21:53:18.000Z,40.2,-124.7,,4.5,ml,,,,,ushis,ushis1246,2018-06-04T20:43:44.000Z,"55 km SW of Ferndale, California",earthquake,,,,,reviewed,ushis,brk
1939-04-28T21:59:00.000Z,39,-117,,4.5,ml,,,,,ushis,ushis1245,2018-06-04T20:43:44.000Z,"24 km SSE of Kingston, Nevada",earthquake,,,,,reviewed,ushis,brk
1939-04-19T07:41:00.000Z,32.583,-117.8,16,4.5,ml,,,,,ushis,ushis1244,2018-06-04T20:43:44.000Z,"57 km WSW of La Jolla, California",earthquake,,,,,reviewed,ushis,pas
1939-02-23T09:18:46.750Z,34.9016667,-119.0118333,6,4.63,ml,6,110,0.7397,0.43,ci,ci3364903,2018-06-04T20:43:44.000Z,"9km WSW of Grapevine, CA",earthquake,1.19,31.61,0.125,14,reviewed,ci,ci
1939-01-11T22:00:00.000Z,39,-119.2,,5.5,fa,,,,,ushis,ushis1237,2018-06-04T20:43:44.000Z,"California-Nevada border region",earthquake,,,,,reviewed,ushis,woo
1939-01-07T20:21:49.320Z,35.9518333,-117.5838333,6,4.75,ml,7,218,,0.61,ci,ci3364850,2018-06-04T20:43:44.000Z,"26km NW of Searles Valley, CA",earthquake,4.38,31.61,0.131,14,reviewed,ci,ci
1938-12-03T18:41:19.420Z,37.5393333,-118.666,6,4.67,ml,6,226,,0.44,ci,ci3364813,2018-06-04T20:43:44.000Z,"27km NW of West Bishop, CA",earthquake,3.16,31.61,0.189,14,reviewed,ci,ci
1938-12-03T17:42:49.320Z,37.67,-118.6133333,6,5.45,ml,7,286,,0.45,ci,ci3364810,2018-06-04T20:43:44.000Z,"32km E of Mammoth Lakes, CA",earthquake,6.96,31.61,0.178,12,reviewed,ci,ci
1938-12-01T16:17:00.000Z,37.5,-121.8,,4.5,ml,,,,,ushis,ushis1230,2018-06-04T20:43:44.000Z,"12 km NE of Milpitas, California",earthquake,,,,,reviewed,ushis,brk
1938-11-27T00:12:39.000Z,33.3,-108.5,,4.6,lg,,,,,ushis,ushis1229,2018-06-04T20:43:44.000Z,"34 km E of Pleasanton, New Mexico",earthquake,,,,,reviewed,ushis,tag
1938-11-22T15:30:00.000Z,35.93,-120.48,,4.5,ml,,,,,ushis,ushis1228,2018-06-04T20:43:44.000Z,"5 km NW of Parkfield, California",earthquake,,,,,reviewed,ushis,pas
1938-11-01T13:53:20.000Z,39,-116,,4.5,ml,,,,,ushis,ushis1218,2018-06-04T20:43:44.000Z,"57 km S of Eureka, Nevada",earthquake,,,,,reviewed,ushis,pas
1938-10-18T05:05:00.000Z,40,-124,,4.5,ml,,,,,ushis,ushis1216,2018-06-04T20:43:44.000Z,"7 km ESE of Shelter Cove, California",earthquake,,,,,reviewed,ushis,brk
1938-09-29T23:34:57.000Z,33.3,-108.5,,4.8,lg,,,,,ushis,ushis1215,2018-06-04T20:43:44.000Z,"34 km E of Pleasanton, New Mexico",earthquake,,,,,reviewed,ushis,tag
1938-09-27T12:23:46.400Z,36.3573333,-121.2121667,6,4.9,ml,6,286,2.27,0.36,ci,ci3364767,2018-06-04T20:43:44.000Z,"5km NE of Greenfield, CA",earthquake,8.21,31.61,0.192,14,reviewed,ci,ci
1938-09-17T17:20:17.000Z,33.3,-108.5,,4.9,lg,,,,,ushis,ushis1212,2018-06-04T20:43:44.000Z,"34 km E of Pleasanton, New Mexico",earthquake,,,,,reviewed,ushis,tag
1938-09-17T14:23:05.360Z,35.6223333,-117.659,6,4.75,ml,6,188,,0.08,ci,ci3364749,2018-06-04T20:43:44.000Z,"2km E of Ridgecrest, CA",earthquake,2.31,31.61,0.113,14,reviewed,ci,ci
1938-09-17T03:34:28.300Z,35.413,-90.254,1,4.8,fa,,,,,ushis,ushis1210,2018-06-04T20:43:44.000Z,"2 km E of Gilmore, Arkansas",earthquake,,,,,reviewed,ushis,dg
1938-09-12T06:10:43.060Z,40.252,-124.574,15,5.82,mw,,,,,iscgem,iscgem902671,2022-04-25T20:58:12.328Z,"44 km SW of Ferndale, California",earthquake,,7.7,0.2,,reviewed,iscgem,iscgem
1938-09-12T06:10:00.000Z,40,-124,,5.5,ms,,,,,ushis,ushis1209,2018-06-04T20:43:44.000Z,"7 km ESE of Shelter Cove, California",earthquake,,,,,reviewed,ushis,gr
1938-08-18T07:39:44.470Z,34.818,-116.047,6,4.54,ml,5,271,1.372,0.51,ci,ci3364732,2018-06-04T20:43:44.000Z,"15km NE of Ludlow, CA",earthquake,5.99,31.61,0.142,12,reviewed,ci,ci
1938-07-31T10:37:07.000Z,38.3,-115.8,,4.5,ml,,,,,ushis,ushis1205,2018-06-04T20:43:44.000Z,"72 km N of Rachel, Nevada",earthquake,,,,,reviewed,ushis,pas
1938-07-28T00:38:30.000Z,37.6,-115.8,16,4.5,ml,,,,,ushis,ushis1204,2018-06-04T20:43:44.000Z,"7 km SW of Rachel, Nevada",earthquake,,,,,reviewed,ushis,pas
1938-07-01T18:13:00.000Z,41,-124,,5,ml,,,,,ushis,ushis1200,2018-06-04T20:43:44.000Z,"4 km NE of Fieldbrook, California",earthquake,,,,,reviewed,ushis,brk
1938-06-06T02:42:41.930Z,32.2728333,-115.1911667,6,4.92,ml,4,336,1.839,0.28,ci,ci3364641,2019-05-02T20:46:34.963Z,"5km NNW of Alberto Oviedo Mota, B.C., MX",earthquake,4.94,31.61,0.118,13,reviewed,ci,ci
1938-05-31T08:34:55.420Z,33.6993333,-117.5111667,10.19,5.23,ml,7,144,0.3144,0.36,ci,ci3364626,2018-06-04T20:43:44.000Z,"8km ENE of Trabuco Canyon, CA",earthquake,1.83,2.84,0.181,6,reviewed,ci,ci
1938-05-10T10:32:00.000Z,36.2,-121.3,,4.5,ml,,,,,ushis,ushis1194,2018-06-04T20:43:44.000Z,"14 km SSW of Greenfield, California",earthquake,,,,,reviewed,ushis,brk
1938-04-28T06:07:26.450Z,32.6,-118.2,6,4.68,ml,4,289,0.8394,0.44,ci,ci3364603,2018-06-04T20:43:44.000Z,"28km SSE of San Clemente Is. (SE tip), CA",earthquake,99,31.61,0.135,12,reviewed,ci,ci
1938-04-13T19:29:44.570Z,32.48,-115.2715,6,4.84,ml,3,332,1.715,0.35,ci,ci3364585,2019-05-02T20:46:34.240Z,"12km SE of Puebla, B.C., MX",earthquake,3.73,31.61,0.082,8,reviewed,ci,ci
1938-04-12T16:24:33.210Z,32.5603333,-115.0473333,6,4.81,ml,3,333,1.885,0.5,ci,ci3364581,2016-01-27T18:30:42.010Z,"6km W of Tecolots, B.C., MX",earthquake,6.04,31.61,0.12,9,reviewed,ci,ci
1938-02-12T20:00:14.000Z,37,-122,,4.5,ml,,,,,ushis,ushis1190,2018-06-04T20:43:44.000Z,"2 km ESE of Pasatiempo, California",earthquake,,,,,reviewed,ushis,brk
1938-01-04T00:29:00.000Z,33.466,-116.583,16,4.5,ml,,,,,ushis,ushis1188,2018-06-04T20:43:44.000Z,"12 km SE of Anza, California",earthquake,,,,,reviewed,ushis,pas
1937-11-19T00:50:20.000Z,42.1,-113.9,,5.4,ml,,,,,ushis,ushis1186,2018-06-04T20:43:44.000Z,"15 km S of Oakley, Idaho",earthquake,,,,,reviewed,ushis,sjg
1937-10-27T15:53:00.000Z,36.6,-121.5,,4.5,ml,,,,,ushis,ushis1184,2018-06-04T20:43:44.000Z,"3 km NNE of Chualar, California",earthquake,,,,,reviewed,ushis,brk
1937-08-19T07:03:46.310Z,38.0001667,-118.5861667,6,4.6,ml,3,349,0.9858,0.84,ci,ci3364362,2019-05-02T20:46:33.596Z,"53km NE of Mammoth Lakes, CA",earthquake,66.23,31.61,0.191,11,reviewed,ci,ci
1937-08-06T03:24:00.000Z,38.8,-120.1,,4.5,ml,,,,,ushis,ushis1178,2018-06-04T20:43:44.000Z,"11 km NNW of Kirkwood, California",earthquake,,,,,reviewed,ushis,brk
1937-06-18T09:07:26.000Z,41.25,-120,,5.25,ms,,,,,ushis,ushis1174,2018-06-04T20:43:44.000Z,"12 km SE of Eagleville, California",earthquake,,,,,reviewed,ushis,gr
1937-05-25T05:35:20.000Z,41.5,-119.8,,4.6,ml,,,,,ushis,ushis1173,2018-06-04T20:43:44.000Z,"31 km E of Cedarville, California",earthquake,,,,,reviewed,ushis,jon
1937-04-25T04:27:48.000Z,39,-117,,4.5,ml,,,,,ushis,ushis1170,2018-06-04T20:43:44.000Z,"24 km SSE of Kingston, Nevada",earthquake,,,,,reviewed,ushis,brk
1937-03-27T07:42:00.000Z,33.466,-116.583,16,4.5,ml,,,,,ushis,ushis1169,2018-06-04T20:43:44.000Z,"12 km SE of Anza, California",earthquake,,,,,reviewed,ushis,pas
1937-03-25T16:49:02.180Z,33.4,-116.25,6,6,ml,5,264,0.9981,0.58,ci,ci3364162,2022-04-25T21:07:02.596Z,"16km WSW of Oasis, CA",earthquake,99,31.61,0.051,5,reviewed,ci,ci
1937-03-09T05:44:35.500Z,40.47,-84.28,3,5.4,fa,,,,,ushis,ushis1166,2018-06-04T20:43:44.000Z,"3 km NNW of Kettlersville, Ohio",earthquake,,,,,reviewed,ushis,sc
1937-03-08T10:31:12.000Z,37.8,-122.2,,4.5,ml,,,,,ushis,ushis1165,2018-06-04T20:43:44.000Z,"3 km SE of Piedmont, California",earthquake,,,,,reviewed,ushis,brk
1937-03-05T12:47:00.000Z,36.7,-121.7,,4.5,ml,,,,,ushis,ushis1164,2018-06-04T20:43:44.000Z,"2 km W of Boronda, California",earthquake,,,,,reviewed,ushis,brk
1937-03-02T14:47:33.300Z,40.488,-84.273,2,5,fa,,,,,ushis,ushis1163,2018-06-04T20:43:44.000Z,"3 km E of New Knoxville, Ohio",earthquake,,,,,reviewed,ushis,sc
1937-02-27T01:29:17.570Z,31.7801667,-116.5991667,6,4.9,ml,5,346,1.214,0.45,ci,ci3364128,2016-01-27T18:52:16.960Z,"8km NNW of Maneadero, B.C., MX",earthquake,8.36,31.61,0.083,12,reviewed,ci,ci
1937-02-19T23:06:00.000Z,38,-118,,4.5,ml,,,,,ushis,ushis1162,2018-06-04T20:43:44.000Z,"37 km N of Dyer, Nevada",earthquake,,,,,reviewed,ushis,brk
1937-02-19T09:09:10.000Z,38.3,-118.3,,5,ml,,,,,ushis,ushis1161,2018-06-04T20:43:44.000Z,"19 km WSW of Mina, Nevada",earthquake,,,,,reviewed,ushis,brk
1937-02-17T03:33:00.000Z,36.7,-121.2,,4.5,ml,,,,,ushis,ushis1160,2018-06-04T20:43:44.000Z,"14 km SE of Tres Pinos, California",earthquake,,,,,reviewed,ushis,brk
1936-11-18T18:02:15.210Z,34.1851667,-120.807,6,4.54,ml,3,343,0.9392,0.4,ci,ci3363970,2018-06-04T20:43:44.000Z,"44km WNW of San Miguel Is., CA",earthquake,8.79,31.61,0.151,14,reviewed,ci,ci
1936-09-22T10:39:07.000Z,40.43,-117.28,,4.7,ml,,,,,ushis,ushis1153,2018-06-04T20:43:44.000Z,"37 km SW of Battle Mountain, Nevada",earthquake,,,,,reviewed,ushis,sjg
1936-09-21T07:31:00.000Z,40.25,-117.38,,4.5,ml,,,,,ushis,ushis1152,2018-06-04T20:43:44.000Z,"57 km SW of Battle Mountain, Nevada",earthquake,,,,,reviewed,ushis,pas
1936-09-21T06:20:00.000Z,38,-113.3,,4.7,ml,,,,,ushis,ushis1151,2018-06-04T20:43:44.000Z,"34 km NW of Enoch, Utah",earthquake,,,,,reviewed,ushis,jon
1936-09-07T11:48:00.000Z,36,-114.8,,4.5,uk,,,,,ushis,ushis1149,2018-06-04T20:43:44.000Z,"3 km NE of Boulder City, Nevada",earthquake,,,,,reviewed,ushis,sjg
1936-07-16T07:07:49.970Z,46.031,-118.429,10,5.99,mw,,,,,iscgem,iscgem903747,2022-04-25T21:25:13.389Z,"3 km SW of Garrett, Washington",earthquake,,5.8,0.2,,reviewed,iscgem,iscgem
1936-07-02T16:29:00.000Z,39.2,-117.5,,5,fa,,,,,ushis,ushis1147,2018-06-04T20:43:44.000Z,"37 km W of Kingston, Nevada",earthquake,,,,,reviewed,ushis,woo
1936-05-27T19:55:00.000Z,36.5,-121.17,,4.5,ml,,,,,ushis,ushis1144,2018-06-04T20:43:44.000Z,"Central California",earthquake,,,,,reviewed,ushis,brk
1936-05-10T17:40:13.020Z,37.6115,-118.4156667,6,4.78,ml,5,326,0.5756,0.22,ci,ci3363601,2018-06-04T20:43:44.000Z,"25km N of Dixon Lane-Meadow Creek, CA",earthquake,19.76,31.61,0.103,12,reviewed,ci,ci
1936-05-09T20:20:40.000Z,40.5,-121.65,,4.5,ml,,,,,ushis,ushis1142,2018-06-04T20:43:44.000Z,"17 km NNW of Mineral, California",earthquake,,,,,reviewed,ushis,jon
1936-05-07T11:47:00.000Z,33.133,-116.083,16,4.5,ml,,,,,ushis,ushis1140,2018-06-04T20:43:44.000Z,"21 km SSW of Salton City, California",earthquake,,,,,reviewed,ushis,pas
1936-04-29T08:50:31.480Z,31.1676667,-116.0495,6,4.66,ml,5,346,1.976,0.18,ci,ci3363579,2016-01-27T18:44:09.730Z,"78km SE of Maneadero, B.C., MX",earthquake,14.98,31.61,0.073,11,reviewed,ci,ci
1936-04-07T22:53:30.960Z,32.5,-115.05,6,4.68,ml,4,333,1.894,1.51,ci,ci3363529,2019-05-02T20:46:32.902Z,"10km SW of Tecolots, B.C., MX",earthquake,99,31.61,0.106,13,reviewed,ci,ci
1936-03-26T22:43:40.000Z,39.1,-117.9,,4.5,ml,,,,,ushis,ushis1136,2018-06-04T20:43:44.000Z,"25 km N of Gabbs, Nevada",earthquake,,,,,reviewed,ushis,sjg
1936-02-27T00:40:00.000Z,41,-119,,4.5,ml,,,,,ushis,ushis1134,2018-06-04T20:43:44.000Z,"31 km NE of Black Rock City, Nevada",earthquake,,,,,reviewed,ushis,brk
1936-02-23T22:20:42.300Z,34.0308333,-117.3231667,19.72,4.69,ml,5,243,0.0572,0.1,ci,ci3363468,2018-06-04T20:43:44.000Z,"1km WSW of Grand Terrace, CA",earthquake,3.31,2.44,0.073,9,reviewed,ci,ci
1936-01-30T18:32:00.000Z,38,-118,,4.5,ml,,,,,ushis,ushis1131,2018-06-04T20:43:44.000Z,"37 km N of Dyer, Nevada",earthquake,,,,,reviewed,ushis,brk
1936-01-14T05:29:11.000Z,39.5,-117.5,,4.6,ml,,,,,ushis,ushis1128,2018-06-04T20:43:44.000Z,"37 km W of Austin, Nevada",earthquake,,,,,reviewed,ushis,sjg
1935-12-25T17:15:00.000Z,33.6,-118.016,16,4.5,ml,,,,,ushis,ushis1127,2018-06-04T20:43:44.000Z,"6 km SSW of Huntington Beach, California",earthquake,,,,,reviewed,ushis,pas
1935-12-20T07:45:31.860Z,32.8111667,-115.2965,6,5.27,ml,5,301,1.649,0.21,ci,ci3363356,2019-05-02T20:46:32.275Z,"8km E of Holtville, CA",earthquake,2.51,31.61,0.158,11,reviewed,ci,ci
1935-11-28T14:41:48.000Z,46.6,-112,,5,ml,,,,,ushis,ushis1122,2018-06-04T20:43:44.000Z,"2 km ENE of Helena, Montana",earthquake,,,,,reviewed,ushis,kj
1935-11-04T03:55:54.710Z,33.5068333,-116.6666667,6,4.83,ml,5,268,0.7644,0.26,ci,ci3363281,2019-05-02T20:46:31.671Z,"5km S of Anza, CA",earthquake,3.06,31.61,0.084,13,reviewed,ci,ci
1935-11-01T06:03:37.730Z,46.739,-79.024,15,6.17,mw,,,,,iscgem,iscgem904623,2022-04-25T21:37:49.441Z,"2 km ESE of Notre-Dame-du-Lac, Canada",earthquake,,25,0.2,,reviewed,iscgem,iscgem
1935-10-31T18:37:52.610Z,46.542,-111.849,10,5.93,mw,,,,,iscgem,iscgem904621,2022-04-25T21:37:48.282Z,"6 km E of Montana City, Montana",earthquake,,0.7,0.3,,reviewed,iscgem,iscgem
1935-10-29T10:17:26.410Z,31.7313333,-117.5865,6,5.03,ml,5,336,1.163,0.14,ci,ci3363275,2016-01-27T18:32:15.840Z,"83km SW of Primo Tapia, B.C., MX",earthquake,4.65,31.61,0.151,11,reviewed,ci,ci
1935-10-24T14:52:22.210Z,34.1211667,-116.7383333,6,4.61,ml,3,341,0.5441,0.37,ci,ci3363245,2019-05-02T20:46:30.869Z,"17km WNW of Morongo Valley, CA",earthquake,5.12,31.61,0.083,11,reviewed,ci,ci
1935-10-24T14:51:05.360Z,34.0423333,-116.7286667,6,4.51,ml,4,281,0.5394,0.18,ci,ci3363261,2018-06-04T20:43:44.000Z,"14km W of Morongo Valley, CA",earthquake,1.78,31.61,0.069,11,reviewed,ci,ci
1935-10-24T14:48:07.510Z,34.1061667,-116.6993333,6,4.88,ml,6,223,0.5725,0.43,ci,ci3363244,2018-06-04T20:43:44.000Z,"13km WNW of Morongo Valley, CA",earthquake,4.04,31.61,0.168,11,reviewed,ci,ci
1935-10-19T04:48:06.210Z,46.591,-111.651,15,6.13,mw,,,,,iscgem,iscgem904601,2022-04-25T21:37:41.277Z,"12 km N of Winston, Montana",earthquake,,25,0.3,,reviewed,iscgem,iscgem
1935-10-12T07:50:39.000Z,46.6,-112,5,5.9,fa,,,,,ushis,ushis1109,2018-06-04T20:43:44.000Z,"2 km ENE of Helena, Montana",earthquake,,,,,reviewed,ushis,mmt
1935-10-11T14:06:06.190Z,33.0186667,-115.6445,6,4.62,ml,4,291,1.362,0.45,ci,ci3363228,2018-06-04T20:43:44.000Z,"3km SW of Westmorland, CA",earthquake,3.72,31.61,0.124,13,reviewed,ci,ci
1935-09-08T17:03:45.750Z,32.6076667,-115.4303333,6,4.58,ml,4,329,1.558,0.33,ci,ci3363166,2019-05-02T20:46:30.183Z,"6km SE of Mexicali, B.C., MX",earthquake,3.36,31.61,0.163,12,reviewed,ci,ci
1935-09-08T14:40:02.300Z,32.659,-115.2458333,6,4.52,ml,4,330,1.704,0.67,ci,ci3363165,2018-06-04T20:43:44.000Z,"15km NE of Puebla, B.C., MX",earthquake,6.04,31.61,0.148,11,reviewed,ci,ci
1935-07-13T10:54:18.040Z,34.1106667,-117.892,2.66,4.57,ml,5,155,0.1781,0.39,ci,ci3363080,2018-06-04T20:43:44.000Z,"0km S of Citrus, CA",earthquake,3.09,1.79,0.114,8,reviewed,ci,ci
1935-06-19T09:55:00.000Z,37.25,-118.5,16,4.5,ml,,,,,ushis,ushis1099,2018-06-04T20:43:44.000Z,"10 km WSW of Wilkerson, California",earthquake,,,,,reviewed,ushis,pas
1935-06-03T17:08:00.000Z,41,-124,,5,ml,,,,,ushis,ushis1098,2018-06-04T20:43:44.000Z,"4 km NE of Fieldbrook, California",earthquake,,,,,reviewed,ushis,brk
1935-04-29T20:08:09.270Z,31.5938333,-116.4621667,6,5.06,ml,4,349,1.433,0.17,ci,ci3362926,2016-01-27T18:53:20.590Z,"17km SE of Maneadero, B.C., MX",earthquake,9.87,31.61,0.077,9,reviewed,ci,ci
1935-03-01T11:00:00.000Z,40.3,-96.2,,4.6,fa,,,,,ushis,ushis1096,2018-06-04T20:43:44.000Z,"6 km WNW of Elk Creek, Nebraska",earthquake,,,,,reviewed,ushis,sc
1935-02-24T01:44:57.990Z,31.784,-114.801,6,5.65,ml,4,342,2.339,0.48,ci,ci3362764,2020-07-09T21:39:41.092Z,"49km SSE of Estacion Coahuila, B.C., MX",earthquake,99,31.61,0.172,11,reviewed,ci,ci
1935-01-21T00:08:49.000Z,38.5,-117.9,,4.6,ml,,,,,ushis,ushis1092,2018-06-04T20:43:44.000Z,"21 km ENE of Mina, Nevada",earthquake,,,,,reviewed,ushis,sjg
1934-12-31T18:45:43.920Z,32.18,-115.1755,6,6.42,ml,5,318,1.884,0.32,ci,ci3362656,2022-04-25T21:50:50.418Z,"5km S of Alberto Oviedo Mota, B.C., MX",earthquake,23.53,31.61,0.08,4,reviewed,ci,ci
1934-12-30T14:30:10.610Z,32.25,-115,6,4.64,ml,5,329,2.645,3.69,ci,ci3362653,2016-01-27T18:49:58.320Z,"6km N of Estacion Coahuila, B.C., MX",earthquake,99,31.61,0.141,10,reviewed,ci,ci
1934-12-30T13:52:02.690Z,32,-114.9,6,6.33,ml,6,322,2.169,1.23,ci,ci3362651,2022-04-25T21:50:49.286Z,"24km SSE of Estacion Coahuila, B.C., MX",earthquake,99,31.61,0.032,7,reviewed,ci,ci
1934-12-24T16:26:00.530Z,35.8806667,-120.7141667,6,4.77,ml,5,268,1.654,0.54,ci,ci3362641,2018-06-04T20:43:44.000Z,"14km N of San Miguel, CA",earthquake,4.61,31.61,0.158,13,reviewed,ci,ci
1934-12-17T11:09:58.900Z,34.45,-120.65,6,4.65,ml,5,278,0.7728,1.07,ci,ci3362620,2018-06-04T20:43:44.000Z,"27km SW of Lompoc, CA",earthquake,99,31.61,0.308,11,reviewed,ci,ci
1934-12-15T17:00:10.000Z,40.6,-124.2,,4.8,ml,,,,,ushis,ushis1083,2018-06-04T20:43:44.000Z,"3 km W of Fortuna, California",earthquake,,,,,reviewed,ushis,jon
1934-12-04T06:17:46.000Z,38.4,-118.5,,4.5,ml,,,,,ushis,ushis1082,2018-06-04T20:43:44.000Z,"17 km SE of Hawthorne, Nevada",earthquake,,,,,reviewed,ushis,sjg
1934-12-03T01:54:20.160Z,35.943,-121.3161667,6,4.53,ml,6,287,1.992,0.64,ci,ci3362600,2019-05-02T20:46:28.867Z,"34km SSW of King City, CA",earthquake,5.02,31.61,0.193,14,reviewed,ci,ci
1934-11-25T08:18:29.190Z,31.5008333,-116.0736667,6,5.1,ml,6,341,1.687,0.26,ci,ci3366201,2016-01-27T18:28:38.600Z,"52km ESE of Maneadero, B.C., MX",earthquake,99,31.61,0.11,10,reviewed,ci,ci
1934-11-17T17:42:00.000Z,40.5,-124.08,,5,ml,,,,,ushis,ushis1080,2018-06-04T20:43:44.000Z,"2 km E of Rio Dell, California",earthquake,,,,,reviewed,ushis,jon
1934-10-29T02:34:47.720Z,26.051,-110.247,15,6.13,mw,,,,,iscgem,iscgem905238,2022-04-25T21:49:37.047Z,"92 km W of El Aguajito, Mexico",earthquake,,9.4,0.2,,reviewed,iscgem,iscgem
1934-08-20T00:47:27.000Z,36.95,-89.2,,4.7,fa,,,,,ushis,ushis1077,2018-06-04T20:43:44.000Z,"3 km NE of Wilson City, Missouri",earthquake,,,,,reviewed,ushis,sc
1934-06-14T19:26:00.000Z,35.8,-120.33,16,4.5,ml,,,,,ushis,ushis1070,2018-06-04T20:43:44.000Z,"14 km SE of Parkfield, California",earthquake,,,,,reviewed,ushis,pas
1934-06-08T05:42:00.000Z,35.8,-120.33,16,4.5,ml,,,,,ushis,ushis1069,2018-06-04T20:43:44.000Z,"14 km SE of Parkfield, California",earthquake,,,,,reviewed,ushis,pas
1934-06-08T04:47:45.100Z,35.8463333,-120.6663333,6,5.84,ml,7,267,1.605,0.84,ci,ci3362218,2022-04-25T21:45:28.456Z,"11km NNE of San Miguel, CA",earthquake,7.93,31.61,0.155,7,reviewed,ci,ci
1934-06-08T04:30:20.790Z,35.8705,-120.6936667,6,5.09,ml,6,268,1.636,0.48,ci,ci3362223,2019-05-02T20:46:27.709Z,"13km N of San Miguel, CA",earthquake,5.87,31.61,0.276,14,reviewed,ci,ci
1934-06-06T22:14:00.000Z,40,-121,,4.5,ml,,,,,ushis,ushis1066,2018-06-04T20:43:44.000Z,"3 km WSW of Keddie, California",earthquake,,,,,reviewed,ushis,brk
1934-06-05T21:49:17.930Z,35.8176667,-120.524,6,4.81,ml,5,262,1.525,0.48,ci,ci3362210,2019-05-02T20:46:27.042Z,"12km SW of Parkfield, CA",earthquake,9,31.61,0.204,10,reviewed,ci,ci
1934-05-06T08:09:49.000Z,41.5,-113,,5.5,ms,,,,,ushis,ushis1061,2018-06-04T20:43:44.000Z,"56 km SW of Howell, Utah",earthquake,,,,,reviewed,ushis,gr
1934-04-22T11:24:00.000Z,38,-118,,4.6,ml,,,,,ushis,ushis1058,2018-06-04T20:43:44.000Z,"37 km N of Dyer, Nevada",earthquake,,,,,reviewed,ushis,sjg
1934-04-21T23:22:00.000Z,39,-117,,4.5,ml,,,,,ushis,ushis1057,2018-06-04T20:43:44.000Z,"24 km SSE of Kingston, Nevada",earthquake,,,,,reviewed,ushis,brk
1934-04-15T12:09:00.000Z,38,-115,,5,fa,,,,,ushis,ushis1056,2018-06-04T20:43:44.000Z,"48 km W of Pioche, Nevada",earthquake,,,,,reviewed,ushis,woo
1934-04-15T02:58:13.000Z,44.7,-73.8,,4.5,ml,,,,,ushis,ushis1055,2018-06-04T20:43:44.000Z,"6 km WSW of Dannemora, New York",earthquake,,,,,reviewed,ushis,epb
1934-04-14T21:26:32.000Z,41.5,-112.5,,5.25,ms,,,,,ushis,ushis1054,2018-06-04T20:43:44.000Z,"27 km SW of Thatcher, Utah",earthquake,,,,,reviewed,ushis,gr
1934-04-07T02:16:00.000Z,41.5,-111.5,,5.5,ml,,,,,ushis,ushis1053,2018-06-04T20:43:44.000Z,"26 km E of Avon, Utah",earthquake,,,,,reviewed,ushis,jon
1934-04-02T08:05:00.000Z,38,-118,,4.5,ml,,,,,ushis,ushis1052,2018-06-04T20:43:44.000Z,"37 km N of Dyer, Nevada",earthquake,,,,,reviewed,ushis,pas
1934-03-31T00:11:48.000Z,38.1,-116.3,,4.5,ml,,,,,ushis,ushis1051,2018-06-04T20:43:44.000Z,"70 km NW of Rachel, Nevada",earthquake,,,,,reviewed,ushis,sjg
1934-03-30T16:26:00.000Z,37.67,-115.33,16,4.9,ml,,,,,ushis,ushis1050,2018-06-04T20:43:44.000Z,"12 km NW of Hiko, Nevada",earthquake,,,,,reviewed,ushis,jon
1934-03-28T09:37:00.000Z,37.3,-116.6,,4.5,ml,,,,,ushis,ushis1049,2018-06-04T20:43:44.000Z,"45 km NNE of Beatty, Nevada",earthquake,,,,,reviewed,ushis,sjg
1934-03-19T10:40:57.000Z,38.35,-117.88,,4.5,ml,,,,,ushis,ushis1048,2018-06-04T20:43:44.000Z,"20 km ESE of Mina, Nevada",earthquake,,,,,reviewed,ushis,jon
1934-03-15T13:46:00.000Z,41.5,-112.5,,4.8,ml,,,,,ushis,ushis1047,2018-06-04T20:43:44.000Z,"27 km SW of Thatcher, Utah",earthquake,,,,,reviewed,ushis,jon
1934-03-15T12:01:00.000Z,41.5,-112.5,,5.1,ml,,,,,ushis,ushis1046,2018-06-04T20:43:44.000Z,"27 km SW of Thatcher, Utah",earthquake,,,,,reviewed,ushis,jon
1934-03-13T16:20:19.000Z,38,-118,,4.7,ml,,,,,ushis,ushis1045,2018-06-04T20:43:44.000Z,"37 km N of Dyer, Nevada",earthquake,,,,,reviewed,ushis,jon
1934-03-12T18:20:16.880Z,41.531,-112.681,15,5.86,mw,,,,,iscgem,iscgem904838,2022-04-25T21:43:23.658Z,"35 km SSW of Howell, Utah",earthquake,,25,0.3,,reviewed,iscgem,iscgem
1934-03-12T18:12:00.000Z,41.5,-112.5,,5.1,ml,,,,,ushis,ushis1043,2018-06-04T20:43:44.000Z,"27 km SW of Thatcher, Utah",earthquake,,,,,reviewed,ushis,jon
1934-03-12T17:29:00.000Z,41.5,-112.5,,4.8,ml,,,,,ushis,ushis1042,2018-06-04T20:43:44.000Z,"27 km SW of Thatcher, Utah",earthquake,,,,,reviewed,ushis,jon
1934-03-12T15:05:48.000Z,41.658,-112.795,8.5,6.6,mw,,,,,uu,uu19340312150548000,2024-01-30T06:47:01.211Z,"The 1934 Hansel Valley, Utah Earthquake",earthquake,,,,,reviewed,uu,uu
1934-03-02T21:30:23.430Z,33.1268333,-115.8256667,6,4.62,ml,2,314,1.229,0.3,ci,ci3362026,2019-05-02T20:46:26.397Z,"22km WNW of Westmorland, CA",earthquake,3.38,31.61,0.024,14,reviewed,ci,ci
1934-02-20T05:36:59.000Z,38.3,-118.4,,4.8,ml,,,,,ushis,ushis1039,2024-02-04T01:59:09.213Z,"Excelsior Mountains, Nevada (Aftershock)",earthquake,,,,,reviewed,ushis,sjg
1934-02-16T01:54:53.000Z,38.3,-118.4,,4.8,ml,,,,,ushis,ushis1038,2024-02-04T01:52:55.630Z,"Excelsior Mountains, Nevada (Aftershock)",earthquake,,,,,reviewed,ushis,sjg
1934-02-12T22:00:54.000Z,38.3,-118.4,,4.7,ml,,,,,ushis,ushis1037,2024-02-04T01:45:52.363Z,"Excelsior Mountains, Nevada (Aftershock)",earthquake,,,,,reviewed,ushis,sjg
1934-02-10T13:13:46.000Z,38.3,-118.4,,4.5,ml,,,,,ushis,ushis1036,2024-02-04T01:34:19.365Z,"Excelsior Mountains, Nevada (Aftershock)",earthquake,,,,,reviewed,ushis,sjg
1934-02-09T09:20:34.000Z,38.3,-118.4,,5.5,ml,,,,,ushis,ushis1035,2024-02-04T01:21:15.853Z,"Excelsior Mountains, Nevada (Aftershock)",earthquake,,,,,reviewed,ushis,pas
1934-02-03T16:31:00.000Z,38.3,-118.4,,4.5,ml,,,,,ushis,ushis1034,2024-02-03T23:40:23.335Z,"Excelsior Mountains, Nevada (Aftershock)",earthquake,,,,,reviewed,ushis,pas
1934-02-01T18:34:44.000Z,38.3,-118.4,,4.5,ml,,,,,ushis,ushis1033,2024-02-03T23:25:40.108Z,"Excelsior Mountains, Nevada (Aftershock)",earthquake,,,,,reviewed,ushis,sjg
1934-02-01T13:20:45.000Z,38.3,-118.4,,4.5,ml,,,,,ushis,ushis1032,2024-02-03T01:19:25.423Z,"Excelsior Mountains, Nevada (Aftershock)",earthquake,,,,,reviewed,ushis,sjg
1934-02-01T12:10:23.000Z,38.3,-118.4,,4.5,ml,,,,,ushis,ushis1031,2024-02-03T01:03:00.190Z,"Excelsior Mountains, Nevada (Aftershock)",earthquake,,,,,reviewed,ushis,sjg
1934-02-01T11:45:54.000Z,38.3,-118.4,,5.4,ml,,,,,ushis,ushis1030,2024-02-03T00:50:42.341Z,"Excelsior Mountains, Nevada (Aftershock)",earthquake,,,,,reviewed,ushis,sjg
1934-02-01T11:18:51.000Z,38.5,-118.25,,5.2,ml,,,,,ushis,ushis1029,2024-02-03T00:38:52.556Z,"Excelsior Mountains, Nevada (Aftershock)",earthquake,,,,,reviewed,ushis,sjg
1934-02-01T11:00:54.000Z,38.3,-118.4,,5,ml,,,,,ushis,ushis1028,2024-02-03T00:37:36.960Z,"Excelsior Mountains, Nevada (Aftershock)",earthquake,,,,,reviewed,ushis,sjg
1934-01-31T14:26:39.000Z,38.3,-118.4,,4.6,ml,,,,,ushis,ushis1027,2024-01-31T01:24:12.374Z,"Excelsior Mountains, Nevada (Aftershock)",earthquake,,,,,reviewed,ushis,sjg
1934-01-31T03:54:49.000Z,38.3,-118.4,,5,ml,,,,,ushis,ushis1026,2024-01-31T01:10:07.039Z,"Excelsior Mountains, Nevada (Aftershock)",earthquake,,,,,reviewed,ushis,sjg
1934-01-31T00:24:22.000Z,38.3,-118.4,,5,ml,,,,,ushis,ushis1025,2024-01-31T00:39:07.644Z,"Excelsior Mountains, Nevada (Aftershock)",earthquake,,,,,reviewed,ushis,sjg
1934-01-30T23:39:38.000Z,38.3,-118.4,,5.4,ml,,,,,ushis,ushis1024,2024-01-31T00:36:17.109Z,"Excelsior Mountains, Nevada (Aftershock)",earthquake,,,,,reviewed,ushis,sjg
1934-01-30T21:04:23.000Z,38.3,-118.4,,4.9,ml,,,,,ushis,ushis1023,2024-01-31T00:33:52.908Z,"Excelsior Mountains, Nevada (Aftershock)",earthquake,,,,,reviewed,ushis,sjg
1934-01-30T20:34:00.000Z,38.3,-118.4,,4.5,ml,,,,,ushis,ushis1022,2024-01-31T00:28:00.678Z,"Excelsior Mountains, Nevada (Aftershock)",earthquake,,,,,reviewed,ushis,jon
1934-01-30T20:16:31.000Z,38.28,-118.36,,6.3,mw,,,,,ushis,ushis1021,2024-01-30T08:43:17.864Z,"The 1934 Excelsior Mountains, Nevada Earthquake",earthquake,,,,,reviewed,ushis,cdmg
1934-01-30T19:23:29.000Z,38.3,-118.4,,5.63,mw,,,,,ushis,ushis1020,2024-01-31T00:22:26.503Z,"Excelsior Mountains, Nevada (Foreshock)",earthquake,,,,,reviewed,ushis,iscgem
1934-01-20T21:17:00.000Z,33.616,-118.116,16,4.5,ml,,,,,ushis,ushis1019,2018-06-04T20:43:44.000Z,"11 km WSW of Huntington Beach, California",earthquake,,,,,reviewed,ushis,pas
1934-01-09T14:10:00.000Z,34.1,-117.683,16,4.5,ml,,,,,ushis,ushis1017,2018-06-04T20:43:44.000Z,"2 km NNE of Montclair, California",earthquake,,,,,reviewed,ushis,pas
1934-01-04T21:53:00.000Z,32.7,-115.116,16,4.5,ml,,,,,ushis,ushis1016,2018-06-04T20:43:44.000Z,"9 km NNW of Ejido Netzahualcóyotl, Mexico",earthquake,,,,,reviewed,ushis,pas
1933-12-13T15:34:37.000Z,37.2,-122,,5,uk,,,,,ushis,ushis1015,2018-06-04T20:43:44.000Z,"3 km SW of Los Gatos, California",earthquake,,,,,reviewed,ushis,jon
1933-10-27T10:58:54.000Z,38.9,-117.6,,5.5,ml,,,,,ushis,ushis1013,2018-06-04T20:43:44.000Z,"28 km E of Gabbs, Nevada",earthquake,,,,,reviewed,ushis,sjg
1933-10-02T09:10:18.920Z,33.8218333,-118.1638333,6,4.75,ml,6,222,0.3258,0.5,ci,ci3361375,2018-06-04T20:43:44.000Z,"2km N of Signal Hill, CA",earthquake,3.47,31.61,0.315,7,reviewed,ci,ci
1933-09-28T11:53:00.000Z,40.08,-123.92,,4.6,uk,,,,,ushis,ushis1009,2018-06-04T20:43:44.000Z,"9 km WSW of Redway, California",earthquake,,,,,reviewed,ushis,jon
1933-08-06T03:32:32.200Z,33.2725,-116.1936667,6,4.64,ml,3,299,0.9795,0.38,ci,ci3361104,2019-05-02T20:46:25.151Z,"16km NNW of Ocotillo Wells, CA",earthquake,6.08,31.61,0.028,5,reviewed,ci,ci
1933-07-21T03:07:00.000Z,38.42,-118.16,,4.7,ml,,,,,ushis,ushis1002,2018-06-04T20:43:44.000Z,"5 km NW of Mina, Nevada",earthquake,,,,,reviewed,ushis,sjg
1933-07-21T02:55:00.000Z,38.45,-118.16,,4.7,ml,,,,,ushis,ushis1001,2018-06-04T20:43:44.000Z,"7 km NW of Mina, Nevada",earthquake,,,,,reviewed,ushis,sjg
1933-07-17T20:57:14.000Z,39.2,-118.15,,4.6,ml,,,,,ushis,ushis996,2018-06-04T20:43:44.000Z,"41 km NNW of Gabbs, Nevada",earthquake,,,,,reviewed,ushis,sjg
1933-06-25T20:45:28.990Z,39.177,-119.32,15,6.08,mw,,,,,iscgem,iscgem905662,2022-04-25T21:56:02.026Z,"22 km SSE of Stagecoach, Nevada",earthquake,,2.9,0.2,,reviewed,iscgem,iscgem
1933-06-22T12:36:29.520Z,37.7068333,-118.4003333,6,4.58,ml,3,327,0.6654,0.65,ci,ci3360802,2018-06-04T20:43:44.000Z,"36km N of Dixon Lane-Meadow Creek, CA",earthquake,50.92,31.61,0.177,14,reviewed,ci,ci
1933-06-16T00:57:09.070Z,25.993,-112.135,15,5.67,mw,,,,,iscgem,iscgem905642,2022-04-25T21:55:39.057Z,"78 km W of Loreto, Mexico",earthquake,,25,0.2,,reviewed,iscgem,iscgem
1933-06-11T08:34:31.000Z,38.8,-117.5,,5.2,ml,,,,,ushis,ushis988,2018-06-04T20:43:44.000Z,"37 km ESE of Gabbs, Nevada",earthquake,,,,,reviewed,ushis,sjg
1933-06-04T14:08:22.000Z,38.5,-118.16,16,5.2,ml,,,,,ushis,ushis987,2018-06-04T20:43:44.000Z,"12 km NNW of Mina, Nevada",earthquake,,,,,reviewed,ushis,sjg
1933-05-16T11:45:26.000Z,37.6,-122,,4.5,ml,,,,,ushis,ushis986,2018-06-04T20:43:44.000Z,"1 km ENE of Union City, California",earthquake,,,,,reviewed,ushis,brk
1933-05-09T09:46:25.000Z,38.5,-117.9,,5.1,ml,,,,,ushis,ushis985,2018-06-04T20:43:44.000Z,"21 km ENE of Mina, Nevada",earthquake,,,,,reviewed,ushis,sjg
1933-04-30T16:16:50.000Z,39.8,-118.1,,4.5,ml,,,,,ushis,ushis983,2018-06-04T20:43:44.000Z,"52 km SE of Lovelock, Nevada",earthquake,,,,,reviewed,ushis,sjg
1933-04-07T00:17:56.000Z,38,-118,,4.5,ml,,,,,ushis,ushis980,2018-06-04T20:43:44.000Z,"37 km N of Dyer, Nevada",earthquake,,,,,reviewed,ushis,sjg
1933-03-15T11:13:19.420Z,33.7138333,-118.0016667,6,4.66,ml,6,155,0.4558,0.41,ci,ci3359974,2018-06-04T20:43:44.000Z,"2km N of Huntington Beach, CA",earthquake,2.38,31.61,0.199,6,reviewed,ci,ci
1933-03-14T19:02:36.100Z,33.6875,-118.0185,8,4.76,ml,6,158,0.477,0.13,ci,ci3359963,2019-05-02T20:46:24.522Z,"2km WSW of Huntington Beach, CA",earthquake,0.72,31.61,0.278,6,reviewed,ci,ci
1933-03-14T12:19:00.000Z,33.75,-118.083,16,4.5,ml,,,,,ushis,ushis975,2018-06-04T20:43:44.000Z,"2 km ENE of Seal Beach, California",earthquake,,,,,reviewed,ushis,pas
1933-03-13T13:18:14.050Z,33.7408333,-118.0011667,6,4.78,ml,6,153,0.4304,0.24,ci,ci3359943,2018-06-04T20:43:44.000Z,"2km SSE of Westminster, CA",earthquake,0.85,31.61,0.37,4,reviewed,ci,ci
1933-03-13T04:32:00.000Z,33.75,-118.083,16,4.7,ml,,,,,ushis,ushis973,2018-06-04T20:43:44.000Z,"2 km ENE of Seal Beach, California",earthquake,,,,,reviewed,ushis,pas
1933-03-12T23:54:00.000Z,33.75,-118.083,16,4.5,ml,,,,,ushis,ushis972,2018-06-04T20:43:44.000Z,"2 km ENE of Seal Beach, California",earthquake,,,,,reviewed,ushis,pas
1933-03-12T20:44:20.000Z,38.8,-117.6,,5,ml,,,,,ushis,ushis971,2018-06-04T20:43:44.000Z,"28 km ESE of Gabbs, Nevada",earthquake,,,,,reviewed,ushis,sjg
1933-03-12T17:38:00.000Z,33.75,-118.083,16,4.5,ml,,,,,ushis,ushis970,2018-06-04T20:43:44.000Z,"2 km ENE of Seal Beach, California",earthquake,,,,,reviewed,ushis,pas
1933-03-12T06:16:00.000Z,33.75,-118.083,16,4.6,ml,,,,,ushis,ushis969,2018-06-04T20:43:44.000Z,"2 km ENE of Seal Beach, California",earthquake,,,,,reviewed,ushis,pas
1933-03-11T16:54:29.180Z,33.7285,-117.9995,6,4.54,ml,5,155,0.4425,0.27,ci,ci3359872,2019-05-02T20:46:23.809Z,"4km S of Westminster, CA",earthquake,0.96,31.61,0.068,2,reviewed,ci,ci
1933-03-11T14:57:00.000Z,33.883,-118.316,16,4.9,ml,,,,,ushis,ushis967,2018-06-04T20:43:44.000Z,"0 km SW of Gardena, California",earthquake,,,,,reviewed,ushis,pas
1933-03-11T14:25:00.000Z,33.85,-118.266,16,5,ml,,,,,ushis,ushis966,2018-06-04T20:43:44.000Z,"2 km NE of Carson, California",earthquake,,,,,reviewed,ushis,pas
1933-03-11T11:04:00.000Z,33.75,-118.133,16,4.6,ml,,,,,ushis,ushis965,2018-06-04T20:43:44.000Z,"2 km WNW of Seal Beach, California",earthquake,,,,,reviewed,ushis,pas
1933-03-11T09:10:58.000Z,33.7571667,-117.9435,6,4.83,mh,5,150,0.4337,0.53,ci,ci3359827,2019-05-02T20:46:23.143Z,"3km SSE of Garden Grove, CA",earthquake,2.2,31.61,,1,reviewed,ci,ci
1933-03-11T08:55:39.050Z,33.701,-118.0033333,6,4.86,mh,5,156,0.4676,0.42,ci,ci3359825,2019-05-02T20:46:22.421Z,"1km NNW of Huntington Beach, CA",earthquake,1.64,31.61,,1,reviewed,ci,ci
1933-03-11T08:08:00.000Z,33.75,-118.083,16,4.5,ml,,,,,ushis,ushis962,2018-06-04T20:43:44.000Z,"2 km ENE of Seal Beach, California",earthquake,,,,,reviewed,ushis,pas
1933-03-11T06:58:44.390Z,33.6238333,-118.0011667,6,5.29,mh,5,161,0.542,0.38,ci,ci3359813,2019-05-02T20:46:21.765Z,"7km W of Newport Beach, CA",earthquake,2.41,31.61,,1,reviewed,ci,ci
1933-03-11T05:18:47.510Z,33.7666667,-117.985,6,5.02,mh,4,151,0.411,0.39,ci,ci3359797,2019-05-02T20:46:21.056Z,"2km ENE of Westminster, CA",earthquake,1.6,31.61,,1,reviewed,ci,ci
1933-03-11T05:13:00.000Z,33.75,-118.083,16,4.7,ml,,,,,ushis,ushis959,2018-06-04T20:43:44.000Z,"2 km ENE of Seal Beach, California",earthquake,,,,,reviewed,ushis,pas
1933-03-11T05:11:02.840Z,33.7556667,-118.0201667,6,4.9,mh,6,153,0.4114,0.5,ci,ci3359790,2019-05-02T20:46:20.380Z,"1km WSW of Westminster, CA",earthquake,3.06,31.61,,1,reviewed,ci,ci
1933-03-11T04:40:00.000Z,33.75,-118.0833333,0,4.7,mh,,,,,ci,ci10084358,2018-06-04T20:43:44.000Z,"2km ENE of Seal Beach, CA",earthquake,,,,0,reviewed,ci,ci
1933-03-11T04:39:00.000Z,33.75,-118.0833333,0,4.9,mh,,,,,ci,ci10084354,2018-06-04T20:43:44.000Z,"2km ENE of Seal Beach, CA",earthquake,,,,0,reviewed,ci,ci
1933-03-11T04:36:00.000Z,33.75,-118.083,16,4.6,ml,,,,,ushis,ushis955,2018-06-04T20:43:44.000Z,"2 km ENE of Seal Beach, California",earthquake,,,,,reviewed,ushis,pas
1933-03-11T03:24:01.180Z,33.7046667,-118.0685,6,4.75,ml,4,210,0.4508,0.48,ci,ci3359769,2019-05-02T20:46:19.755Z,"5km SE of Seal Beach, CA",earthquake,2.45,31.61,,1,reviewed,ci,ci
1933-03-11T02:59:00.000Z,33.75,-118.083,16,4.6,ml,,,,,ushis,ushis953,2018-06-04T20:43:44.000Z,"2 km ENE of Seal Beach, California",earthquake,,,,,reviewed,ushis,pas
1933-03-11T02:29:59.210Z,33.75,-118.08333,6,4.7,ml,0,190.6,0.4041,0.296,ci,ci3359757,2018-06-04T20:43:44.000Z,"2km ENE of Seal Beach, CA",earthquake,,,0.138,2,reviewed,ci,ci
1933-03-11T02:27:00.000Z,33.75,-118.083,16,4.6,ml,,,,,ushis,ushis951,2018-06-04T20:43:44.000Z,"2 km ENE of Seal Beach, California",earthquake,,,,,reviewed,ushis,pas
1933-03-11T02:17:23.100Z,33.7278333,-117.892,6,4.62,ml,4,184,0.4795,0.4,ci,ci3359754,2019-05-02T20:46:19.081Z,"2km SW of Santa Ana, CA",earthquake,3.11,31.61,0.036,2,reviewed,ci,ci
1933-03-11T02:16:00.000Z,33.75,-118.0833333,6,4.5,mh,,,,,ci,ci10087150,2018-06-04T20:43:44.000Z,"2km ENE of Seal Beach, CA",earthquake,,,,0,reviewed,ci,ci
1933-03-11T02:09:00.060Z,33.63,-117.97,6,4.54,ml,0,360,0.5435,0,ci,ci3359745,2018-06-04T20:43:44.000Z,"4km WNW of Newport Beach, CA",earthquake,,,0.277,2,reviewed,ci,ci
1933-03-11T02:04:00.060Z,33.63,-117.97,6,4.68,mh,0,360,0.5435,0,ci,ci3359742,2018-06-04T20:43:44.000Z,"4km WNW of Newport Beach, CA",earthquake,,,,1,reviewed,ci,ci
1933-03-11T01:54:09.340Z,33.6308333,-117.9995,6,6.4,mw,7,161,0.5357,0.23,ci,ci3359741,2025-03-24T22:18:43.993Z,"The 1933 Long Beach, California Earthquake",earthquake,1.41,31.61,,0,reviewed,ci,ci
1933-02-24T19:33:17.510Z,33.063,-118.163,6,4.85,ml,0,360,1.083,0,ci,ci3359699,2019-05-02T20:46:17.546Z,"32km NNE of San Clemente Is. (SE tip), CA",earthquake,,,,7,reviewed,ci,ci
1933-02-13T22:08:45.000Z,38.7,-117.9,,5.5,ml,,,,,ushis,ushis943,2018-06-04T20:43:44.000Z,"18 km S of Gabbs, Nevada",earthquake,,,,,reviewed,ushis,sjg
1933-02-03T03:26:12.990Z,37.7168333,-118.4001667,6,5.14,ml,3,350,0.6752,0.66,ci,ci3359525,2018-06-04T20:43:44.000Z,"37km N of Dixon Lane-Meadow Creek, CA",earthquake,34.38,31.61,0.172,7,reviewed,ci,ci
1933-01-29T13:51:11.000Z,38.5,-118,,5,ml,,,,,ushis,ushis941,2018-06-04T20:43:44.000Z,"15 km NE of Mina, Nevada",earthquake,,,,,reviewed,ushis,sjg
1933-01-17T01:02:08.000Z,38.8,-118,,4.8,ml,,,,,ushis,ushis939,2018-06-04T20:43:44.000Z,"10 km SW of Gabbs, Nevada",earthquake,,,,,reviewed,ushis,sjg
1933-01-11T17:29:38.000Z,38.9,-117.8,,5.2,ml,,,,,ushis,ushis938,2018-06-04T20:43:44.000Z,"11 km ENE of Gabbs, Nevada",earthquake,,,,,reviewed,ushis,sjg
1933-01-06T13:33:00.000Z,39,-118,,4.5,ml,,,,,ushis,ushis937,2018-06-04T20:43:44.000Z,"16 km NNW of Gabbs, Nevada",earthquake,,,,,reviewed,ushis,sjg
1933-01-06T13:05:56.000Z,39,-117.8,,5.1,ml,,,,,ushis,ushis936,2018-06-04T20:43:44.000Z,"18 km NE of Gabbs, Nevada",earthquake,,,,,reviewed,ushis,sjg
1933-01-02T17:06:44.000Z,38.8,-118,,4.7,ml,,,,,ushis,ushis932,2018-06-04T20:43:44.000Z,"10 km SW of Gabbs, Nevada",earthquake,,,,,reviewed,ushis,sjg
1933-01-02T15:44:08.000Z,38.8,-118,,4.5,ml,,,,,ushis,ushis931,2018-06-04T20:43:44.000Z,"10 km SW of Gabbs, Nevada",earthquake,,,,,reviewed,ushis,sjg
1933-01-02T03:34:08.360Z,37.5691667,-117.7406667,6,4.59,ml,5,317,0.6454,0.61,ci,ci3359500,2016-01-27T18:54:35.150Z,"62km ENE of Bishop, CA",earthquake,6.9,31.61,0.176,14,reviewed,ci,ci
1932-12-31T17:30:00.000Z,38.6,-117.9,,4.6,ml,,,,,ushis,ushis930,2018-06-04T20:43:44.000Z,"29 km NE of Mina, Nevada",earthquake,,,,,reviewed,ushis,sjg
1932-12-30T16:03:10.000Z,38.8,-118,,4.6,ml,,,,,ushis,ushis929,2018-06-04T20:43:44.000Z,"10 km SW of Gabbs, Nevada",earthquake,,,,,reviewed,ushis,sjg
1932-12-30T04:17:52.000Z,38.8,-118,,4.6,ml,,,,,ushis,ushis928,2018-06-04T20:43:44.000Z,"10 km SW of Gabbs, Nevada",earthquake,,,,,reviewed,ushis,sjg
1932-12-29T06:45:08.000Z,38.8,-118,,5,ml,,,,,ushis,ushis927,2018-06-04T20:43:44.000Z,"10 km SW of Gabbs, Nevada",earthquake,,,,,reviewed,ushis,sjg
1932-12-29T06:38:03.000Z,38.8,-118,,5,ml,,,,,ushis,ushis926,2018-06-04T20:43:44.000Z,"10 km SW of Gabbs, Nevada",earthquake,,,,,reviewed,ushis,sjg
1932-12-29T06:20:28.000Z,38.8,-118,,5.2,ml,,,,,ushis,ushis925,2018-06-04T20:43:44.000Z,"10 km SW of Gabbs, Nevada",earthquake,,,,,reviewed,ushis,sjg
1932-12-28T03:07:55.000Z,38.8,-118,,4.6,ml,,,,,ushis,ushis924,2018-06-04T20:43:44.000Z,"10 km SW of Gabbs, Nevada",earthquake,,,,,reviewed,ushis,sjg
1932-12-26T05:03:00.000Z,38.75,-118,,5.3,ml,,,,,ushis,ushis923,2018-06-04T20:43:44.000Z,"14 km SSW of Gabbs, Nevada",earthquake,,,,,reviewed,ushis,sjg
1932-12-25T18:36:35.000Z,38.8,-118,,4.5,ml,,,,,ushis,ushis922,2018-06-04T20:43:44.000Z,"10 km SW of Gabbs, Nevada",earthquake,,,,,reviewed,ushis,sjg
1932-12-25T03:54:45.000Z,38.8,-118,,5.5,ml,,,,,ushis,ushis921,2018-06-04T20:43:44.000Z,"10 km SW of Gabbs, Nevada",earthquake,,,,,reviewed,ushis,sjg
1932-12-24T12:40:49.000Z,38.8,-118,,5,ml,,,,,ushis,ushis920,2018-06-04T20:43:44.000Z,"10 km SW of Gabbs, Nevada",earthquake,,,,,reviewed,ushis,sjg
1932-12-23T20:06:00.000Z,38.75,-118,,4.5,uk,,,,,ushis,ushis919,2018-06-04T20:43:44.000Z,"14 km SSW of Gabbs, Nevada",earthquake,,,,,reviewed,ushis,jon
1932-12-22T10:34:15.000Z,38.75,-118,,4.9,ml,,,,,ushis,ushis918,2018-06-04T20:43:44.000Z,"14 km SSW of Gabbs, Nevada",earthquake,,,,,reviewed,ushis,sjg
1932-12-22T07:49:30.000Z,38.75,-118,,4.5,uk,,,,,ushis,ushis917,2018-06-04T20:43:44.000Z,"14 km SSW of Gabbs, Nevada",earthquake,,,,,reviewed,ushis,jon
1932-12-21T06:10:10.700Z,38.604,-117.952,10,6.8,mw,,,,,iscgem,iscgem906508,2024-02-04T22:58:27.942Z,"The 1932 Cedar Mountain, Nevada Earthquake",earthquake,,5,0.3,,reviewed,iscgem,iscgem
1932-11-03T18:54:40.000Z,37.16,-122.16,,4.9,uk,,,,,ushis,ushis915,2018-06-04T20:43:44.000Z,"5 km NW of Boulder Creek, California",earthquake,,,,,reviewed,ushis,jon
1932-10-25T03:28:00.000Z,37.333,-118.666,16,4.5,ml,,,,,ushis,ushis913,2018-06-04T20:43:44.000Z,"11 km SW of Round Valley, California",earthquake,,,,,reviewed,ushis,pas
1932-10-25T01:07:18.610Z,36.917,-121.967,6,4.6,ml,3,304,2.995,1.33,ci,ci3359399,2024-02-05T00:32:18.197Z,"Near Santa Cruz, California",earthquake,99,31.61,0.248,11,reviewed,ci,ci
1932-10-19T16:39:39.400Z,36.165,-121.6815,6,4.71,ml,4,295,2.355,0.55,ci,ci3359379,2016-01-27T18:42:39.790Z,"39km SSE of Carmel Valley Village, CA",earthquake,99,31.61,0.197,9,reviewed,ci,ci
1932-10-09T22:51:00.000Z,32.666,-115.5,16,4.5,ml,,,,,ushis,ushis910,2018-06-04T20:43:44.000Z,"1 km S of Calexico, California",earthquake,,,,,reviewed,ushis,pas
1932-07-18T06:01:55.000Z,47.75,-121.83,,5.2,ml,,,,,ushis,ushis904,2018-06-04T20:43:44.000Z,"9 km NE of Lake Marcel-Stillwater, Washington",earthquake,,,,,reviewed,ushis,nqt
1932-07-12T19:24:11.160Z,26.162,-110.108,10,6.81,mw,,,,,iscgem,iscgem906288,2022-04-25T22:07:40.231Z,"79 km SSW of Etchoropo, Mexico",earthquake,,9.4,0.2,,reviewed,iscgem,iscgem
1932-07-07T16:15:54.870Z,29.266,-113.269,10,6.85,mw,,,,,iscgem,iscgem906276,2022-04-25T22:07:16.833Z,"90 km SW of La Libertad, Mexico",earthquake,,25,0.35,,reviewed,iscgem,iscgem
1932-06-27T10:07:21.220Z,31.5301667,-116.091,6,4.76,ml,2,347,1.655,0.09,ci,ci3359075,2016-01-27T18:42:27.260Z,"50km ESE of Maneadero, B.C., MX",earthquake,2.54,31.61,0.059,12,reviewed,ci,ci
1932-06-14T09:44:17.000Z,37.25,-122.08,,4.5,ml,,,,,ushis,ushis901,2018-06-04T20:43:44.000Z,"5 km WSW of Saratoga, California",earthquake,,,,,reviewed,ushis,brk
1932-06-06T08:44:26.300Z,40.729,-124.287,15,6.45,mw,,,,,iscgem,iscgem906203,2024-02-15T09:30:44.793Z,"The 1932 Eureka, California Earthquake",earthquake,,7.7,0.2,,reviewed,iscgem,iscgem
1932-04-24T06:10:55.070Z,25.082,-111.774,15,6.08,mw,,,,,iscgem,iscgem906116,2022-04-25T22:03:47.912Z,"12 km WNW of Ciudad Constitución, Mexico",earthquake,,25,0.41,,reviewed,iscgem,iscgem
1932-04-16T18:48:10.000Z,36.67,-121.22,,4.5,ml,,,,,ushis,ushis897,2018-06-04T20:43:44.000Z,"16 km SE of Tres Pinos, California",earthquake,,,,,reviewed,ushis,brk
1932-02-26T16:58:00.000Z,36,-121,,5,ml,,,,,ushis,ushis890,2018-06-04T20:43:44.000Z,"8 km WSW of San Ardo, California",earthquake,,,,,reviewed,ushis,brk
1932-01-28T17:17:47.580Z,31.3858333,-116.515,6,4.59,mh,3,335,1.601,0.25,ci,ci3358503,2016-01-27T18:51:32.710Z,"37km S of Maneadero, B.C., MX",earthquake,6.36,31.61,0.021,3,reviewed,ci,ci
1932-01-05T13:59:04.000Z,40.42,-124.42,,4.5,ml,,,,,ushis,ushis887,2018-06-04T20:43:44.000Z,"21 km SW of Ferndale, California",earthquake,,,,,reviewed,ushis,brk
1931-12-31T15:25:00.000Z,47.5,-123,,4.8,ml,,,,,ushis,ushis886,2018-06-04T20:43:44.000Z,"Olympic Peninsula, Washington",earthquake,,,,,reviewed,ushis,sc
1931-12-17T03:36:00.000Z,33.8,-90.1,,4.6,fa,,,,,ushis,ushis884,2018-06-04T20:43:44.000Z,"12 km WNW of Holcomb, Mississippi",earthquake,,,,,reviewed,ushis,sc
1931-12-04T00:53:00.000Z,36.5,-121.67,,5.1,uk,,,,,ushis,ushis883,2018-06-04T20:43:44.000Z,"8 km E of Carmel Valley Village, California",earthquake,,,,,reviewed,ushis,jon
1931-10-01T11:45:41.310Z,29.962,-114.563,15,6.3,mw,,,,,iscgem,iscgem907049,2022-04-25T22:22:48.648Z,"112 km E of El Rosario de Arriba, Mexico",earthquake,,25,0.2,,reviewed,iscgem,iscgem
1931-09-20T23:05:03.400Z,40.429,-84.27,5,4.7,fa,,,,,ushis,ushis881,2018-06-04T20:43:44.000Z,"1 km SSW of Kettlersville, Ohio",earthquake,,,,,reviewed,ushis,sc
1931-09-09T13:40:49.600Z,39.781,-123.735,15,5.92,mw,,,,,iscgem,iscgem906999,2022-04-25T21:10:04.110Z,"9 km S of Leggett, California",earthquake,,25,0.2,,reviewed,iscgem,iscgem
1931-09-09T13:40:30.000Z,40.8,-125,,5.8,ms,,,,,ushis,ushis880,2018-06-04T20:43:44.000Z,"near the coast of Northern California",earthquake,,,,,reviewed,ushis,gr
1931-09-02T15:34:28.000Z,41.8,-123,,4.5,ml,,,,,ushis,ushis879,2018-06-04T20:43:44.000Z,"25 km NNW of Fort Jones, California",earthquake,,,,,reviewed,ushis,brk
1931-08-16T11:40:22.300Z,30.502,-104.575,1,5.8,lg,,,,,ushis,ushis877,2024-02-05T00:43:32.336Z,"The 1931 Valentine, Texas Earthquake",earthquake,,,,,reviewed,ushis,ntt
1931-07-21T12:08:00.000Z,35.25,-120.67,,4.8,uk,,,,,ushis,ushis874,2018-06-04T20:43:44.000Z,"3 km SSW of San Luis Obispo, California",earthquake,,,,,reviewed,ushis,jon
1931-04-20T19:54:30.600Z,43.471,-73.785,5,4.7,lg,,,,,ushis,ushis870,2018-06-04T20:43:44.000Z,"2 km SSW of Warrensburg, New York",earthquake,,,,,reviewed,ushis,st
1931-03-10T03:28:53.000Z,40,-125,,5.6,ms,,,,,ushis,ushis867,2018-06-04T20:43:44.000Z,"near the coast of Northern California",earthquake,,,,,reviewed,ushis,gr
1931-02-23T10:01:00.000Z,35.83,-120.5,,4.7,uk,,,,,ushis,ushis866,2018-06-04T20:43:44.000Z,"9 km SW of Parkfield, California",earthquake,,,,,reviewed,ushis,jon
1931-01-17T02:50:21.670Z,26.683,-110.469,10,6.74,mw,,,,,iscgem,iscgem906572,2022-04-25T22:11:42.589Z,"68 km SW of Paredón Colorado, Mexico",earthquake,,25,0.54,,reviewed,iscgem,iscgem
1931-01-06T23:28:40.000Z,36.5,-124.4,,5,uk,,,,,ushis,ushis863,2018-06-04T20:43:44.000Z,"198 km WSW of Pescadero, California",earthquake,,,,,reviewed,ushis,jon
1930-12-15T08:38:00.000Z,40.83,-124.17,,4.6,uk,,,,,ushis,ushis862,2018-06-04T20:43:44.000Z,"1 km NE of Samoa, California",earthquake,,,,,reviewed,ushis,jon
1930-12-14T01:38:00.000Z,40.5,-124.08,,4.8,uk,,,,,ushis,ushis861,2018-06-04T20:43:44.000Z,"2 km E of Rio Dell, California",earthquake,,,,,reviewed,ushis,jon
1930-12-12T20:16:00.000Z,40.67,-124.32,,4.5,ml,,,,,ushis,ushis860,2018-06-04T20:43:44.000Z,"7 km WSW of Indianola, California",earthquake,,,,,reviewed,ushis,cdmg
1930-12-12T09:32:00.000Z,39.83,-123.58,,4.5,ml,,,,,ushis,ushis859,2018-06-04T20:43:44.000Z,"12 km ESE of Leggett, California",earthquake,,,,,reviewed,ushis,cdmg
1930-12-11T12:27:00.000Z,40.92,-124.08,,5,uk,,,,,ushis,ushis858,2018-06-04T20:43:44.000Z,"3 km SSE of McKinleyville, California",earthquake,,,,,reviewed,ushis,jon
1930-12-11T08:58:55.000Z,40.08,-124.5,,5,ml,,,,,ushis,ushis857,2018-06-04T20:43:44.000Z,"36 km W of Shelter Cove, California",earthquake,,,,,reviewed,ushis,cdmg
1930-10-29T12:37:00.000Z,40.67,-121.92,,4.5,ml,,,,,ushis,ushis855,2018-06-04T20:43:44.000Z,"13 km S of Round Mountain, California",earthquake,,,,,reviewed,ushis,cdmg
1930-09-23T02:56:55.000Z,40.83,-124.17,,5,ml,,,,,ushis,ushis851,2018-06-04T20:43:44.000Z,"1 km NE of Samoa, California",earthquake,,,,,reviewed,ushis,cdmg
1930-08-31T00:40:38.000Z,34.03,-118.643,15,5.25,ms,,,,,ushis,ushis850,2018-06-04T20:43:44.000Z,"1 km SW of Las Flores, California",earthquake,,,,,reviewed,ushis,gr
1930-08-05T11:25:00.000Z,34.5,-119.5,,5,ml,,,,,ushis,ushis849,2018-06-04T20:43:44.000Z,"10 km NE of Toro Canyon, California",earthquake,,,,,reviewed,ushis,cdmg
1930-07-07T12:08:55.000Z,35.5,-118,,4.7,uk,,,,,ushis,ushis847,2018-06-04T20:43:44.000Z,"23 km SW of Inyokern, California",earthquake,,,,,reviewed,ushis,jon
1930-04-12T12:56:40.000Z,39.25,-119.17,,4.5,ml,,,,,ushis,ushis841,2018-06-04T20:43:44.000Z,"18 km SSE of Silver Springs, Nevada",earthquake,,,,,reviewed,ushis,sjg
1930-03-02T01:50:00.000Z,33,-115.5,,4.5,ml,,,,,ushis,ushis839,2018-06-04T20:43:44.000Z,"3 km NE of Brawley, California",earthquake,,,,,reviewed,ushis,cdmg
1930-03-01T23:44:00.000Z,33,-115.5,,4.5,ml,,,,,ushis,ushis838,2018-06-04T20:43:44.000Z,"3 km NE of Brawley, California",earthquake,,,,,reviewed,ushis,ric
1930-02-26T02:30:00.000Z,33,-115.5,,5,ml,,,,,ushis,ushis837,2018-06-04T20:43:44.000Z,"3 km NE of Brawley, California",earthquake,,,,,reviewed,ushis,ric
1930-02-26T02:29:20.560Z,30.192,-116.011,15,5.75,mw,,,,,iscgem,iscgem907238,2022-04-25T22:25:18.489Z,"26 km SSW of Luis Rodríguez (El Vergel), Mexico",earthquake,,25,0.47,,reviewed,iscgem,iscgem
1930-01-16T00:34:00.000Z,34.2,-116.9,,5.1,uk,,,,,ushis,ushis835,2018-06-04T20:43:44.000Z,"4 km SSE of Big Bear Lake, California",earthquake,,,,,reviewed,ushis,pas
1930-01-16T00:24:34.000Z,34.2,-116.9,,5.25,ms,,,,,ushis,ushis834,2018-06-04T20:43:44.000Z,"4 km SSE of Big Bear Lake, California",earthquake,,,,,reviewed,ushis,gr
1930-01-09T08:16:00.000Z,36.8,-121.5,,4.5,ml,,,,,ushis,ushis833,2018-06-04T20:43:44.000Z,"6 km SE of San Juan Bautista, California",earthquake,,,,,reviewed,ushis,cdmg
1930-01-09T08:06:13.000Z,36.8,-121.5,,4.5,ml,,,,,ushis,ushis832,2018-06-04T20:43:44.000Z,"6 km SE of San Juan Bautista, California",earthquake,,,,,reviewed,ushis,cdmg
1929-12-04T12:29:00.000Z,40.5,-124,,4.5,ml,,,,,ushis,ushis827,2018-06-04T20:43:44.000Z,"8 km ENE of Scotia, California",earthquake,,,,,reviewed,ushis,cdmg
1929-11-28T19:49:00.000Z,36.9,-118.2,,5.5,ml,,,,,ushis,ushis826,2018-06-04T20:43:44.000Z,"10 km N of Independence, California",earthquake,,,,,reviewed,ushis,cdmg
1929-10-15T22:03:10.000Z,36.17,-120.67,,4.6,uk,,,,,ushis,ushis824,2018-06-04T20:43:44.000Z,"26 km NE of San Ardo, California",earthquake,,,,,reviewed,ushis,jon
1929-09-27T23:16:16.480Z,24.993,-109.06,15,6.13,mw,,,,,iscgem,iscgem908323,2022-04-25T22:44:59.481Z,"63 km SSW of El Huitusi, Mexico",earthquake,,8,0.2,,reviewed,iscgem,iscgem
1929-09-26T20:00:22.700Z,34.83,-116.52,,5.1,ml,,,,,ushis,ushis817,2018-06-04T20:43:44.000Z,"46 km E of Barstow, California",earthquake,,,,,reviewed,ushis,ric
1929-09-10T20:01:00.000Z,41.2,-116.8,,4.6,ml,,,,,ushis,ushis815,2018-06-04T20:43:44.000Z,"52 km NNE of Valmy, Nevada",earthquake,,,,,reviewed,ushis,sjg
1929-08-12T11:24:48.700Z,42.91,-78.402,9,4.7,mw,,,,,ushis,ushis814,2018-06-04T20:43:44.000Z,"5 km S of Corfu, New York",earthquake,,,,,reviewed,ushis,st
1929-07-08T16:46:07.000Z,33.91,-118.04,13,4.7,ml,,,,,ushis,ushis810,2018-06-04T20:43:44.000Z,"2 km WSW of La Mirada, California",earthquake,,,,,reviewed,ushis,ric
1929-03-13T02:28:00.000Z,35,-119,,4.5,ml,,,,,ushis,ushis800,2018-06-04T20:43:44.000Z,"7 km SSW of Mettler, California",earthquake,,,,,reviewed,ushis,cdmg
1929-02-16T03:00:00.000Z,46.1,-111.3,,4.7,mfa,,,,,ushis,ushis796,2025-06-17T23:07:46.518Z,"Northeast of Three Forks, Montana",earthquake,,,,,reviewed,ushis,mb
1928-11-03T04:02:49.800Z,36.112,-82.828,5,4.5,lg,,,,,ushis,ushis794,2018-06-04T20:43:44.000Z,"5 km S of Greeneville, Tennessee",earthquake,,,,,reviewed,ushis,dg
1928-11-01T04:12:54.860Z,27.066,-105.569,10,6.27,mw,,,,,iscgem,iscgem908949,2022-04-25T22:58:48.812Z,"17 km NNE of Parral, Mexico",earthquake,,25,0.3,,reviewed,iscgem,iscgem
1928-10-02T19:01:00.000Z,32.9,-115.7,,5,ml,,,,,ushis,ushis793,2018-06-04T20:43:44.000Z,"11 km N of Seeley, California",earthquake,,,,,reviewed,ushis,cdmg
1928-09-05T14:42:00.000Z,34,-116,,5,ml,,,,,ushis,ushis791,2018-06-04T20:43:44.000Z,"15 km SSE of Twentynine Palms, California",earthquake,,,,,reviewed,ushis,cdmg
1928-09-05T05:36:00.000Z,42.1,-115.2,,5.2,uk,,,,,ushis,ushis790,2018-06-04T20:43:44.000Z,"45 km WNW of Jackpot, Nevada",earthquake,,,,,reviewed,ushis,pas
1928-08-09T06:35:00.000Z,37.33,-121.92,,4.8,uk,,,,,ushis,ushis789,2018-06-04T20:43:44.000Z,"1 km NNW of Buena Vista, California",earthquake,,,,,reviewed,ushis,jon
1928-06-04T05:30:00.000Z,40.75,-122.92,,4.5,uk,,,,,ushis,ushis787,2018-06-04T20:43:44.000Z,"2 km NE of Weaverville, California",earthquake,,,,,reviewed,ushis,jon
1928-04-18T21:40:00.000Z,34.1,-119.3,,5.2,uk,,,,,ushis,ushis785,2018-06-04T20:43:44.000Z,"9 km SW of Channel Islands Beach, California",earthquake,,,,,reviewed,ushis,jon
1928-04-17T10:39:15.000Z,39.5,-119.83,,4.5,ml,,,,,ushis,ushis784,2018-06-04T20:43:44.000Z,"3 km SSW of Reno, Nevada",earthquake,,,,,reviewed,ushis,sjg
1928-04-15T21:57:12.000Z,39.93,-122.78,15,4.5,fa,,,,,ushis,ushis783,2018-06-04T20:43:44.000Z,"20 km WNW of Paskenta, California",earthquake,,,,,reviewed,ushis,cdmg
1928-03-26T16:26:07.000Z,38.3,-117.5,,4.7,ml,,,,,ushis,ushis782,2018-06-04T20:43:44.000Z,"35 km NW of Tonopah, Nevada",earthquake,,,,,reviewed,ushis,sjg
1928-02-29T22:38:00.000Z,46.5,-112,,4.9,ml,,,,,ushis,ushis780,2018-06-04T20:43:44.000Z,"4 km NNW of Clancy, Montana",earthquake,,,,,reviewed,ushis,ren
1928-01-09T02:45:00.000Z,37,-121.58,,4.6,uk,,,,,ushis,ushis777,2018-06-04T20:43:44.000Z,"1 km WSW of Gilroy, California",earthquake,,,,,reviewed,ushis,jon
1927-11-19T03:32:30.000Z,35,-120.5,,5,uk,,,,,ushis,ushis776,2018-06-04T20:43:44.000Z,"5 km SSW of Nipomo, California",earthquake,,,,,reviewed,ushis,jon
1927-11-06T02:39:37.300Z,33.831,-122.802,15,5.9,mw,,,,,iscgem,iscgem909611,2022-04-25T23:11:33.477Z,"233 km WSW of Vandenberg Air Force Base, California",earthquake,,25,0.7,,reviewed,iscgem,iscgem
1927-11-04T13:51:03.410Z,34.68,-120.705,10,6.9,mw,,,,,iscgem,iscgem909604,2024-02-05T01:04:39.397Z,"The 1927 Lompoc, California Earthquake",earthquake,,3.6,0.3,,reviewed,iscgem,iscgem
1927-09-18T02:07:11.220Z,37.715,-118.926,15,5.86,mw,,,,,iscgem,iscgem909524,2022-04-25T23:09:50.441Z,"8 km NNE of Mammoth Lakes, California",earthquake,,5.1,0.2,,reviewed,iscgem,iscgem
1927-08-20T20:06:07.110Z,40.715,-123.616,15,5.62,mw,,,,,iscgem,iscgem909459,2022-04-25T23:08:01.623Z,"15 km SW of Burnt Ranch, California",earthquake,,2.4,0.23,,reviewed,iscgem,iscgem
1927-08-20T20:05:44.000Z,41,-124.6,,5.3,uk,,,,,ushis,ushis772,2018-06-04T20:43:44.000Z,"38 km W of Trinidad, California",earthquake,,,,,reviewed,ushis,jon
1927-08-04T12:24:00.000Z,34,-118.5,,5.3,uk,,,,,ushis,ushis770,2018-06-04T20:43:44.000Z,"2 km SSW of Santa Monica, California",earthquake,,,,,reviewed,ushis,jon
1927-05-28T17:36:17.000Z,37.33,-122.92,,4.9,uk,,,,,ushis,ushis764,2018-06-04T20:43:44.000Z,"Northern California",earthquake,,,,,reviewed,ushis,jon
1927-05-07T08:28:00.000Z,35.8,-90.4,,4.8,fa,,,,,ushis,ushis763,2018-06-04T20:43:44.000Z,"3 km ESE of Lake City, Arkansas",earthquake,,,,,reviewed,ushis,bar
1927-02-15T23:54:03.500Z,36.95,-122.267,,5,ml,,,,,ushis,ushis759,2018-06-04T20:43:44.000Z,"9 km SW of Davenport, California",earthquake,,,,,reviewed,ushis,cdmg
1927-01-01T09:13:36.770Z,32.153,-115.764,10,6.08,mw,,,,,iscgemsup,iscgemsup909038,2022-05-09T17:41:52.151Z,"49 km SSE of Rumorosa, Mexico",earthquake,,3.5,0.32,,reviewed,iscgemsup,iscgemsup
1927-01-01T08:16:50.510Z,32.405,-115.549,10,5.99,mw,,,,,iscgem,iscgem909037,2022-04-25T23:01:10.891Z,"19 km S of Progreso, Mexico",earthquake,,4,0.29,,reviewed,iscgem,iscgem
1926-12-27T09:19:00.000Z,36.17,-120.32,,5,ml,,,,,ushis,ushis756,2018-06-04T20:43:44.000Z,"4 km NE of Coalinga, California",earthquake,,,,,reviewed,ushis,cdmg
1926-12-13T00:44:00.000Z,46.1,-111.2,,5.4,mfa,,,,,ushis,ushis755,2025-06-17T22:12:28.103Z,"Clarkston Valley, Montana (Aftershock)",earthquake,,,,,reviewed,ushis,mmt
1926-10-24T22:51:49.500Z,37.017,-122.208,,5.5,ml,,,,,ushis,ushis752,2018-06-04T20:43:44.000Z,"1 km WNW of Davenport, California",earthquake,,,,,reviewed,ushis,cdmg
1926-10-22T13:35:29.310Z,36.924,-122.341,10,6.31,mw,,,,,iscgem,iscgem910175,2022-04-25T23:20:25.950Z,"16 km SW of Davenport, California",earthquake,,3.5,0.21,,reviewed,iscgem,iscgem
1926-10-22T12:35:16.170Z,36.808,-122.205,15,6.35,mw,,,,,iscgem,iscgem910174,2022-04-25T23:20:20.229Z,"22 km S of Davenport, California",earthquake,,3.7,0.36,,reviewed,iscgem,iscgem
1926-10-22T12:35:00.000Z,36.617,-122.35,,6.1,ms,,,,,ushis,ushis750,2018-06-04T20:43:44.000Z,"36 km W of Del Monte Forest, California",earthquake,,,,,reviewed,ushis,gr
1926-07-25T17:57:57.830Z,36.3,-120.77,10,5.83,mw,,,,,iscgemsup,iscgemsup909954,2022-05-09T17:46:47.076Z,"29 km NE of San Lucas, California",earthquake,,3.9,0.2,,reviewed,iscgemsup,iscgemsup
1926-06-30T13:31:00.000Z,35.6,-118.8,,5,ml,,,,,ushis,ushis742,2018-06-04T20:43:44.000Z,"25 km SSW of Posey, California",earthquake,,,,,reviewed,ushis,cdmg
1926-06-29T23:21:00.000Z,34.5,-119.5,,5.5,ml,,,,,ushis,ushis741,2018-06-04T20:43:44.000Z,"10 km NE of Toro Canyon, California",earthquake,,,,,reviewed,ushis,cdmg
1926-04-03T20:09:00.000Z,34,-116,,5.5,ml,,,,,ushis,ushis738,2018-06-04T20:43:44.000Z,"15 km SSE of Twentynine Palms, California",earthquake,,,,,reviewed,ushis,cdmg
1926-02-18T18:20:45.000Z,34,-119.5,,5.5,uk,,,,,ushis,ushis735,2018-06-04T20:43:44.000Z,"30 km SW of Channel Islands Beach, California",earthquake,,,,,reviewed,ushis,jon
1925-09-02T11:56:00.000Z,37.8,-87.5,,4.6,fa,,,,,ushis,ushis730,2018-06-04T20:43:44.000Z,"Kentucky",earthquake,,,,,reviewed,ushis,sc
1925-08-29T22:36:44.340Z,26.891,-111.229,15,6.26,mw,,,,,iscgem,iscgem910663,2022-04-25T23:27:42.503Z,"74 km E of Mulegé, Mexico",earthquake,,25,0.36,,reviewed,iscgem,iscgem
1925-08-21T11:13:57.000Z,38,-118.3,,4.8,ml,,,,,ushis,ushis729,2018-06-04T20:43:44.000Z,"25 km NE of Benton, California",earthquake,,,,,reviewed,ushis,sjg
1925-08-08T10:13:00.000Z,33.5,-117,,4.5,ml,,,,,ushis,ushis727,2018-06-04T20:43:44.000Z,"13 km E of Temecula, California",earthquake,,,,,reviewed,ushis,cdmg
1925-07-30T12:17:00.000Z,35.4,-101.3,,4.9,fa,,,,,ushis,ushis726,2018-06-04T20:43:44.000Z,"9 km NE of Panhandle, Texas",earthquake,,,,,reviewed,ushis,sc
1925-07-10T14:42:00.000Z,46.08,-111.51,,5.5,mfa,,,,,mb,mb19250710144200000,2025-06-17T21:45:50.947Z,"Clarkston Valley, Montana (Aftershock)",earthquake,,,,,reviewed,mb,mb
1925-06-29T14:42:16.000Z,34.3,-119.8,10,6.82,mw,,,,,ci,ci37161284,2025-05-20T17:42:07.162Z,"The 1925 Santa Barbara, California Earthquake",earthquake,,,,,reviewed,ci,ci
1925-06-28T04:20:00.000Z,46.08,-111.51,,5.5,mfa,,,,,mb,mb19250528042000000,2025-06-16T00:10:33.197Z,"Clarkston Valley, Montana (Aftershock)",earthquake,,,,,reviewed,mb,mb
1925-06-28T03:35:00.000Z,46.08,-111.51,,5.5,mfa,,,,,mb,mb19250628033500000,2025-06-15T23:29:33.688Z,"Clarkston Valley, Montana (Aftershock)",earthquake,,,,,reviewed,mb,mb
1925-06-28T02:05:27.000Z,46.08,-111.51,,6.4,mfa,,,,,mb,mb19250628020527000,2025-06-15T23:05:34.484Z,"Clarkston Valley, Montana (Aftershock)",earthquake,,,,,reviewed,mb,mb
1925-06-28T01:21:05.000Z,46.08,-111.51,,6.6,mw,,,,,official,official19250628012105000,2025-06-27T23:28:46.627Z,"The 1925 Clarkston Valley, Montana Earthquake",earthquake,,,,,reviewed,official,official
1925-06-04T12:02:52.000Z,41.5,-125,,6,ms,,,,,ushis,ushis718,2018-06-04T20:43:44.000Z,"72 km WSW of Crescent City, California",earthquake,,,,,reviewed,ushis,gr
1925-04-27T04:05:00.000Z,38.2,-87.8,,4.8,fa,,,,,ushis,ushis717,2018-06-04T20:43:44.000Z,"3 km NNW of Poseyville, Indiana",earthquake,,,,,reviewed,ushis,sc
1925-03-01T02:19:18.630Z,47.458,-70.012,15,6.3,mw,,,,,iscgem,iscgem910394,2025-06-05T20:41:31.975Z,"7 km NW of Saint-Pacôme, Canada",earthquake,,4.4,0.3,,reviewed,iscgem,iscgem
1925-01-26T05:45:45.000Z,40.83,-124.17,,4.8,uk,,,,,ushis,ushis713,2018-06-04T20:43:44.000Z,"1 km NE of Samoa, California",earthquake,,,,,reviewed,ushis,jon
1924-04-03T23:54:00.000Z,37.33,-121.67,,4.5,ml,,,,,ushis,ushis705,2018-06-04T20:43:44.000Z,"14 km ESE of East Foothills, California",earthquake,,,,,reviewed,ushis,cdmg
1924-03-09T11:33:29.000Z,36.58,-121.67,,4.6,uk,,,,,ushis,ushis704,2018-06-04T20:43:44.000Z,"5 km SSW of Spreckels, California",earthquake,,,,,reviewed,ushis,jon
1924-01-09T10:22:00.000Z,40.83,-124.17,,4.8,uk,,,,,ushis,ushis702,2018-06-04T20:43:44.000Z,"1 km NE of Samoa, California",earthquake,,,,,reviewed,ushis,jon
1924-01-01T03:05:00.000Z,36,-90,,4.5,fa,,,,,ushis,ushis700,2018-06-04T20:43:44.000Z,"5 km NNW of Gosnell, Arkansas",earthquake,,,,,reviewed,ushis,sc
1923-11-07T23:57:00.000Z,32.5,-115.5,,5.7,uk,,,,,ushis,ushis697,2018-06-04T20:43:44.000Z,"11 km SE of Progreso, Mexico",earthquake,,,,,reviewed,ushis,jon
1923-11-05T22:07:00.000Z,32.5,-115.5,,5,ml,,,,,ushis,ushis696,2018-06-04T20:43:44.000Z,"11 km SE of Progreso, Mexico",earthquake,,,,,reviewed,ushis,cdmg
1923-10-28T17:10:00.000Z,35.5,-90.4,,4.8,fa,,,,,ushis,ushis695,2018-06-04T20:43:44.000Z,"3 km WNW of Tyronza, Arkansas",earthquake,,,,,reviewed,ushis,sc
1923-08-28T23:15:13.090Z,24.844,-109.098,10,6.77,mw,,,,,iscgem,iscgem911521,2022-04-25T23:37:45.853Z,"80 km SSW of El Huitusi, Mexico",earthquake,,8,0.2,,reviewed,iscgem,iscgem
1923-07-23T07:30:23.910Z,34.089,-117.259,5,6.21,mw,,,,,iscgem,iscgem911466,2022-04-25T23:36:47.882Z,"3 km SE of San Bernardino, California",earthquake,,5.2,0.3,,reviewed,iscgem,iscgem
1923-04-29T02:31:29.000Z,41,-125,,5.6,ms,,,,,ushis,ushis689,2018-06-04T20:43:44.000Z,"71 km WNW of Samoa, California",earthquake,,,,,reviewed,ushis,gr
1923-04-29T02:31:22.860Z,39.954,-124.556,15,5.77,mw,,,,,iscgemsup,iscgemsup911344,2022-05-09T17:55:21.015Z,"42 km WSW of Shelter Cove, California",earthquake,,15.1,0.41,,reviewed,iscgemsup,iscgemsup
1923-02-09T11:14:00.000Z,40.83,-124.17,,5,uk,,,,,ushis,ushis686,2018-06-04T20:43:44.000Z,"1 km NE of Samoa, California",earthquake,,,,,reviewed,ushis,jon
1923-01-11T04:29:00.000Z,42.2,-120.3,,5,ml,,,,,ushis,ushis683,2018-06-04T20:43:44.000Z,"3 km ENE of Lakeview, Oregon",earthquake,,,,,reviewed,ushis,cdmg
1922-11-27T03:31:00.000Z,37.8,-88.5,,4.8,fa,,,,,ushis,ushis682,2018-06-04T20:43:44.000Z,"4 km SE of Raleigh, Illinois",earthquake,,,,,reviewed,ushis,sc
1922-08-18T05:12:00.000Z,35.75,-120.33,,5,ml,,,,,ushis,ushis681,2018-06-04T20:43:44.000Z,"11 km NNE of Shandon, California",earthquake,,,,,reviewed,ushis,cdmg
1922-03-23T02:22:00.000Z,37.4,-89.4,,4.6,fa,,,,,ushis,ushis678,2018-06-04T20:43:44.000Z,"9 km NNE of McClure, Illinois",earthquake,,,,,reviewed,ushis,sc
1922-03-22T22:29:10.000Z,37.4,-89.4,,4.8,fa,,,,,ushis,ushis677,2018-06-04T20:43:44.000Z,"9 km NNE of McClure, Illinois",earthquake,,,,,reviewed,ushis,sc
1922-03-16T23:11:00.000Z,35.75,-120.33,,5,uk,,,,,ushis,ushis676,2018-06-04T20:43:44.000Z,"11 km NNE of Shandon, California",earthquake,,,,,reviewed,ushis,jon
1922-03-10T11:21:20.000Z,35.75,-120.25,,6.5,ms,,,,,ushis,ushis675,2024-02-05T02:19:27.341Z,"The 1922 Parkfield, California Earthquake",earthquake,,,,,reviewed,ushis,gr
1921-09-29T14:12:00.000Z,38.7,-112.1,,5.2,uk,,,,,ushis,ushis669,2018-06-04T20:43:44.000Z,"0 km SSW of Central Valley, Utah",earthquake,,,,,reviewed,ushis,pas
1921-03-06T07:25:13.080Z,26.497,-109.958,15,6.26,mw,,,,,iscgem,iscgem912178,2022-04-25T23:43:03.382Z,"40 km SW of Etchoropo, Mexico",earthquake,,25,0.41,,reviewed,iscgem,iscgem
1920-12-05T11:58:00.000Z,34.5,-119.5,,4.5,ml,,,,,ushis,ushis667,2018-06-04T20:43:44.000Z,"10 km NE of Toro Canyon, California",earthquake,,,,,reviewed,ushis,cdmg
1920-10-05T19:03:58.000Z,36.58,-121.67,,5.2,uk,,,,,ushis,ushis664,2018-06-04T20:43:44.000Z,"5 km SSW of Spreckels, California",earthquake,,,,,reviewed,ushis,jon
1920-06-22T02:47:00.000Z,34,-118.5,,4.9,ml,,,,,ushis,ushis658,2024-02-09T01:45:42.299Z,"The 1920 Inglewood, California Earthquake",earthquake,,,,,reviewed,ushis,pas
1920-03-20T17:48:39.700Z,40.199,-122.712,15,5.54,mw,,,,,iscgem,iscgem912459,2022-04-25T23:46:03.218Z,"33 km NW of Rancho Tehama Reserve, California",earthquake,,7.1,0.21,,reviewed,iscgem,iscgem
1920-01-24T07:09:16.000Z,48.8,-123,,5.5,ml,,,,,ushis,ushis657,2018-06-04T20:43:44.000Z,"21 km SSE of Point Roberts, Washington",earthquake,,,,,reviewed,ushis,nqt
1920-01-01T02:35:00.000Z,33.2,-116.7,,5,ml,,,,,ushis,ushis656,2018-06-04T20:43:44.000Z,"16 km NW of Julian, California",earthquake,,,,,reviewed,ushis,cdmg
1919-12-19T13:58:13.000Z,38.3,-119.5,,5.2,ml,,,,,ushis,ushis655,2018-06-04T20:43:44.000Z,"23 km S of Walker, California",earthquake,,,,,reviewed,ushis,sjg
1919-11-25T11:03:00.000Z,37.08,-121.83,,4.5,ml,,,,,ushis,ushis653,2018-06-04T20:43:44.000Z,"5 km NNE of Day Valley, California",earthquake,,,,,reviewed,ushis,cdmg
1919-02-25T22:38:00.000Z,38.33,-122.5,,4.6,uk,,,,,ushis,ushis648,2018-06-04T20:43:44.000Z,"1 km NW of Fetters Hot Springs-Agua Caliente, California",earthquake,,,,,reviewed,ushis,jon
1919-02-16T15:57:00.000Z,35,-119,,5,ml,,,,,ushis,ushis647,2018-06-04T20:43:44.000Z,"7 km SSW of Mettler, California",earthquake,,,,,reviewed,ushis,cdmg
1918-10-16T02:15:00.000Z,36,-89.2,,4.5,fa,,,,,ushis,ushis641,2018-06-04T20:43:44.000Z,"10 km NNE of Friendship, Tennessee",earthquake,,,,,reviewed,ushis,sg
1918-07-15T00:23:12.820Z,41.325,-124.72,15,6.5,mw,,,,,iscgem,iscgem913200,2022-05-09T22:48:43.509Z,"52 km WNW of Big Lagoon, California",earthquake,,25,0.25,,reviewed,iscgem,iscgem
1918-06-06T22:32:00.000Z,33.8,-117,,5,ml,,,,,ushis,ushis635,2018-06-04T20:43:44.000Z,"4 km WNW of San Jacinto, California",earthquake,,,,,reviewed,ushis,cdmg
1918-05-23T11:57:40.020Z,27.58,-111.087,10,7.01,mw,,,,,iscgem,iscgem913151,2022-05-09T22:48:41.856Z,"41 km SSW of Heroica Guaymas, Mexico",earthquake,,25,0.23,,reviewed,iscgem,iscgem
1918-05-01T04:32:00.000Z,32.7,-115.5,,5,ml,,,,,ushis,ushis633,2018-06-04T20:43:44.000Z,"2 km N of Calexico, California",earthquake,,,,,reviewed,ushis,cdmg
1918-04-21T22:32:30.350Z,33.762,-116.972,10,6.7,mw,,,,,iscgem,iscgem913126,2024-02-09T00:54:20.897Z,"The 1918 San Jacinto, California Earthquake",earthquake,,4.8,0.3,,reviewed,iscgem,iscgem
1918-04-10T01:08:48.000Z,38.7,-78.4,,4.6,fa,,,,,ushis,ushis629,2018-06-04T20:43:44.000Z,"6 km NE of Luray, Virginia",earthquake,,,,,reviewed,ushis,sc
1917-12-12T10:50:00.000Z,43,-111.3,,5.3,uk,,,,,ushis,ushis625,2018-06-04T20:43:44.000Z,"20 km W of Freedom, Idaho",earthquake,,,,,reviewed,ushis,jon
1917-10-26T09:18:51.000Z,37.4,-121.8,,4.8,uk,,,,,ushis,ushis624,2018-06-04T20:43:44.000Z,"2 km NE of East Foothills, California",earthquake,,,,,reviewed,ushis,jon
1917-07-26T08:33:00.000Z,35,-120.5,,4.8,uk,,,,,ushis,ushis622,2018-06-04T20:43:44.000Z,"5 km SSW of Nipomo, California",earthquake,,,,,reviewed,ushis,jon
1917-05-28T06:06:00.000Z,32.8,-115.3,,5.5,ml,,,,,ushis,ushis613,2018-06-04T20:43:44.000Z,"7 km E of Holtville, California",earthquake,,,,,reviewed,ushis,cdmg
1917-04-13T03:59:00.000Z,34.3,-119.5,,4.5,ml,,,,,ushis,ushis612,2018-06-04T20:43:44.000Z,"11 km S of Carpinteria, California",earthquake,,,,,reviewed,ushis,cdmg
1917-04-11T18:59:55.000Z,40,-118,,5.1,ml,,,,,ushis,ushis611,2018-06-04T20:43:44.000Z,"45 km ESE of Lovelock, Nevada",earthquake,,,,,reviewed,ushis,sjg
1917-04-09T20:52:00.000Z,38.1,-90.2,,5.1,fa,,,,,ushis,ushis610,2018-06-04T20:43:44.000Z,"7 km S of Fults, Illinois",earthquake,,,,,reviewed,ushis,sc
1917-03-28T11:16:00.000Z,41.6,-117.8,,4.7,uk,,,,,ushis,ushis608,2018-06-04T20:43:44.000Z,"Nevada",earthquake,,,,,reviewed,ushis,pas
1917-03-03T16:00:00.000Z,40.83,-124.17,,4.6,uk,,,,,ushis,ushis607,2018-06-04T20:43:44.000Z,"1 km NE of Samoa, California",earthquake,,,,,reviewed,ushis,jon
1916-11-10T09:11:00.000Z,35.5,-116,,6.1,ms,,,,,ushis,ushis603,2018-06-04T20:43:44.000Z,"26 km NNE of Baker, California",earthquake,,,,,reviewed,ushis,gr
1916-10-23T02:54:00.000Z,34.7,-119,,5.5,ml,,,,,ushis,ushis602,2018-06-04T20:43:44.000Z,"13 km S of Lake of the Woods, California",earthquake,,,,,reviewed,ushis,cdmg
1916-10-23T02:44:00.000Z,34.9,-118.9,,5.96,mw,,,,,ushis,ushis601,2018-06-04T20:43:44.000Z,"7 km NNW of Lebec, California",earthquake,,,,,reviewed,ushis,hht
1916-10-18T22:04:00.000Z,33.5,-86.5,,5.1,fa,,,,,ushis,ushis600,2018-06-04T20:43:44.000Z,"3 km NNE of Vandiver, Alabama",earthquake,,,,,reviewed,ushis,sc
1916-10-11T05:49:09.000Z,41.5,-116.5,,5,ml,,,,,ushis,ushis599,2018-06-04T20:43:44.000Z,"59 km SSW of Owyhee, Nevada",earthquake,,,,,reviewed,ushis,sjg
1916-09-30T02:11:00.000Z,33.5,-116.5,,5,ml,,,,,ushis,ushis598,2018-06-04T20:43:44.000Z,"Southern California",earthquake,,,,,reviewed,ushis,cdmg
1916-08-08T16:52:41.000Z,37,-122,,5,uk,,,,,ushis,ushis597,2018-06-04T20:43:44.000Z,"2 km ESE of Pasatiempo, California",earthquake,,,,,reviewed,ushis,jon
1916-08-06T19:38:00.000Z,36.67,-121.25,,5.3,ml,,,,,ushis,ushis596,2018-06-04T20:43:44.000Z,"14 km SSE of Tres Pinos, California",earthquake,,,,,reviewed,ushis,cdmg
1916-08-04T04:12:52.000Z,41.5,-117,,5,ml,,,,,ushis,ushis595,2018-06-04T20:43:44.000Z,"44 km E of Paradise Valley, Nevada",earthquake,,,,,reviewed,ushis,sjg
1916-08-03T14:22:38.000Z,41.5,-116.5,,5.8,ml,,,,,ushis,ushis594,2018-06-04T20:43:44.000Z,"59 km SSW of Owyhee, Nevada",earthquake,,,,,reviewed,ushis,sjg
1916-08-03T13:49:19.000Z,41.5,-116.5,,5.6,ml,,,,,ushis,ushis593,2018-06-04T20:43:44.000Z,"59 km SSW of Owyhee, Nevada",earthquake,,,,,reviewed,ushis,sjg
1916-07-16T11:50:00.000Z,34.7,-117,,4.5,ml,,,,,ushis,ushis592,2018-06-04T20:43:44.000Z,"19 km SSE of Barstow Heights, California",earthquake,,,,,reviewed,ushis,cdmg
1916-05-13T02:26:00.000Z,44.2,-116.5,,5.3,uk,,,,,ushis,ushis590,2018-06-04T20:43:44.000Z,"32 km WNW of Banks, Idaho",earthquake,,,,,reviewed,ushis,pas
1916-02-21T23:39:00.000Z,35.5,-82.5,,5.2,fa,,,,,ushis,ushis587,2018-06-04T20:43:44.000Z,"3 km NNE of Royal Pines, North Carolina",earthquake,,,,,reviewed,ushis,sc
1916-02-03T05:03:04.000Z,41,-117.8,,5.9,fa,,,,,ushis,ushis583,2018-06-04T20:43:44.000Z,"6 km WNW of Winnemucca, Nevada",earthquake,,,,,reviewed,ushis,sjg
1915-12-07T18:40:00.000Z,36,-90,,4.5,fa,,,,,ushis,ushis580,2018-06-04T20:43:44.000Z,"5 km NNW of Gosnell, Arkansas",earthquake,,,,,reviewed,ushis,bar
1915-11-21T00:13:42.980Z,31.932,-114.945,10,6.57,mw,,,,,iscgem,iscgem913953,2022-04-26T00:05:47.383Z,"10 km SSE of Ejido Doctor Alberto Oviedo Mota (El Indiviso), Mexico",earthquake,,3.9,0.4,,reviewed,iscgem,iscgem
1915-10-08T05:25:42.000Z,37.83,-122.25,,4.5,ml,,,,,ushis,ushis578,2018-06-04T20:43:44.000Z,"1 km WNW of Piedmont, California",earthquake,,,,,reviewed,ushis,cdmg
1915-10-03T06:53:21.210Z,40.269,-117.584,10,6.8,mw,,,,,iscgem,iscgem913944,2024-02-05T23:32:33.760Z,"The 1915 Pleasant Valley, Nevada Earthquake",earthquake,,3.9,0.3,,reviewed,iscgem,iscgem
1915-10-03T01:48:17.670Z,40.529,-118.669,15,6,mw,,,,,iscgem,iscgem913943,2022-04-26T00:05:30.869Z,"36 km WSW of Humboldt, Nevada",earthquake,,25,0.38,,reviewed,iscgem,iscgem
1915-08-18T14:04:00.000Z,48.5,-121.4,,5.6,ml,,,,,ushis,ushis575,2018-06-04T20:43:44.000Z,"4 km SE of Marblemount, Washington",earthquake,,,,,reviewed,ushis,nqt
1915-06-23T04:56:00.000Z,32.8,-115.5,,5.9,mw,,,,,ushis,ushis572,2024-02-08T23:43:40.397Z,"The 1915 Imperial Valley, California Earthquakes (Second Major Event)",earthquake,,,,,reviewed,ushis,cdmg
1915-06-23T03:59:00.000Z,32.8,-115.5,,6,mw,,,,,ushis,ushis571,2024-02-08T11:16:35.236Z,"The 1915 Imperial Valley, California Earthquakes (First Major Event)",earthquake,,,,,reviewed,ushis,cdmg
1915-05-29T06:46:00.000Z,36.08,-118.83,,5,ml,,,,,ushis,ushis570,2018-06-04T20:43:44.000Z,"5 km S of Springville, California",earthquake,,,,,reviewed,ushis,cdmg
1915-04-05T23:11:00.000Z,38.58,-119.5,,5,ml,,,,,ushis,ushis568,2018-06-04T20:43:44.000Z,"California-Nevada border region",earthquake,,,,,reviewed,ushis,cdmg
1915-01-12T04:31:00.000Z,34.6,-120.2,,5.2,ml,,,,,ushis,ushis565,2018-06-04T20:43:44.000Z,"1 km SSW of Buellton, California",earthquake,,,,,reviewed,ushis,cdmg
1914-12-28T10:42:00.000Z,37.17,-122.17,,4.5,ml,,,,,ushis,ushis564,2018-06-04T20:43:44.000Z,"6 km NW of Boulder Creek, California",earthquake,,,,,reviewed,ushis,cdmg
1914-11-09T02:31:00.000Z,37.17,-122,,4.7,ml,,,,,ushis,ushis563,2018-06-04T20:43:44.000Z,"2 km WNW of Lexington Hills, California",earthquake,,,,,reviewed,ushis,cdmg
1914-04-24T08:35:00.000Z,39.5,-119.8,,6.4,fa,,,,,ushis,ushis559,2018-06-04T20:43:44.000Z,"3 km SSE of Reno, Nevada",earthquake,,,,,reviewed,ushis,sjg
1914-04-24T08:34:02.930Z,39.321,-119.929,15,5.88,mw,,,,,iscgemsup,iscgemsup610326396,2022-05-09T15:19:40.258Z,"8 km NNE of Incline Village, Nevada",earthquake,,3.9,0.2,,reviewed,iscgemsup,iscgemsup
1914-03-05T20:05:00.000Z,33.5,-83.5,,4.5,fa,,,,,ushis,ushis557,2018-06-04T20:43:44.000Z,"11 km SSW of Madison, Georgia",earthquake,,,,,reviewed,ushis,sc
1914-02-18T18:17:00.000Z,39.5,-119.8,,6,fa,,,,,ushis,ushis556,2018-06-04T20:43:44.000Z,"3 km SSE of Reno, Nevada",earthquake,,,,,reviewed,ushis,sjg
1914-02-10T18:31:00.000Z,44.98,-76.92,,5.2,fa,,,,,ushis,ushis555,2018-06-04T20:43:44.000Z,"53 km W of Perth, Canada",earthquake,,,,,reviewed,ushis,sc
1912-09-12T17:27:00.000Z,37.33,-122.17,,4.5,ml,,,,,ushis,ushis539,2018-06-04T20:43:44.000Z,"6 km SSW of Los Altos Hills, California",earthquake,,,,,reviewed,ushis,cdmg
1912-08-31T04:53:00.000Z,38.92,-120.33,,4.5,ml,,,,,ushis,ushis538,2018-06-04T20:43:44.000Z,"23 km SW of Tahoma, California",earthquake,,,,,reviewed,ushis,cdmg
1912-08-18T21:09:33.000Z,35.25,-111.72,,6.2,ms,,,,,flag,flag19120818210933000,2024-08-17T23:29:28.557Z,"Near Flagstaff, Arizona",earthquake,,,,,reviewed,flag,flag
1912-01-05T03:52:00.000Z,37.33,-118.42,,5.5,ml,,,,,ushis,ushis528,2025-08-24T00:23:29.525Z,"4 km SSW of Bishop, California",earthquake,,,,,reviewed,ushis,cdmg
1912-01-02T16:21:00.000Z,41.5,-88.5,,4.5,mfa,,,,,ushis,ushis526,2025-08-23T23:53:54.506Z,"Between Morris and Yorkville, Illinois",earthquake,,,,,reviewed,ushis,sc
1911-08-11T23:40:00.000Z,33.8,-116.7,,4.5,ml,,,,,ushis,ushis522,2025-08-16T21:54:37.241Z,"San Jacinto Mountains, California",earthquake,,,,,reviewed,ushis,cdmg
1911-07-01T21:59:58.350Z,37.111,-121.637,10,6.45,mw,,,,,iscgem,iscgem16958150,2024-02-06T00:11:00.472Z,"Near Morgan Hill, California",earthquake,,4.6,0.2,,reviewed,iscgem,iscgem
1911-06-02T22:34:00.000Z,44.2,-98.2,,4.5,mfa,,,,,ushis,ushis520,2025-08-14T23:08:02.132Z,"South of Huron, South Dakota",earthquake,,,,,reviewed,ushis,bar
1911-03-11T21:29:00.000Z,36.83,-121.42,,4.5,ml,,,,,ushis,ushis518,2025-08-14T21:06:10.353Z,"Near Hollister, California",earthquake,,,,,reviewed,ushis,cdmg
1910-12-31T12:11:00.000Z,36.8,-122.1,,5.7,ml,,,,,cdmg,cdmg19101231121100000,2025-08-02T23:50:32.728Z,"Monterey Bay area, California",earthquake,,,,,reviewed,cdmg,cdmg
1910-11-22T06:05:00.000Z,38,-118,,5.5,mint,,,,,ushis,ushis516,2025-08-01T23:14:47.293Z,"Near Tonopah Junction, Nevada",earthquake,,,,,reviewed,ushis,nn
1910-11-22T00:30:00.000Z,38,-118,,5,mint,,,,,official,official19101122003000000,2025-08-01T22:49:03.797Z,"Near Tonopah Junction, Nevada",earthquake,,,,,reviewed,official,official
1910-11-21T23:23:00.000Z,38,-118,,6.1,mint,,,,,ushis,ushis515,2025-08-01T22:24:38.558Z,"Near Tonopah Junction, Nevada",earthquake,,,,,reviewed,ushis,nn
1910-11-19T02:25:00.000Z,38,-118,,5.5,mint,,,,,ushis,ushis514,2025-07-31T23:41:22.862Z,"Near Tonopah Junction, Nevada",earthquake,,,,,reviewed,ushis,nn
1910-11-07T17:20:00.000Z,37.5,-117,,5.5,mint,,,,,ushis,ushis513,2025-07-31T23:14:48.990Z,"Near Goldfield, Nevada",earthquake,,,,,reviewed,ushis,nn
1910-09-24T04:05:00.000Z,35.69,-111.67,,6,ms,,,,,flag,flag19100924040500000,2024-08-17T22:33:27.554Z,"Southwest of Cameron, Arizona",earthquake,,,,,reviewed,flag,flag
1910-05-22T14:28:00.000Z,40.7,-111.8,,5.28,mint,,,,,ushis,ushis507,2025-07-24T22:59:40.211Z,"Near Salt Lake City, Utah",earthquake,,,,,reviewed,ushis,uu
1910-05-15T15:47:00.000Z,33.7,-117.4,,6,ml,,,,,ushis,ushis506,2025-07-24T00:41:51.209Z,"The 1910 Lake Elsinore, California Earthquake",earthquake,,,,,reviewed,ushis,cdmg
1910-05-13T06:20:00.000Z,33.7,-117.4,,5,ml,,,,,ushis,ushis504,2025-07-24T00:29:26.712Z,"Near Lake Elsinore, California",earthquake,,,,,reviewed,ushis,cdmg
1910-05-06T16:40:00.000Z,37.33,-118.42,,6,ml,,,,,ushis,ushis503,2025-07-20T23:28:52.461Z,"Near Bishop, California",earthquake,,,,,reviewed,ushis,cdmg
1910-04-19T08:30:00.000Z,46,-112.5,,5.4,uk,,,,,ushis,ushis502,2025-07-22T23:28:15.302Z,"Near Butte, Montana",earthquake,,,,,reviewed,ushis,mmt
1910-04-11T07:57:00.000Z,33.7,-117.4,,5,ml,,,,,ushis,ushis501,2025-07-24T00:18:07.451Z,"Near Lake Elsinore, California",earthquake,,,,,reviewed,ushis,cdmg
1910-03-19T00:11:00.000Z,40,-125,,6,ms,,,,,ushis,ushis500,2025-07-18T23:32:44.393Z,"Offshore Humboldt County, California",earthquake,,,,,reviewed,ushis,cfr
1910-03-11T06:52:00.000Z,36.95,-121.7,,5.8,ms,,,,,cdmg,cdmg19100311065200000,2025-07-19T00:01:21.269Z,"Near Watsonville, California",earthquake,,,,,reviewed,cdmg,cdmg
1910-01-12T03:00:00.000Z,38.683,-112.15,,4.81,mint,,,,,uu,uu19100112030000000,2025-07-18T00:41:21.854Z,"Near Elsinore, Utah",earthquake,,,,,reviewed,uu,uu
1910-01-10T13:00:00.000Z,38.683,-112.15,,4.81,mint,,,,,uu,uu19100110130000000,2025-07-18T00:37:09.843Z,"Near Elsinore, Utah",earthquake,,,,,reviewed,uu,uu
1909-11-22T15:21:00.000Z,36.7,-121.4,,4.5,ml,,,,,ushis,ushis496,2025-06-30T00:25:16.314Z,"South of Hollister, California",earthquake,,,,,reviewed,ushis,cdmg
1909-10-29T06:45:00.000Z,40.5,-124.2,,6,mw,,,,,ushis,ushis495,2025-06-29T23:20:30.777Z,"Near Rio Dell, California",earthquake,,,,,reviewed,ushis,cdmg
1909-10-23T07:10:00.000Z,37,-89.5,,4.5,mfa,,,,,ushis,ushis494,2025-06-28T22:03:02.294Z,"Southeastern Missouri",earthquake,,,,,reviewed,ushis,bar
1909-10-06T02:41:00.000Z,41.8,-112.7,,5.58,mint,,,,,ushis,ushis493,2025-06-28T00:36:49.779Z,"Hansel Valley, Utah",earthquake,,,,,reviewed,ushis,uu
1909-09-27T09:45:00.000Z,39.8,-87.2,,5.1,mfa,,,,,ushis,ushis492,2025-06-27T00:16:56.339Z,"Wabash River Valley, Indiana",earthquake,,,,,reviewed,ushis,sc
1909-07-19T04:34:00.000Z,40.02,-89.78,,4.5,mfa,,,,,official,official19090719043400000,2025-06-23T23:58:46.454Z,"Near Petersburg, Illinois",earthquake,,,,,reviewed,official,official
1909-06-23T07:24:00.000Z,39.5,-121,,5.9,ml,,,,,cdmg,cdmg19090623072400000,2025-06-20T00:18:45.457Z,"West of Downieville, California",earthquake,,,,,reviewed,cdmg,cdmg
1909-05-26T14:42:00.000Z,41.74,-88.46,,5,mfa,,,,,official,official19090526144200000,2025-06-19T23:02:59.633Z,"Near Aurora, Illinois",earthquake,,,,,reviewed,official,official
1909-05-16T04:15:00.000Z,48.81,-105.38,,5.4,mint,,,,,official,official19090516041500000,2025-06-11T19:11:06.219Z,"Northeastern Montana",earthquake,,,,,reviewed,official,official
1909-03-03T12:00:00.000Z,39.4,-120.9,,5,ml,,,,,ushis,ushis483,2025-06-06T00:26:23.755Z,"Nevada County, California",earthquake,,,,,reviewed,ushis,cdmg
1909-02-14T15:55:00.000Z,38.1,-121.7,,4.5,ml,,,,,ushis,ushis481,2025-06-06T00:05:50.963Z,"Near Rio Vista, California",earthquake,,,,,reviewed,ushis,cdmg
1909-01-11T23:46:00.000Z,48.7,-122.8,,6,ml,,,,,uw,uw19090111234600000,2025-06-02T00:27:11.425Z,"San Juan Islands, Washington",earthquake,,,,,reviewed,uw,uw
1908-11-04T08:37:00.000Z,36,-117,,6,ms,,,,,ushis,ushis478,2025-01-05T00:17:33.784Z,"Death Valley area, California",earthquake,,,,,reviewed,ushis,cdmg
1908-08-18T10:59:00.000Z,40.8,-124,,5.8,mfa,,,,,ushis,ushis476,2024-12-28T23:47:15.766Z,"Near Eureka, California",earthquake,,,,,reviewed,ushis,cdmg
1908-04-25T11:33:00.000Z,36.6,-121.8,,4.5,ml,,,,,ushis,ushis473,2024-11-10T01:04:11.209Z,"Near Monterey, California",earthquake,,,,,reviewed,ushis,cdmg
1907-10-16T13:57:22.760Z,29.379,-113.059,15,7.44,mw,,,,,iscgem,iscgem914271,2022-04-26T00:10:29.409Z,"69 km SSW of La Libertad, Mexico",earthquake,,25,0.38,,reviewed,iscgem,iscgem
1907-09-20T01:54:00.000Z,34.2,-117.1,,5.3,mw,,,,,ushis,ushis468,2024-10-13T23:21:12.717Z,"Near San Bernardino, California",earthquake,,,,,reviewed,ushis,hht
1906-12-19T12:00:00.000Z,34.1,-106.9,,4.5,mint,,,,,snm,snm19061219120000000,2024-08-29T16:11:49.615Z,"Near Socorro, New Mexico",earthquake,,,,,reviewed,snm,snm
1906-12-07T06:40:00.000Z,35.5,-121.2,,5.7,ml,,,,,cdmg,cdmg19061207064000000,2024-08-29T18:21:32.233Z,"Southwest of Cambria, California",earthquake,,,,,reviewed,cdmg,cdmg
1906-11-15T12:15:00.000Z,34.1,-106.9,,5.8,mint,,,,,snm,snm19061115121500000,2024-08-29T15:54:45.938Z,"Near Socorro, New Mexico",earthquake,,,,,reviewed,snm,snm
1906-07-16T19:00:00.000Z,34.1,-106.9,,5.8,mint,,,,,snm,snm19060716190000000,2024-08-29T00:17:56.072Z,"Near Socorro, New Mexico",earthquake,,,,,reviewed,snm,snm
1906-07-12T12:15:00.000Z,34.1,-106.9,,5.5,mint,,,,,snm,snm19060712121500000,2024-08-28T23:20:02.443Z,"Near Socorro, New Mexico",earthquake,,,,,reviewed,snm,snm
1906-07-02T10:15:00.000Z,34.1,-106.9,,4.5,mint,,,,,snm,snm19060702101500000,2024-08-28T22:53:55.738Z,"Near Socorro, New Mexico",earthquake,,,,,reviewed,snm,snm
1906-04-23T09:10:00.000Z,41,-124.5,,6.4,ms,,,,,cdmg,cdmg19060423091000000,2024-08-19T23:44:07.533Z,"Northwest of Eureka, California",earthquake,,,,,reviewed,cdmg,cdmg
1906-04-19T00:30:00.000Z,32.9,-115.5,,6.28,mw,,,,,ushis,ushis451,2024-08-20T22:41:44.780Z,"The 1906 Imperial Valley, California Earthquake",earthquake,,,,,reviewed,ushis,hht
1906-04-18T13:12:26.300Z,37.75,-122.55,11.7,7.9,mw,,,,,official,official19060418131226300_12,2024-09-04T23:50:00.788Z,"The 1906 San Francisco, California Earthquake",earthquake,10,7,,,reviewed,official,official
1906-04-10T21:22:53.950Z,24.684,-110.436,15,7.29,mw,,,,,iscgem,iscgem16957902,2022-04-25T20:24:49.639Z,"61 km NNW of La Paz, Mexico",earthquake,,25,0.39,,reviewed,iscgem,iscgem
1906-03-03T20:25:00.000Z,33,-117,,4.5,ml,,,,,ushis,ushis449,2024-08-18T00:18:44.689Z,"San Diego County, California",earthquake,,,,,reviewed,ushis,cdmg
1906-01-25T20:32:30.000Z,35.2,-111.7,,6.2,ms,,,,,official,official19060125203230000,2024-08-17T21:42:35.343Z,"Near Flagstaff, Arizona",earthquake,,,,,reviewed,official,flag
1905-12-23T22:23:00.000Z,35.3,-118.8,,5.8,ml,,,,,ushis,ushis445,2024-07-24T00:41:14.881Z,"Near Bakersfield, California",earthquake,,,,,reviewed,ushis,cdmg
1905-11-11T21:26:00.000Z,42.9,-114.5,,5.5,mfa,,,,,uu,uu19051111212600000,2024-07-21T23:10:54.522Z,"Near Shoshone, Idaho",earthquake,,,,,reviewed,uu,uu
1905-08-22T05:08:00.000Z,37.56,-89.62,,4.6,mfa,,,,,official,official19050822050800000,2024-08-14T22:57:36.000Z,"Ste. Genevieve Fault Zone, Missouri",earthquake,,,,,reviewed,official,official
1905-07-27T00:20:00.000Z,47.24,-88.45,,4.5,mfa,,,,,ushis,ushis438,2024-07-18T23:24:16.800Z,"Near Calumet, Michigan",earthquake,,,,,reviewed,ushis,sc
1905-07-15T10:10:00.000Z,44.2,-70,,4.5,mfa,,,,,wes,wes19050715101000000,2024-07-18T22:33:51.483Z,"Near Sabattus, Maine",earthquake,,,,,reviewed,wes,wes
1905-05-26T02:50:00.000Z,36.5,-120.6,,6.1,mw,,,,,cdmg,cdmg19050526025000000,2024-07-24T21:37:03.252Z,"Northwest of Huron, California",earthquake,,,,,reviewed,cdmg,cdmg
1905-01-06T14:30:00.000Z,35.5,-118.7,,5,ml,,,,,ushis,ushis432,2024-06-19T22:10:13.150Z,"30 km ENE of Bakersfield, California",earthquake,,,,,reviewed,ushis,cdmg
1904-07-30T10:26:00.000Z,38.5,-122,,4.5,ml,,,,,ushis,ushis430,2024-05-27T09:07:25.737Z,"Southwest of Woodland, California",earthquake,,,,,reviewed,ushis,cdmg
1904-04-16T09:20:00.000Z,40.5,-122.4,,4.5,ml,,,,,ushis,ushis428,2024-05-24T21:56:15.390Z,"9 km S of Redding, California",earthquake,,,,,reviewed,ushis,cdmg
1904-03-21T06:04:00.000Z,45,-67.2,,5.7,mw,,,,,ushis,ushis426,2024-05-16T00:03:05.281Z,"Passamaquoddy Bay area, Maine",earthquake,,,,,reviewed,ushis,ott
1904-03-17T04:18:00.000Z,47.8,-123,,5.3,mfa,,,,,uw,uw19040317041800000,2024-05-15T23:38:57.080Z,"Eastern Olympic Peninsula, Washington",earthquake,,,,,reviewed,uw,uw
1903-11-04T19:14:00.000Z,36.59,-89.58,,4.7,mfa,,,,,official,official19031104191400000,2024-08-14T22:52:20.000Z,"New Madrid, Missouri region",earthquake,,,,,reviewed,official,official
1903-11-04T18:18:00.000Z,36.5,-89.5,,4.6,mfa,,,,,ushis,ushis422,2024-05-08T00:35:08.961Z,"New Madrid, Missouri region",earthquake,,,,,reviewed,ushis,sc
1903-08-03T06:49:00.000Z,37.3,-121.8,,6.2,mw,,,,,ushis,ushis421,2024-05-04T23:28:20.722Z,"Near San Jose, California",earthquake,,,,,reviewed,ushis,cdmg
1903-07-24T20:26:00.000Z,39.5,-122,,4.5,ml,,,,,ushis,ushis419,2024-05-04T22:38:00.221Z,"Near Willows, California",earthquake,,,,,reviewed,ushis,cdmg
1903-06-11T13:12:00.000Z,37.2,-121.8,,6.1,mw,,,,,cdmg,cdmg19030611131200000,2024-05-04T00:40:19.959Z,"Near San Jose, California",earthquake,,,,,reviewed,cdmg,cdmg
1903-03-14T02:30:00.000Z,47.7,-122.2,,4.9,mfa,,,,,uw,uw19030314023000000,2024-05-02T21:13:57.953Z,"Near Kirkland, Washington",earthquake,,,,,reviewed,uw,uw
1903-01-24T05:27:00.000Z,31.5,-115,,6.6,ms,,,,,official,official19030124052700000,2024-04-30T23:49:10.661Z,"Colorado River Delta area, Baja California, Mexico",earthquake,,,,,reviewed,official,official
1902-12-12T23:10:00.000Z,29,-114,,7.1,mw,,,,,cent,cent19021212231000000,2025-05-22T23:16:05.111Z,"Baja California, Mexico",earthquake,,,,,reviewed,cent,cent
1902-12-05T00:00:00.000Z,37.4,-113.5,,4.8,mint,,,,,ushis,ushis409,2022-11-27T23:04:53.561Z,"Near Pine Valley, Utah",earthquake,,,,,reviewed,ushis,uu
1902-11-17T19:50:00.000Z,37.4,-113.5,,6.3,mint,,,,,ushis,ushis408,2022-11-27T22:54:19.228Z,"Near Pine Valley, Utah",earthquake,,,,,reviewed,ushis,uu
1902-07-31T09:20:00.000Z,34.7,-120.3,,5.8,ml,,,,,ushis,ushis406,2024-03-20T09:48:13.903Z,"Near Los Alamos, California",earthquake,,,,,reviewed,ushis,cdmg
1902-07-28T06:57:00.000Z,34.8,-120.4,,5.8,ml,,,,,ushis,ushis404,2024-03-19T17:42:46.727Z,"Near Los Alamos, California",earthquake,,,,,reviewed,ushis,cdmg
1902-06-11T02:45:00.000Z,33.7,-117.1,,4.5,ml,,,,,ushis,ushis403,2024-03-18T07:46:32.303Z,"Near Winchester, California",earthquake,,,,,reviewed,ushis,cdmg
1902-05-19T18:31:00.000Z,38.3,-121.9,,5.4,ml,,,,,ushis,ushis402,2024-03-14T07:13:32.747Z,"South of Elmira, California",earthquake,,,,,reviewed,ushis,cdmg
1902-01-24T10:48:00.000Z,38.6,-90.3,,4.5,mfa,,,,,ushis,ushis401,2024-03-14T06:08:52.091Z,"Near St. Louis, Missouri",earthquake,,,,,reviewed,ushis,sc
1901-12-09T02:17:00.000Z,26,-110,,7.1,mw,,,,,cent,cent19011209021700000,2025-05-01T00:18:06.958Z,"Gulf of California",earthquake,,,,,reviewed,cent,cent
1901-11-14T04:39:00.000Z,38.5,-112.4,,6.6,mw,,,,,uu,uu19011114043900000,2024-03-12T08:42:50.712Z,"Near Marysvale, Utah",earthquake,,,,,reviewed,uu,uu
1901-07-26T22:20:00.000Z,40.8,-115.7,,5,mfa,,,,,ushis,ushis395,2024-03-02T23:42:40.912Z,"Near Elko, Nevada",earthquake,,,,,reviewed,ushis,sjg
1901-03-03T07:45:00.000Z,36,-120.5,,6.4,ms,,,,,ushis,ushis393,2023-12-23T01:31:35.183Z,"Near Parkfield, California",earthquake,,,,,reviewed,ushis,ell
1900-04-30T22:41:14.000Z,36.9,-121.6,,4.5,ml,,,,,ushis,ushis389,2023-12-04T00:47:36.941Z,"Near Aromas, California",earthquake,,,,,reviewed,ushis,cdmg
